Country,Year,soc_age_dependency,env_co2_cba,env_co2_gdp,env_co2_capita,env_co2_pba,soc_edu_compul_yrs,gov_cpi_aop,gov_cpi_eop,gov_inflation,gov_corruption,gov_account_bal,gov_export_price,soc_female_mgrs,soc_broadband,gov_gdp_capita,gov_gdp_const,gov_gdp_growth,gov_gdp_ppp_const,gov_gdp_ppp_curr,soc_gini_index,gov_effectiveness,soc_immun_dpt,soc_immun_hepb,soc_immun_measles,soc_mort_infant,soc_internet_users,soc_life_expect,soc_edu_low_sec,soc_mort_maternal,soc_mort_general,soc_mort_road,soc_mort_poison,soc_mort_u5_tot,soc_mort_u5_fem,soc_mort_u5_male,env_nd_gain_idx,soc_mort_neonatal,soc_net_migration,soc_open_defec,soc_water_basic,soc_sanit_basic,soc_water_safe,soc_sanit_safe_rur,soc_sanit_safe_urb,env_pm25_exp,gov_pol_stability,soc_pov_190,soc_pov_national,soc_edu_pre_dur,soc_edu_pri_dur,soc_sanit_improved,soc_women_parl,soc_health_exp,gov_real_gdp_gr,gov_reg_quality,env_renew_elec,env_renew_cons,gov_rd_expend,gov_researchers,gov_rule_law,soc_gpi_primary,soc_gpi_pri_sec,soc_gpi_secondary,soc_edu_sec_dur,soc_youth_idle,soc_suicide_rate,gov_terms_trade,soc_unempl_gen,soc_unempl_ilo,soc_unempl_nat,soc_unempl_y_ilo,soc_unempl_y_nat,gov_voice_acc,gov_esg_score,tour_arrivals,tour_nights,tour_avg_stay,population,tour_night_pop,tour_arrival_pop,area_km2,tour_arr_density,tour_night_density,gov_reer,log_arrivals,arrivals_per_capita,arrivals_per_km2
Austria,2000,48.1072,115466.6,0.1553,8.3243,79800,9,91.155,91.625,4.967,92.5532,-1393000000,44.2245,28.131,2.3774,24498.114,38571.0859,2.9417,53599.6092,29214.7386,29,94.5355,82.47,33,75,4.5,33.7,78.1268,101.3309,7,90.0745,12.5,0.18,5.5,4.9,6,65.8572,3.1,17631,0,100,99.992054,96.7192,99.2627,99.986396,19.1506,76.1905,0,13.2,6,4,99.68536700000001,26.776,6.8258,3.19,92.9348,73.1628,26.4,1.886,2992.2209,98.0099,0.9897,0.9697,0.9594,8,7.925,19.75,113.6098,89.4385,4.687,4.687,6.285,6.302,90.0498,17.7,22649293,90710626,4.005009162979171,8011566,11.322458805182407,2.8270743822119173,83878,270.02662199861703,1081.4590953527743,100.03885,16.935639239429598,2827.0743822119175,270.02662199861703
Austria,2001,47.6679,117636.4,0.1641,8.8751,83800,9,93.253,93.242,3.979,93.102,-1573000000,46.3248,29.377,3.9865,24430.662,38929.7538,0.9299,54098.0256,29556.4036,29.166666666666668,94.83529999999999,84,44,79,4.5,39.2,78.5756,101.3309,6,90.2192,12.2,0.16,5.4,4.8,5.9,66.2867,3.1,39866,0,100,99.992054,96.8905,99.2627,99.986396,18.9471,85.44975,0.09999999999999999,13.2,6,4,99.68536700000001,26.776,6.8265,1.317,92.9539,69.84,25.5,1.9921,2992.2209,97.76115,0.9897,0.9696,0.9592,8,8.088,18.51,112.2647,90.5416,4.007,4.007,6.001,6.02694,90.79605000000001,16.69,23138868,92137558,3.981938874451421,8042293,11.45662785476729,2.877148096942004,83878,275.8633729941105,1098.4710889625408,99.56302,16.95702440213082,2877.1480969420036,275.8633729941105
Austria,2002,47.2189,118022.5,0.1658,9.0592,85600,9,94.821,94.811,4.114,93.6508,4504000000,51.5117,30.776,5.5806,26315.717,39313.7226,0.9863,54631.6009,30952.1708,29.333333333333332,95.1351,83,81,78,4.4,36.6,78.678,101.3309,6,90.3781,12.1,0.2,5.3,4.8,5.8,66.5868,3,37508,0,100,99.992054,97.0618,99.2627,99.986396,18.7785,94.709,0.19999999999999998,13.2,6,4,99.68536700000001,30.3279,6.8993,1.484,92.973,69.9014,24.7,2.066,2992.2209,97.5124,0.9903,0.9644,0.9515,8,6.093,19.41,112.4281,88.5735,4.852,4.852,7.137,7.159,91.5423,9.75,23562277,93770689,3.979695553192928,8081957,11.602473138622242,2.915417268367055,83878,280.91128782279026,1117.941402990057,98.7322,16.975157601377454,2915.417268367055,280.91128782279026
Austria,2003,46.8524,127257,0.175,9.6246,91100,9,96.055,96.078,3.578,94.709,4059999999.9999995,63.6071,28.498,7.3991,32114.633,39569.2886,0.6501,54986.7436,31962.9255,29.5,97.2973,84,83,79,4.3,42.7,78.6317,102.2359,6,90.4511,11.7,0.19,5.2,4.7,5.7,66.4465,3,44362,0,100,99.992054,97.233,99.2627,99.986396,18.6169,80.402,0.3,13,6,4,99.68536700000001,33.8798,6.9827,1.142,91.8919,62.137,22.6,2.1746,3089.5874,96.5174,0.9942,0.9634,0.9485,8,7.252,17.99,111.2572,88.4393,4.779,4.779,7.429,7.454,91.5423,15.4,24333718,95239650,3.9138963474467814,8121423,11.72696582852537,2.996238220814259,83878,290.10846705930044,1135.4544695867808,98.66398,17.007373559634026,2996.238220814259,290.10846705930044
Austria,2004,46.9769,130786.9,0.1738,9.7412,90800,9,97.941,98.492,4.073,97.0443,6255000000,77.5073,23.024,10.6442,36608.939,40333.3307,1.9309,56048.4807,33523.0205,29.8,93.0348,83,83,74,4.2,54.3,79.1805,102.33266666666667,6,90.6561,11,0.14,5.1,4.5,5.5,66.7651,2.9,55007,0,100,99.992054,97.4043,99.2627,99.986396,18.4343,84.9515,0.1,12.6,6,4,99.68536700000001,33.8798,6.9961,2.565,91.5423,65.4324,23.2,2.1661,3186.9539,96.1538,1.0015,0.963,0.9449,8,9.639,17.38,109.8231,83.4953,5.969,5.969,10.991,10.997,92.7885,13.32,24765560,95258076,3.84639297476011,8171966,11.656690201598979,3.030551032640126,83878,295.25692076587427,1135.6741457831613,98.42558,17.024964576685516,3030.5510326401263,295.25692076587427
Austria,2005,47.5504,131126.2,0.1716,9.7729,92000,9,100,100,3.875,95.1219,7143000000,81.9639,21.504,14.2663,38190.312,40989.0132,1.6257,56959.638,34776.67,28.7,92.6471,86,86,75,4.1,58,79.3317,102.42943333333334,6,92.7264,9.6,0.16,4.9,4.4,5.4,67.2262,2.8,50676,0,100,99.992054,97.5755,99.2627,99.986396,18.2028,86.4078,0.2,12.6,6,4,99.68536700000001,33.8798,6.9942,2.32,95.098,64.6807,24.4,2.3732,3470.7263,97.6077,0.9985,0.9663,0.9516,8,11.842,17.22,107.8835,84.6158,5.682,5.682,11.178,11.183,90.3846,14.76,25555868,97030589,3.7968027147424617,8227829,11.792975887077867,3.1060280907636755,83878,304.6790338348554,1156.806182789289,97.69291,17.056377554693423,3106.0280907636757,304.6790338348554
Austria,2006,48.0319,131221,0.1617,9.4656,89100,9,101.686,101.629,3.779,94.6341,11080000000,89.5389,20.956,17.3158,40387.725,42120.1558,2.7596,58531.5098,37396.0351,29.6,96.0976,83,83,80,4,63.6,79.8805,102.5262,6,92.9408,9.1,0.33,4.8,4.3,5.2,68.7299,2.8,25787,0,100,99.992054,97.7468,99.2627,99.986396,17.8025,86.4734,0.1,12,6,4,99.68536700000001,32.2404,6.9434,3.269,96.0784,66.5651,26.6,2.3592,3536.8228,98.5646,0.9917,0.9699,0.9601,8,11.22,16.28,106.5497,86.0467,5.32,5.32,10.046,10.051,93.75,17.17,26508469,98129546,3.7018186904720904,8268641,11.867675232241913,3.2059039689835367,83878,316.0360165955316,1169.9080330956865,97.04626,17.092974862529527,3205.9039689835367,316.0360165955316
Austria,2007,48.2158,130576.9,0.1502,9.0939,86300,9,103.923,105.153,5.195,96.1165,14800000000,107.1317,20.997,19.5493,46630.129,43568.8303,3.4394,60544.634,39193.8174,30.6,96.6019,85,85,79,3.9,69.4,80.1805,102.7783,6,93.0594,8.6,0.36,4.6,4.2,5.1,69.3695,2.7,24616,0,100,99.9911,97.9181,99.2627,99.9847,17.2316,96.1353,0.4,15.2,6,4,99.6833,32.7869,6.9393,3.775,96.1165,69.6375,29,2.4184,3823.6313,99.5215,0.9877,0.9688,0.9605,8,10.707,15.98,107.1542,86.8328,4.909,4.909,9.596,9.601,94.7115,15.24,27563291,100664352,3.6521165778063294,8295487,12.13483331358364,3.3226850937142087,83878,328.61168602017216,1200.1281861751593,96.39653,17.131995445452382,3322.6850937142085,328.61168602017216
Austria,2008,48.2132,130809,0.1477,9.0413,86100,9,107.28,106.697,4.581,93.6893,19397000000,118.7003,25.193,20.7731,51575.468,44063.8642,1.1362,61232.5489,41046.79,30.4,94.6602,83,83,83,3.8,72.9,80.4317,102.9957,6,93.0932,8.4,0.21,4.5,4.1,5,69.2109,2.6,25405,0,100,99.9893,98.0893,99.2627,99.9816,16.6393,98.5577,0.5,14.5,6,4,99.6794,27.3224,7.1763,1.453,94.1748,70.1078,29.7,2.5694,4152.7549,98.5577,0.9834,0.9656,0.9579,8,10.366,15.72,104.2503,88.4828,4.198,4.198,8.72,8.725,94.2308,15.3,28833247,104709683,3.631560573112005,8321496,12.583035910850645,3.464911477455496,83878,343.75219962326236,1248.356935072367,95.6433,17.177039723692047,3464.911477455496,343.75219962326236
Austria,2009,48.254,121247.4,0.1385,8.157,79400,9,107.715,107.819,3.16,92.823,10420000000,89.6942,23.252,22.5106,47816.021,42372.4758,-3.8385,58882.1417,40665.5047,31.5,93.7799,83,83,76,3.7,73.5,80.3317,102.4618,6,93.1182,7.8,0.21,4.4,4,4.9,68.3629,2.6,18222,0,100,99.9876,98.2606,99.2627,99.9785,16.1746,90.9953,0.7,14.7,6,4,99.6756,27.8689,7.4492,-3.586,92.3445,72.3,31.3,2.5967,4157.9302,96.2085,0.9889,0.9652,0.9551,8,11.726,15.84,106.1967,85.2945,5.371,5.371,10.896,10.903,94.7867,18.77,28566589,102833458,3.5997807788672285,8343323,12.325239955351122,3.4238862621044395,83878,340.57308233386584,1225.9884355850163,97.00593,17.167748411115667,3423.8862621044395,340.57308233386584
Austria,2010,48.1046,126027.4,0.1475,8.8237,84200,9,109.537,110.173,4.151,91.9048,11207000000,99.8895,25.422,24.5114,46662.235,43035.4075,1.5645,59803.3727,41740.1149,30.3,97.1292,86,86,80,3.6,75.2,80.5805,100.8644,6,93.7748,6.8,0.29,4.3,3.9,4.7,68.7964,2.5,22570,0,100,99.9858,98.4318,99.2627,99.9753,15.9866,89.0995,0.5,14.5,6,4,99.6718,27.8689,7.3996,1.809,92.3445,67.7558,31.1,2.7261,4379.1821,96.6825,0.9871,0.9687,0.9607,8,10.788,16.05,103.5135,86.8393,4.883,4.883,9.673,9.68,95.2607,18.34,29700112,103942335,3.4997287215617234,8363404,12.4282331691737,3.5511990093985655,83878,354.0870311643101,1239.208552898257,96.34153,17.206661408479494,3551.1990093985655,354.0870311643101
Austria,2011,47.8895,125332.6,0.1402,8.6032,81800,10,113.417,113.913,4.669,89.5735,7038000000,116.172,26.074,24.9926,51126.851,44146.1958,2.5811,61346.9594,44171.5619,30.8,92.891,89,89,84,3.5,78.7,80.9829,101.9843,6,93.9146,6.4,0.2,4.2,3.8,4.6,68.7689,2.4,31887,0,100,99.9841,98.6031,99.2627,99.9722,16.3676,91.4692,0.4,14.4,6,4,99.6679,27.8689,7.2879,2.927,90.5213,67.5416,31.6,2.6687,4430.5356,96.7136,0.9905,0.9701,0.961,8,10.559,16.26,100.3036,87.5837,4.637,4.637,9.173,9.179,94.8357,19.69,30906198,105339662,3.4083668913271055,8391643,12.552924617980056,3.6829734058038457,83878,368.4660816900737,1255.8675934094756,97.05992,17.24646733663423,3682.9734058038457,368.4660816900737
Austria,2012,48.0162,122753.1,0.1332,8.1883,79300,10,116.33,117.232,3.842,89.5735,6074000000,109.0898,27.132,25.2645,48302.044,44221.46,0.1705,61451.549,46156.4832,30.5,92.891,92,92,88,3.4,80,80.9366,100.1577,6,93.9429,6.4,0.22,4,3.6,4.4,69.2193,2.4,45014,0,100,99.9823,98.7744,99.2627,99.969,14.7199,96.2085,0.6,14.4,6,4,99.6664,27.8689,7.4325,0.628,91.4692,76.0603,34.4,2.9147,4720.811,97.6526,0.9917,0.9716,0.9624,8,10.158,16.17,98.8991,86.8414,4.909,4.909,9.561,9.568,95.3052,19.34,32325646,109540720,3.3886629829454917,8429991,12.994168083927967,3.8346002979125364,83878,385.3888504733065,1305.9529316388086,97.23077,17.29137149788979,3834.6002979125365,385.3888504733065
Austria,2013,48.3092,122119.7,0.1347,8.2092,79500,10,118.794,119.561,3.191,90.5213,7459000000,114.6786,26.329,26.3223,50321.474,43851.3675,-0.8369,60937.2568,47519.8523,30.8,92.891,95,95,92,3.3,80.6,81.1366,100.0143,6,93.8884,5.5,0.17,3.9,3.5,4.3,69.8938,2.4,56726,0,100,99.9805,98.9126,99.2627,99.9659,14.6599,96.2085,0.3,14.1,6,4,99.6659,33.3333,7.4231,-0.251,91.4692,79.3682,34.6,2.9549,4782.124,97.6526,0.989,0.973,0.9656,8,10.341,16.09,99.3175,86.0163,5.367,5.367,9.767,9.774,95.7747,19.23,32940265,110687373,3.360245371432197,8479823,13.053028701188692,3.8845462930063515,83878,392.7163857030449,1319.623417344238,98.02496,17.310206357969566,3884.5462930063513,392.7163857030449
Austria,2014,48.5645,115848.9,0.1266,7.7143,75700,10,120.535,120.526,2.813,90.8654,10515000000,116.693,27.848,27.5977,51342.747,43838.8347,-0.0286,60919.8407,48355.4978,30.5,91.3462,98,98,96,3.2,81,81.4902,98.4089,7,93.9895,5.1,0.16,3.8,3.4,4.1,70.4329,2.3,74375,0,100,99.9786,98.911,99.2627,99.9628,12.9541,95.2381,0.2,13.9,6,4,99.6654,32.2404,7.5186,0.756,91.3462,82.5402,35.7,3.0843,5009.4419,96.6346,0.9936,0.9723,0.9625,8,10.759,16.59,99.1404,85.1787,5.674,5.674,10.508,10.517,94.5813,17.01,33646592,110440776,3.2823762953466433,8546356,12.922557403412636,3.9369518423992633,83878,401.13727079806387,1316.683468847612,99.40557,17.331422360786426,3936.951842399263,401.13727079806387
Austria,2015,48.7327,118044.4,0.1277,7.7949,78100,10,121.511,121.817,2.79,90.4762,5986000000,100,27.876,28.4069,43986.748,43915.228,0.1743,61025.9993,49562.5939,30.5,89.0476,93,93,96,3.1,83.9,81.1902,99.813,7,94.4656,5.7,0.11,3.7,3.4,4,70.4107,2.3,115175,0,100,99.9767,98.9094,99.2627,99.9596,13.6,90,0.7,14.1,6,4,99.665,30.6011,7.5119,1.303,91.4286,78.1279,34.8,3.0497,5073.4287,96.1905,0.991,0.9728,0.9643,8,11.038,16.07,100,84.8071,5.802,5.802,10.91,10.922,94.0887,17.38,35350102,113365901,3.206946927621312,8642699,13.116955825952054,4.090169286238014,83878,421.4466487040702,1351.5570352178163,100,17.380811864022554,4090.169286238014,421.4466487040702
Austria,2016,48.9559,129011.1,0.1259,7.7584,78100,10,122.693,123.748,2.932,90.9524,10132000000,99.582,29.517,28.8776,45032.903,44362.6703,1.0189,61647.7793,52397.8635,30.8,90.9524,87,87,95,3,84.3,81.6415,95.8072,6,94.8147,5.2,0.13,3.6,3.3,4,69.6161,2.2,65976,0,100,99.9748,98.9078,99.2627,99.9565,12.5144,77.1429,0.7,14.4,6,4,99.6645,30.6011,7.4909,2.117,91.4286,79.2285,34.6,3.1165,5400.3477,95.7143,0.9949,0.972,0.9612,8,10.914,15.63,100.306,83.9149,6.064,6.064,11.424,11.428,93.5961,15.77,37090751,117957253,3.1802336113388483,8736668,13.50140041947342,4.245411523019989,83878,442.1988006390233,1406.2954886859486,100.93754,17.428878224266978,4245.411523019989,442.1988006390233
Austria,2017,49.3109,132221.9,0.1273,7.9688,78100,13,125.427,126.632,3.326,90.4762,5244000000,110.0165,29.191,28.5426,47055.738,45056.6387,1.5643,62612.1399,53869.8321,29.7,90.9524,90,90,96,3,87.9,81.6439,98.5185,6,94.838,4.9,0.14,3.6,3.3,3.9,69.8126,2.2,45478,0,100,99.9729,98.9062,99.2627,99.9534,12.1558,85.2381,0.3,14.3,6,4,99.664,34.4262,7.664,2.272,90.9524,77.0242,34,3.0566,5416.0801,97.1429,0.9973,0.9717,0.9596,8,10.454,15.5,98.7763,85.6974,5.561,5.561,9.971,9.979,95.0739,15.69,38586622,121126543,3.1390812857368027,8797566,13.76818804201071,4.3860565524600785,83878,460.03269033596416,1444.0800090607788,101.40483,17.46841621996706,4386.056552460079,460.03269033596416
Austria,2018,49.6839,119783.5,0.119,7.5999,78100,13,128.088,128.804,3.579,90.9524,3830000000,121.009,28.858,28.515,50963.207,45951.5819,1.9863,63855.7815,56636.4953,30.8,90.9524,85,85,94,3,87.5,81.6927,96.509,7,94.8783,4.8,0.049,3.5,3.2,3.9,69.8594,2.2,35296,0,100,99.9728,98.9045,99.2627,99.9534,12.5862,77.3585,0.6,13.3,6,4,99.6654,34.4262,7.7071,2.484,91.4286,78.1654,34.1,3.0918,5682.4409,98.5714,0.9949,0.9741,0.964,8,10.422,15.7,97.3159,86.8635,4.933,4.933,9.572,9.589,94.6602,14.81,40093480,125229170,3.1234297945700895,8840521,14.165360842420938,4.535194249298203,83878,477.99756789623024,1492.9918452991249,101.84433,17.50672431048254,4535.194249298203,477.99756789623024
Austria,2019,50.0671,117921.2,0.1193,7.7178,78100,13,129.999,131.157,3.831,90.4762,10525000000,116.9854,32.009,28.3632,50010.449,46550.5623,1.3035,64688.1438,60354.9279,30.2,91.4286,85,85,95,2.9,87.8,81.8951,97.7948,7,94.8848,4.9,0.16,3.5,3.2,3.8,69.6054,2.2,41090,0,100,99.9727,98.9026,99.2627,99.9534,11.4646,77.3585,0.6,13.9,6,4,99.6669,39.3443,7.8535,1.755,91.4286,78.1471,34,3.1326,5958.8564,98.5714,0.9933,0.9809,0.9749,8,11.008,14.58,97.5648,87.9219,4.56,4.56,8.767,8.786,94.686,13.33,41321435,127890554,3.0950172471018975,8879920,14.402219164136614,4.653356674384454,83878,492.63734233052764,1524.721071079425,102.00747,17.536891954758012,4653.356674384454,492.63734233052764
Austria,2020,50.5184,117490,0.1163,7.0204,78100,13,131.809,132.485,2.914,90.9524,14614000000,110.9274,31.467,29.2106,48764.175,43428.6983,-6.7064,60349.9021,58523.0338,29.8,93.8095,85,85,95,2.9,87.5,81.1927,96.1188,6,94.8848,4.9,0.14,3.4,3.1,3.7,69.6199,2.2,39601,0,100,99.9726,98.9006,99.2627,99.9534,10.9335,76.8868,0.7,14.7,6,4,99.6685,39.3443,8.6968,-6.318,90.9524,80.9966,35.8,3.2028,5829.2861,97.1429,0.9949,0.9859,0.9815,8,11.419,14,98.5426,87.9219,5.201,5.201,10.325,10.343,95.6522,13.33,21671644,79133399,3.651471895717741,8916864,8.874577317765528,2.4304109606247217,83878,258.3710150456616,943.4345001072987,103.17335,16.891515282029665,2430.4109606247216,258.3710150456616
Austria,2021,51.1111,117094,0.1173,7.3891,78100,13,135.446,137.505,6.251,85.7143,8340000000,132.7888,34.309,29.2537,53827.418,45313.399,4.3398,62968.9422,62968.9422,30.7,93.8095,86,86,99,2.8,92.5,81.1902,99.6849,6,94.8848,4.9,0.18,3.3,3,3.6,69.61,2.1,52150,0,100,99.9725,98.8985,99.2627,99.9534,10.9335,79.2453,0.5,14.8,6,4,99.6702,40.4372,9.411266999999995,4.795,87.1429,79.9114,36,3.2636,6323.0034,97.1429,0.9949,0.9859,0.9815,8,12.257,14.51,96.131,87.9219,6.459,6.459,12.023,12.037,94.686,16.16,19757984,66708839,3.37629785508481,8955797,7.448676985420728,2.20616702232085,83878,235.55621259448247,795.3079353346527,102.95745,16.799068271400117,2206.16702232085,235.55621259448247
Austria,2022,51.8278,117094,0.1031,6.7711,78100,13,147.121,151.997,8.797,84.9057,-4070000000,132.7888,31.527,29.2343,52609.011,47250.9696,4.2759,65661.452,70734.9426,30.7,91.5094,84,84,95,2.7,93.6,81.2951,96.2193,7,94.8848,4.9,0.18,3.2,2.9,3.5,68.9854,2.1,157365,0,100,99.9724,98.8963,99.2627,99.9534,10.9335,68.3962,0.5,14.8,6,4,99.672,40.9836,8.6433,5.278,87.2642,79.9114,34.075,3.2005,6658.5488,95.7547,0.9949,0.9859,0.9815,8,12.155,14.51,96.131,87.9219,4.992,4.992,10.327,10.322,94.2029,17.52,35569674,115062696,3.2348538251995227,9041851,12.725568691631835,3.933892960633835,83878,424.0644030615895,1371.7863563747346,102.36913,17.387004006969768,3933.8929606338347,424.0644030615895
Austria,2023,52.5941,117094,0.1,6.4407,78100,13,158.466,160.589,6.027,83.4906,6863000000,132.7888,33.793,29.6478,56290.149,46338.9571,-1.9301,64394.0905,70478.7874,30.7,89.6226,84,84,95,2.6,95.3,81.5415,96.2193,6,94.8848,4.9,0.18,3.1,2.8,3.4,68.9854,2,4819,0,100,99.9724,98.8963,99.2627,99.9534,10.9335,71.564,0.5,14.8,6,4,99.672,40.9836,8.6433,-0.955,90.0943,79.9114,40.844,3.2005,6658.5488,97.1698,0.9949,0.9859,0.9815,8,13.118,14.51,96.131,87.9219,5.264,5.264,10.98,10.946,93.6274,15.72,40650056,127765910,3.1430684867937204,9131761,13.99137690966726,4.451502399153898,83878,484.6331099930852,1523.235055676101,103.46748,17.520510796171134,4451.502399153898,484.6331099930852
Belgium,2000,52.4658,144424.6,0.2415,12.1907,149000,12,74.951,75.83,4.967,90.4255,9393000000,47.3504,24.532,1.4067,23136.511,35878.3154,3.4655,50477.9983,27788.0909,33.1,90.7104,95,60,82,4.8,29.4,77.722,88.5607,8,88.5407,16.7,0.5,5.9,5.2,6.5,59.5096,3,13952,0,100,99.4846,99.6313,78.1955,88.99185,19.4897,83.5979,0.3,14.8,6,6,68.6574,23.3333,5.9619,3.717,85.8696,2.7175,1.4,1.9362,2982.5535,89.0547,0.9945,1.0573,1.1061,6,9.044,22.07,103.9573,80.0824,6.586,6.586,15.249,15.248,92.5373,24.64,10723864,29215345,2.7243300549130427,10251250,2.8499300085355443,1.0461030606023656,30666,349.6988195395552,952.6950042392226,98.2657,16.1879821896724,1046.1030606023655,349.6988195395552
Belgium,2001,52.5495,137430.8,0.2407,12.2426,148000,12,76.778,77.29,3.979,90.1863,7896000000,47.9659,28.383,4.4718,23067.163,36148.2881,0.7525,50857.8289,28796.5796,31.433333333333334,93.4633,95,60,82,4.7,31.3,77.9732,88.5607,8,88.5891,15.8,0.58,5.7,5,6.3,59.6926,2.9,34924,0,100,99.4848,99.6313,78.2021,89.0575,19.0777,87.56615,0.3,14.8,6,6,68.6575,23.3333,6.1395,1.1,85.90775,2.8539,1.6,2.0328,3140.7324,89.0547,0.9938,1.0634,1.1147,6,9.059,22.25,104.3689,80.5467,6.178,6.178,15.332,15.333,92.78605,22.65,10806622,28693963,2.655220382465492,10286570,2.7894587797487405,1.0505564050990759,30666,352.3975086414922,935.6930476749494,98.23339,16.195669744879922,1050.5564050990758,352.3975086414922
Belgium,2002,52.5281,137767.2,0.2227,11.4677,147000,12,77.97,78.32,4.114,89.9471,11622000000,54.4619,27.972,7.8914,25044.331,36600.8625,1.252,51494.5659,30282.2886,29.76666666666667,96.2162,95,60,82,4.5,46.3,78.0756,88.5607,7,88.7451,13.9,0.54,5.5,4.8,6.1,60.1892,2.8,39404,0,100,99.485,99.6314,78.2087,89.08335,18.5923,91.5344,0.3,14.8,6,6,68.6576,23.3333,6.1325,1.707,85.9459,2.7635,1.7,1.9032,2974.5959,89.0547,0.9932,1.0683,1.1223,6,9.777,20.96,104.8244,79.3506,6.91,6.91,15.652,15.652,93.0348,21.54,11067758,29092541,2.628584849795234,10332785,2.815556599696984,1.0711301938441573,30666,360.91299810865456,948.6904389225853,97.40733,16.219546845166885,1071.1301938441572,360.91299810865456
Belgium,2003,52.4831,141010.2,0.2295,11.8899,148000,12,79.153,79.6,3.578,89.418,10806000000,64.4128,27.327,11.9786,30707.665,36826.2699,0.6159,51811.6966,30934.5826,28.1,95.6757,95,64,82,4.4,50,78.1293,88.5607,7,88.9162,12,0.41,5.3,4.7,5.9,59.7683,2.7,34472,0,100,99.4851,99.6313,78.10495,89.10915,18.1085,74.3719,0.3,14.8,6,6,68.6577,35.3333,6.7898,1.038,87.027,2.6716,1.9,1.8412,2985.4468,89.0547,0.9914,1.0575,1.1033,6,10.329,21.44,105.3676,75.7925,7.68,7.68,18.982,18.984,95.5224,23.05,11072093,29018507,2.6208691527428463,10376133,2.7966591214665426,1.0670731572156988,30666,361.05435987738866,946.2762342659623,97.21187,16.21993844668794,1067.0731572156988,361.05435987738866
Belgium,2004,52.4646,142629,0.2191,11.7052,149000,12,80.623,81.2,4.073,90.1478,11434000000,77.3272,26.911,15.5446,35497.552,37976.6973,3.1239,53430.2584,32063.9827,30.5,93.5323,95,64,82,4.2,53.9,78.878,88.5607,7,89.0367,11.4,0.57,5.2,4.6,5.7,60.0402,2.7,35143,0,100,99.4853,99.6314,77.98495,89.13505,17.7016,71.8447,0.1,14.8,6,6,69.9458,34.6667,6.9932,3.571,88.0597,3.3085,2,1.8205,3116.4478,88.9423,0.9965,1.0566,1.0983,6,8.545,20.32,104.1631,77.3499,7.363,7.363,17.505,17.503,90.8654,26.02,11157880,28494396,2.5537464106084666,10421137,2.734288590582774,1.0706969882461002,30666,363.8518228657145,929.185286636666,97.03562,16.227656622337012,1070.6969882461,363.8518228657145
Belgium,2005,52.3334,139972.5,0.2091,11.3703,145000,12,82.669,83.44,3.875,90.2439,7701000000,84.2654,30.242,19.187,36945.499,38645.2606,1.7605,54370.8749,33177.8909,29.3,93.1373,97,77,88,4.1,55.8,78.9805,88.5607,7,90.5014,10.9,0.48,5,4.5,5.6,59.8009,2.6,50576,0,100,99.4855,99.6314,77.86495,89.09764999999999,17.4469,70.3884,0.2,14.8,6,6,71.2456,34.6667,6.8955,2.322,87.2549,3.9945,2.5,1.7906,3173.0793,88.5167,0.9955,1.0699,1.1191,6,13.017,20.66,102.2858,72.9089,8.44,8.44,21.482,21.482,91.3462,28.28,11319300,28380693,2.507283400917018,10478617,2.7084388140152464,1.0802284309083918,30666,369.1156329485424,925.4774995108589,97.24249,16.24201987971615,1080.2284309083918,369.1156329485424
Belgium,2006,51.9611,139761.9,0.1989,11.0155,143000,12,84.596,85.17,3.779,88.7805,7554000000,92.4159,31.133,23.2412,38841.785,39371.0858,1.8782,55392.0545,35258.9851,28.1,94.1463,98,94,92,4,62,79.3805,88.5607,6,90.5984,10.5,0.37,4.9,4.3,5.4,61.0514,2.6,53574,0,100,99.4856,99.6313,77.7449,89.01355,17.3306,73.913,0.2,14.8,6,6,72.5572,34.6667,6.8057,2.553,88.7255,4.9904,2.9,1.8227,3318.0859,88.9952,0.9942,1.0747,1.1272,6,11.245,20.29,102.0166,73.9207,8.246,8.246,20.511,20.512,92.7885,28.63,11800373,29370925,2.48898276351095,10547958,2.7845128886557946,1.1187353040275663,30666,384.80313702471796,957.7683753994652,97.41512,16.283641783848875,1118.7353040275664,384.80313702471796
Belgium,2007,51.5626,138601.3,0.1866,10.6368,139000,12,86.135,87.82,5.195,90.2913,7044000000,108.5955,33.581,25.6894,44496.791,40520.0844,2.9184,57008.6061,36799.5319,29.2,91.7476,98,94,92,3.9,66.8,79.7829,88.5818,7,90.722,10.8,0.39,4.8,4.2,5.3,61.2961,2.5,59911,0,100,99.4858,99.6313,77.6248,89.24225000000001,17.2635,72.4638,0.2,14.8,6,6,73.8806,35.3333,6.7738,3.677,91.2621,5.4254,3.4,1.85,3431.0837,88.9952,0.9969,1.0798,1.1334,6,11.165,18.74,103.374,76.2309,7.459,7.459,18.841,18.842,93.75,27.65,12112478,29849356,2.4643475926230782,10625700,2.8091660784701245,1.1399228286136442,30666,394.98069523250507,973.3697254288137,96.88369,16.309746801433526,1139.9228286136442,394.98069523250507
Belgium,2008,51.4174,142123.4,0.188,10.6799,139000,12,90.003,90.19,4.581,90.7767,-5203000000,118.8989,31.899,27.8486,48493.275,40380.9075,-0.3435,56812.795,37883.3319,28.4,87.8641,99,98,93,3.8,68.9,79.6805,88.2636,6,90.7229,9.4,0.47,4.7,4.1,5.2,61.7069,2.4,66470,0,100,99.4859,99.6313,77.5047,89.471,17.2072,67.7885,0.1,14.8,6,6,75.2156,35.3333,7.2641,0.447,91.7476,6.8294,4,1.9368,3447.8652,89.4231,0.9977,1.0879,1.1405,6,10.135,20.24,100.1066,77.5201,6.976,6.976,17.97,17.972,92.7885,25.83,12429534,29971839,2.411340521696147,10709973,2.798498091451771,1.1605569873985677,30666,405.3197026022305,977.3638231265898,97.85642,16.33558605329398,1160.5569873985678,405.3197026022305
Belgium,2009,51.4944,131392.8,0.1799,9.948,126000,12,89.999,90.49,3.16,90.9091,8000000000,93.2677,34.57,29.1619,45055.745,39293.6376,-2.6925,55283.0909,37885.9059,28.6,92.3445,98,97,95,3.8,74.5,80.0341,87.8436,6,90.9297,9.4,0.37,4.6,4,5.1,62.131100000000004,2.4,97175,0,100,99.4861,99.6313,77.38465,89.554,17.1234,75.3555,0.1,14.8,6,6,76.7741,38,7.8706,-1.906,87.5598,7.5321,4.9,1.9986,3554.6775,88.6256,0.9967,1.0896,1.1405,6,11.081,20.56,101.6815,73.2498,7.908,7.908,21.94,21.944,93.3649,25.01,12243246,29250381,2.389103428943599,10796493,2.709248364260506,1.1340021245787868,30666,399.24496184699666,953.837507337116,98.37982,16.320485077646303,1134.0021245787868,399.24496184699666
Belgium,2010,51.6474,131365.8,0.1876,10.5526,133000,12,92.095,93.55,4.151,90,7824000000,102.7343,34.767,30.8426,44460.655,39991.5646,1.7762,56265.0199,39844.4054,28.4,93.3014,98,97,95,3.7,77.6,80.1829,90.8888,6,91.5181,8.1,0.57,4.5,3.9,5,61.7142,2.3,105232,0,100,99.4861,99.6397,77.2645,89.58715000000001,16.9737,74.4076,0.1,14.8,6,6,78.3624,39.3333,7.7746,2.71,85.6459,8.4443,6.2,2.0619,3755.6357,90.0474,0.9977,1.0834,1.1392,6,10.865,20.53,99.9911,72.3835,8.293,8.293,22.391,22.399,94.3128,24.78,12988051,30298026,2.3327615513674838,10895586,2.7807614936911147,1.1920470362952484,30666,423.53260940455226,988.0005869692819,98.6174,16.379540415892578,1192.0470362952485,423.53260940455226
Belgium,2011,52.0418,122445.1,0.1673,9.4736,122000,12,95.175,96.53,4.669,90.5213,-10150000000,119.8644,30.452,32.1032,47915.958,40236.9596,0.6136,56610.2716,41244.8495,28.1,94.7867,98,97,95,3.6,81.6,80.5854,91.6788,6,91.6357,8.2,0.45,4.4,3.9,4.9,62.0714,2.3,52464,0,100,99.4861,99.648,77.14435,89.94659999999999,16.3663,78.1991,0.2,14.8,6,6,79.9624,38,7.8908,1.931,86.7299,10.5547,6.7,2.1733,3880.1958,90.1408,0.998,1.0819,1.137,6,11.814,21.21,98.7247,76.6922,7.14,7.14,18.724,18.733,92.9577,27.58,13618136,31379844,2.304268660556775,11038264,2.842824197718047,1.2337208097215286,30666,444.07930607187114,1023.2780277832127,99.22202,16.426913065188867,1233.7208097215287,444.07930607187114
Belgium,2012,52.6045,121251.9,0.1646,9.2813,119000,12,97.668,98.54,3.842,91.4692,-404000000,112.3721,31.669,33.2388,45028.566,40074.4928,-0.4038,56381.6934,42483.5251,27.5,94.7867,99,98,96,3.5,80.7,80.3854,92.2263,5,91.6168,7.2,0.38,4.3,3.8,4.8,62.4863,2.3,45001,0,100,99.4861,99.6563,77.02414999999999,90.30735,15.215,76.3033,0.2,14.8,6,6,81.5742,38,8.0286,0.216,86.7299,14.2378,7.7,2.2811,4116.6162,90.1408,0.9959,1.0825,1.1398,6,12.345,20.9,98.1791,75.3846,7.542,7.542,19.738,19.75,92.9577,26.23,13872644,31267441,2.253891976179883,11106932,2.8151285161374897,1.2490077367899615,30666,452.378660405661,1019.6126328833235,99.38291,16.44542947346132,1249.0077367899614,452.378660405661
Belgium,2013,53.1603,121708,0.1662,9.3574,120000,12,98.891,99.69,3.191,90.9953,4982000000,118.0894,30.754,34.3085,47055.739,40007.8998,-0.1662,56288.0022,43864.1204,27.7,94.7867,99,98,96,3.5,82.2,80.5878,93.4911,6,91.3926,7,0.36,4.2,3.7,4.7,62.8488,2.3,28066,0,100,99.4861,99.6646,77.80799999999999,90.6147,14.3698,77.7251,0.1,14.8,6,6,83.1978,38,8.0328,0.306,87.6777,15.6358,8.3,2.3307,4161.6206,90.1408,1.0013,1.0822,1.136,6,12.68,19.62,98.4263,71.2012,8.425,8.425,23.689,23.702,92.9577,23.56,14152360,31448180,2.222115604747194,11159407,2.8180870184231117,1.268200003817407,30666,461.50003260940457,1025.5064240526967,99.25725,16.465392023258428,1268.2000038174072,461.50003260940457
Belgium,2014,53.7527,116080.2,0.1529,8.7184,114000,12,99.381,99.3,2.813,91.3462,4133000000,118.9875,31.296,35.782,48129.389,40533.9135,1.3148,57028.0626,45147.643,28.1,90.8654,99,98,96,3.4,85,81.2878,92.4156,5,91.5378,6.7,0.36,4.2,3.7,4.6,63.6129,2.3,37472,0,100,99.4862,99.6729,78.64185,90.84344999999999,12.9004,69.5238,0.1,14.8,6,6,84.833,39.3333,8.0737,1.766,84.1346,18.4604,9.1,2.37,4544.8667,88.9423,0.9997,1.0798,1.134,6,12.045,19.42,98.853,71.444,8.523,8.523,23.225,23.23,94.0887,24.22,14641070,32605681,2.2270012369314536,11209057,2.90886922958818,1.306182134679126,30666,477.4365747081458,1063.251842431357,99.54038,16.499341219559394,1306.182134679126,477.4365747081458
Belgium,2015,54.2186,119304.6,0.1578,9.0808,118000,12,100,100.74,2.79,90.9524,6395000000,100,31.038,36.5492,41032.322,40893.8045,0.8879,57534.4013,46084.2425,27.7,91.4286,99,98,96,3.4,85.1,80.9927,95.1041,5,92.5031,6.7,0.41,4.1,3.6,4.6,63.5626,2.3,63536,0,100,99.4862,99.6812,79.48134999999999,91.13624999999999,13.339,64.2857,0.1,14.8,6,6,86.4801,39.3333,8.2451,1.474,88.5714,22.3213,9.4,2.4282,4731.8159,88.0952,0.9983,1.0805,1.1369,6,12.182,18.61,100,72.345,8.482,8.482,22.125,22.132,94.5813,24.9,15846926,38380415,2.42194700726185,11274196,3.4042706903445707,1.4055925584405309,30666,516.7588208439314,1251.562479619122,100,16.5784861593642,1405.5925584405309,516.7588208439314
Belgium,2016,54.6533,135457,0.1543,8.9363,118000,12,101.772,102.96,2.932,91.9048,2625000000,100.3256,31.983,37.6813,41918.104,41172.8862,0.6825,57927.0476,48414.5518,27.6,89.5238,98,97,96,3.4,86.5,81.439,95.7409,5,93.5512,5.8,0.3,4.1,3.6,4.5,63.2456,2.3,28090,0,100,99.4862,99.6896,80.3264,92.02785,12.3939,61.4286,0.1,14.8,6,6,88.1389,39.3333,8.2849,1.193,88.5714,17.9645,9.2,2.5234,4798.3267,88.5714,0.9989,1.0697,1.1199,6,9.886,19.22,101.6697,74.7426,7.83,7.83,20.108,20.123,95.5665,24.93,15210781,36855214,2.422966578770676,11331422,3.252479168104409,1.3423541193682487,30666,496.01451118502575,1201.826583186591,101.72203,16.537515076457566,1342.3541193682486,496.01451118502575
Belgium,2017,55.1768,140549.3,0.1497,8.7647,118000,12,104.036,105.08,3.326,89.5238,3510000000,108.2661,32.936,38.4911,44110.725,41619.3286,1.0843,58555.1572,50256.0632,27.4,85.7143,98,97,96,3.4,87.7,81.4927,94.7452,5,93.5599,5.5,0.39,4,3.6,4.5,62.8993,2.3,37981,0,100,99.4862,99.6979,82.28684999999999,93.6802,12.7692,62.381,0.1,14.8,6,6,89.8094,38,8.287,1.475,86.6667,19.5544,9.7,2.6667,4757.3081,87.619,1.001,1.0702,1.1207,6,9.855,18.4,100.0736,76.3825,7.09,7.09,19.236,19.248,93.1034,23.31,16319257,38677308,2.3700409889984573,11375158,3.4001556725629656,1.4346400287363041,30666,532.161253505511,1261.2439835648602,102.36607,16.607856440780363,1434.6400287363042,532.161253505511
Belgium,2018,55.6547,124613.1,0.1475,8.7597,118000,12,106.437,107.39,3.579,89.5238,-4968000000,117.985,32.87,39.4007,47627.406,42208.3626,1.4153,59383.8822,52466.7331,27.2,86.1905,98,97,96,3.3,88.6,81.5951,92.8814,5,93.6272,5.4,0.43,4,3.5,4.4,62.3883,2.3,50604,0,100,99.4862,99.7062,84.40225000000001,95.12190000000001,12.4926,59.434,0.1,14.8,6,6,91.4917,38,8.3185,1.878,86.6667,24.2594,10.7,2.8602,5040.0005,87.619,1.0048,1.0734,1.1237,6,9.801,18.58,98.6541,80.5405,5.941,5.941,15.748,15.752,92.7184,26.58,17559915,41320284,2.3531027342672215,11427054,3.616004965059236,1.5366965973907185,30666,572.6183721385247,1347.429857170808,103.09782,16.681129362560714,1536.6965973907186,572.6183721385247
Belgium,2019,56.0563,122997.9,0.1437,8.6938,118000,12,107.768,108.38,3.831,89.5238,664000000,112.6019,35.067,39.9518,46858.358,43006.4043,1.8907,60506.6647,56712.4696,27.2,82.8571,97,97,96,3.3,90.3,81.9951,92.5196,4,93.6333,5.8,0.47,3.9,3.5,4.4,62.83,2.3,58469,0,100,99.4862,99.7145,85.37275,95.38755,11.2144,60.8491,0.1,14.1,6,6,93.1857,42,8.0971,2.443,87.619,21.7446,10.2,3.1566,5290.8794,87.619,1.0109,1.0791,1.1283,6,9.25,18.11,99.4751,81.7647,5.364,5.364,14.236,14.241,93.7198,24.02,18057611,42512847,2.3542896676642333,11488980,3.7003151715818112,1.571733173876184,30666,588.8479423465727,1386.3186264918802,103.0339,16.709077871296877,1571.7331738761839,588.8479423465727
Belgium,2020,56.3096,122888.9,0.1394,7.9964,118000,12,108.224,108.76,2.914,90,4693000000,106.4239,36.515,41.024,45933.801,40769.0218,-5.2024,57358.8418,56120.0958,26,84.2857,97,97,96,3.2,91.5,80.6951,93.4663,4,93.6333,5.8,0.35,3.9,3.4,4.3,63.1991,2.3,43777,0,100,99.4862,99.7228,86.2114,95.64035,11.2161,64.1509,0.1,12.7,6,6,94.0583,41.3333,8.8005,-4.793,89.0476,27.4037,12.3,3.3918,5418.9126,87.619,1.0142,1.0815,1.1303,6,9.994,16.89,100.9368,81.7647,5.545,5.545,15.326,15.331,90.8213,24.76,7376417,20177486,2.7354047364730056,11538604,1.7486938627931075,0.6392815803367548,30666,240.54056609926303,657.9758038218222,103.10682,15.813798712894863,639.2815803367547,240.54056609926303
Belgium,2021,56.5798,122463.8,0.1369,8.3074,118000,12,111.706,115.93,6.251,89.5238,10981000000,137.4059,34.446,43.0218,51830.701,43119.8943,5.7663,60666.3365,60666.3365,26.6,83.3333,98,97,96,3.2,92.8,81.7902,93.7259,7,93.6333,5.8,0.42,3.8,3.4,4.2,63.5607,2.2,24017,0,100,99.4862,99.7311,86.73435,95.83494999999999,11.2161,67.4528,0,13.2,6,6,94.4777,42,8.4734,6.202,86.6667,23.5469,11.7,3.3924,6596.7061,87.619,1.0142,1.0815,1.1303,6,6.654,18.36,99.3914,81.7647,6.248,6.248,18.206,18.209,90.3382,22.6,10971971,29220847,2.6632267803113954,11586195,2.5220399794755743,0.946986564614181,30666,357.78944107480595,952.8744211830692,103.50006,16.210854579085954,946.9865646141809,357.78944107480595
Belgium,2022,56.9782,122463.8,0.1225,7.683,118000,12,123.246,127.77,8.797,89.6226,-7802000000,137.4059,35.263,43.5657,51121.137,44583.5768,3.3944,62725.6238,68137.655,26.6,84.9057,98,97,96,3.1,94,81.7488,93.3758,11,93.6333,5.8,0.42,3.7,3.3,4.1,63.4522,2.2,118615,0,100,99.4862,99.7394,87.37540000000001,95.96495,11.2161,66.5094,0,12.3,6,6,94.897,42.6667,8.0913,4.234,86.7924,23.5469,13.816,3.4054,6983.1899,88.2076,1.0142,1.0815,1.1303,6,7.107,18.36,99.3914,81.7647,5.57,5.57,16.41,16.397,92.7536,23.77,17626645,43024124,2.440857236303335,11680210,3.6835060328538614,1.509103432215688,30666,574.7943977042979,1402.9910650231527,105.0681,16.684922292372946,1509.103432215688,574.7943977042979
Belgium,2023,57.3218,122463.8,0.1136,7.1522,118000,12,126.073,128.45,6.027,89.1509,-4436000000,137.4059,35.263,43.7026,54924.575,44731.0421,0.3308,62933.096,69072.8334,26.6,80.6604,98,97,96,3,94.6,82.3976,93.3758,4,93.6333,5.8,0.42,3.6,3.2,4,63.4522,2.1,41679,0,100,99.4862,99.7394,87.37540000000001,95.96495,11.2161,58.2938,0,12.3,6,6,94.897,42.6667,8.0913,1.252,85.8491,23.5469,14.741,3.4054,6983.1899,88.2076,1.0142,1.0815,1.1303,6,6.699,18.36,99.3914,81.7647,5.528,5.528,16.122,16.083,92.6471,25.8,18576023,44696602,2.4061448459662222,11787423,3.791889202584823,1.5759189264693394,30666,605.7530489793256,1457.529576729929,101.40477,16.73738227490864,1575.9189264693393,605.7530489793256
Bulgaria,2000,47.6182,41214.87,0.4695,5.8964,59200,9,57.771249999999995,58.80199999999999,4.967,51.0638,-412000000,19.1232,37.459,0.0858,2690.16352,5044.8712510000005,5.1051,15731.428205999999,7812.012241,35.7,58.4699,93,94,89,14.252999999999997,6.8092,71.6634,91.0537,19,75.2405,13,0.98,17.17099999999998,15.217999999999984,18.976999999999975,51.7313,7.805999999999995,-26211,0,99.813,85.8271,89.6637,51.9338,56.2851,25.0225,61.9048,5.8,22.9,4,4,54.9318,10.8333,3.4715,4.587,60.3261,7.2109,8,0.4952,1179.696,48.2587,0.9725,0.977,0.9793,8,41.475079999999394,18.22,86.6519,53.6931,16.218,16.218,33.208,33.33,62.1891,49.35119999999999,2232667,8554139,3.8313546086362185,8170172,1.0469961954289335,0.27327050152677324,110996,20.114841976287433,77.06709250783813,75.6491001,14.618707840861191,273.2705015267732,20.114841976287433
Bulgaria,2001,47.1201,46309.85,0.4733,6.2956,62300,9,58.061,59.78,3.979,51.1933,-514000000,20.1713,40.523,0.0858,2690.16352,5044.8712510000005,5.9112,15731.428205999999,7812.012241,35.7,58.9647,94,93,90,13.8,7.61,71.7683,91.0537,17,75.5143,13.2,0.95,16.8,14.9,18.5,51.9402,7.6,-30726,0,99.7714,85.8353,90.1841,51.4619,57.0606,25.1479,62.962999999999994,5.8,22.9,4,4,55.3343,26.25,3.8459,3.824,63.94685,4.9377,7.2,0.4471,1157.0543,49.75125,0.9747,0.9773,0.9787,8,29.69,17.31,85.068411,44.3973,19.921,19.921,39.087,39.256,62.93535,46.01,2232433,9384506,4.20371227266395,8009142,1.1717242620994859,0.278735599893222,110996,20.11273379220873,84.54814587913079,75.68664,14.618603028025912,278.735599893222,20.11273379220873
Bulgaria,2002,46.5462,44770.15,0.422,6.0729,59200,9,61.436,62.06,4.114,51.3228,-103000000,22.596800000000002,42.311,0.0858,2690.16352,5044.8712510000005,8.1952,15731.428205999999,7812.012241,35.7,59.4595,93,88,92,13.2,9.08,71.8659,91.8335,15,75.8857,12.6,0.93,16,14.2,17.6,52.646,7.2,-12735,0,99.7306,85.8463,90.7046,51.0362,57.8484,25.3024,64.0212,5.8,22.9,4,4,55.7723,26.25,4.2019,5.872,67.5676,6.3357,8.7,0.4647,1168.802,51.2438,0.982,0.9783,0.9766,8,27.381,17.33,85.068411,49.4894,18.11,18.11,35.608,35.605,63.6816,40.91,2521625,10285668,4.07898398849948,7837161,1.3124227000057802,0.32175235394551677,110996,22.718161014811344,92.66701502756857,78.12595,14.740414489506245,321.75235394551675,22.718161014811344
Bulgaria,2003,45.9458,50576.26,0.4504,6.8756,63800,9,62.878,65.56,3.578,56.6138,-715000000,29.7312,37.796,0.0858,2710.577,5044.8712510000005,6.0741,15731.428205999999,8417.4473,35.7,56.7568,96,96,96,12.5,12,72.0659,91.7146,14,76.1532,12.7,0.96,15.1,13.5,16.7,53.1216,6.8,-13183,0,99.6905,85.8571,91.2254,50.6567,58.6485,25.4532,49.7487,5.8,22.9,4,4,56.2413,26.25,4.3713,5.237,68.6487,7.7488,9.2,0.4722,1224.1956,48.2587,0.9845,0.9785,0.9758,8,28.29,14.97,85.068411,61.7428,13.733,13.733,27.057,27.073,65.1741,40.02,2972644,12521479,4.212236312185381,7775327,1.6104118836416783,0.3823175539755434,110996,26.781541677177557,112.81018234891347,78.56412,14.904962686845149,382.3175539755434,26.781541677177557
Bulgaria,2004,45.3661,51321.69,0.407,6.6686,62700,9,66.745,68.16,4.073,57.1429,-1119000000,39.1486,41.428,0.0858,3370.382,5044.8712510000005,7.3174,16383.5234,9201.7501,35.7,58.7065,95,94,95,11.8,18.1,72.5634,96.1036,14,76.4422,12.5,0.92,14.2,12.7,15.7,53.4147,6.4,-13604,0,99.6512,85.868,91.7464,50.480316,59.4609,25.5677,45.1456,5.8,22.9,4,4,56.7411,26.25,4.0951,6.51,71.6418,8.082,9.6,0.4709,1263.7733,49.5192,0.9871,0.9689,0.9611,8,24.37,14.17,85.403,65.9461,12.037,12.037,24.497,24.472,66.3462,36.99,3346525,14160067,4.231274829860825,7716860,1.8349519104920913,0.4336640809863079,110996,30.149960358931853,127.57276838805002,81.5986,15.023433350803874,433.66408098630785,30.149960358931853
Bulgaria,2005,44.9425,52700.03,0.3878,6.8532,63400,9,70.775,73.2,3.875,56.5854,-2816000000,46.2694,40.611,2.1503,3869.588,5236.0864,7.8655,17672.1697,10291.4739,35.7,57.8431,96,96,96,11,20,72.561,93.4208,13,78.9571,12.8,1.13,13.3,11.9,14.6,53.6551,6,-14435,0,99.6125,85.8787,92.2676,50.480316,60.2856,25.613,51.4563,5.8,22.9,4,4,57.2711,22.0833,4.1046,7.056,69.6078,10.6717,9.8,0.4427,1301.7063,49.7608,0.9896,0.9679,0.9591,8,25.05,13.24,86.4768,70.1308,10.083,10.083,22.391,22.346,66.3462,33.45,3829429,16071313,4.196790957607518,7658972,2.0983642452276885,0.49999255774795887,110996,34.50060362535587,144.79182132689465,83.93054,15.158226525016005,499.99255774795887,34.50060362535587
Bulgaria,2006,44.7386,52549.87,0.3738,7.1087,63800,9,76.023,77.66,3.779,53.6585,-5253000000,59.3757,37.561,5.0348,4477.028,5634.9112,7.6168,19018.2323,11408.0152,35.7,51.7073,95,96,96,10.4,27.1,72.6122,94.8873,12,79.2342,14.1,0.82,12.4,11.2,13.7,53.5491,5.6,-15184,0,99.5746,85.8894,92.7891,50.480316,61.1228,25.3339,57.4879,5.8,22.9,4,4,57.8312,22.0833,3.6334,6.803,69.6078,10.0321,10,0.4422,1348.0873,51.1962,0.9862,0.969,0.962,8,22.244,13.3,91.5715,73.7732,8.951,8.951,19.578,19.514,65.8654,33.51,4252947,17355363,4.080785159090861,7601022,2.283293351867683,0.5595230483479722,110996,38.31621860247216,156.36025622544958,87.93573,15.263122947497493,559.5230483479721,38.31621860247216
Bulgaria,2007,44.7751,56646.46,0.3738,7.6387,68000,9,81.78,86.64,5.195,50.9709,-10616000000,72.9901,36.408,8.2916,5815.474,6054.2325,7.4415,20433.4719,12822.3262,36.1,51.9417,95,95,96,9.9,33.6,72.6634,95.483,11,79.4616,14.3,0.95,11.8,10.6,13,53.6871,5.3,-16366,0,99.5374,85.9,93.3108,50.480316,61.9725,24.6688,56.0386,1.8,22.9,4,4,58.421,21.6667,3.4321,6.654,70.8738,7.5776,8.8,0.43,1471.4789,52.6316,0.9879,0.969,0.9612,8,19.146,12.37,93.8238,79.84,6.878,6.878,15.183,15.117,68.2692,32.84,4764255,17976658,3.7732358994218402,7545338,2.382485449955986,0.6314170418873217,110996,42.92276298244982,161.95771018775451,92.0441,15.376651944369584,631.4170418873217,42.92276298244982
Bulgaria,2008,45.0373,56009.88,0.3334,7.282,66100,9,91.553,92.87,4.581,48.5437,-12026000000,88.1407,36.228,11.1942,7161.75,6470.5897,6.8771,21838.7077,14346.8764,33.6,50.9709,95,96,96,9.6,39.7,72.9634,95.6025,10,79.5902,14.5,0.91,11.4,10.2,12.6,53.6796,5.2,-17595,0,99.5008,85.9106,93.8327,50.480316,62.8347,23.875,56.25,1.3,22.9,4,4,59.0402,21.6667,3.4806,6.13,73.301,7.582,9.9,0.4473,1505.751,51.9231,0.995,0.9771,0.9692,8,16.792,13.06,94.0395,83.3309,5.609,5.609,12.804,12.728,65.8654,34.08,4971863,18182923,3.6571649299266693,7492561,2.4267967921782687,0.6635732428471387,110996,44.793172726945116,163.81602039713144,99.435059999999993,15.419305378060837,663.5732428471387,44.793172726945116
Bulgaria,2009,45.512,50755.85,0.2942,6.2509,57200,9,93.813,94.39,3.16,50.7177,-4326000000,64.3192,36.418,13.3284,6878.061,6294.4334,-2.7224,21244.1675,14180.6842,33.8,57.8947,94,96,96,9.3,45,73.4122,97.3284,9,79.8574,12.4,0.74,11.2,10,12.3,54.0038,5.2,-19060,0,99.465,85.921,94.3549,50.480316,63.7095,23.2099,55.9242,1.3,22.9,4,4,59.6884,20.8333,3.5488,-3.347,73.2057,10.0107,11.6,0.4934,1593.4312,54.0284,0.9987,0.9766,0.9664,8,19.808,12.3,95.5277,79.1294,6.817,6.817,16.263,16.157,64.9289,34.13,4340663,15277000,3.5195084253258084,7444443,2.0521347265336036,0.5830742474621674,110996,39.10648131464197,137.6355904717287,102.90799,15.283537889765691,583.0742474621674,39.10648131464197
Bulgaria,2010,46.2076,48824.69,0.3082,6.6942,59900,9,96.664,98.59,4.151,51.9048,-874000000,81.3125,38.586,15.1221,6754.23,6434.5525,2.2261,21717.0794,14955.9544,35.7,54.5455,94,95,97,9.1,46.2,73.512200000000007,95.8863,9,82.7937,10.8,0.81,10.8,9.7,12,53.9682,5.1,-21668,0,99.4298,85.9314,94.8773,50.480316,64.597,22.9311,57.8199,2,22.9,4,4,60.5882,20.8333,3.9191,1.555,73.6842,13.7702,14.3,0.563,1470.6932,51.6588,0.9969,0.9703,0.9576,8,21.145,12.4,96.3281,70.1597,10.279,10.279,21.95,21.919,64.455,31.32,4344510,16139116,3.7148299808263765,7395599,2.1822594762101084,0.58744531714064,110996,39.14114022126923,145.4026811777001,103.20157,15.284423767195124,587.44531714064,39.14114022126923
Bulgaria,2011,47.1334,50159.24,0.3341,7.4551,65200,11,99.938,100.6,4.669,50.237,190000000,111.1836,38.043,17.0297,7872.225,6611.3039,2.7469,22313.6281,15747.39,34.3,54.0284,95,96,95,8.7,48,74.1634,97.6079,8,83.0551,9.2,0.71,10.4,9.3,11.5,54.3601,4.9,-23360,0,99.3953,85.9417,95.4,51.1385,65.4971,26.1914,55.9242,2.5,22.9,4,4,61.5683,20.8333,3.8452,2.09,69.1943,9.27,13.2,0.5295,1606.2057,51.1737,0.9951,0.9663,0.9526,8,22.4,11.07,95.4251,66.4865,11.26,11.26,25.056,25.027,61.5023,30.5,4936967,18656061,3.7788506587141457,7348328,2.5388171295565467,0.6718490247033067,110996,44.4787830192079,168.07867851093732,103.59674,15.412261935550964,671.8490247033067,44.4787830192079
Bulgaria,2012,48.1663,47142.6,0.3022,6.8322,60300,11,102.327,103.38,3.842,48.8152,-460000000,105.183,36.804,18.2007,7453.726,6699.503,1.3341,22611.3066,16327.2534,36,55.4502,95,95,94,8.3,51.9,74.3146,97.7238,7,83.2332,8.5,0.54,9.9,8.8,10.9,54.7925,4.7,-26334,0,99.3616,85.952,95.9229,52.2036,66.4099,23.0864,58.7678,2.3,22.9,4,4,62.5707,22.9167,3.8299,0.749,69.1943,12.7739,15.6,0.6004,1537.4066,51.6432,0.9916,0.9696,0.9587,8,21.592,12.63,95.2741,62.8175,12.27,12.27,28.11,28.094,61.5023,31.28,5494014,20252038,3.6862006540209036,7305888,2.7720159411148924,0.7519981143975928,110996,49.49740531190313,182.45736783307507,103.85289,15.519169875884812,751.9981143975928,49.49740531190313
Bulgaria,2013,49.3087,42814.75,0.2705,6.1184,54800,11,102.721,102.5,3.191,45.9716,711000000,116.5904,37.456,19.5682,7703.869,6700.536,0.0154,22614.793,16649.4145,36.6,54.9763,95,95,95,7.8,53.1,74.861,98.0928,7,83.5272,8.5,0.63,9.3,8.3,10.2,54.9945,4.5,-1324,0,99.3285,85.9624,96.4462,53.3195,67.3356,21.4901,53.0806,1.8,22.9,4,4,63.5951,24.5833,4.0395,-0.543,67.7725,17.5078,18.2,0.6342,1685.2035,50.7042,0.9914,0.9669,0.9552,8,20.954,10.58,95.5827,61.7344,12.941,12.941,28.374,28.361,58.216,31.14,5847289,21617474,3.697007963861543,7265115,2.975517111566713,0.8048446583433297,110996,52.68017766405997,194.7590363616707,102.88592,15.581488864012352,804.8446583433298,52.68017766405997
Bulgaria,2014,50.5579,43462.98,0.2853,6.5497,57800,11,101.077,100.5,2.813,47.5962,1207000000,115.2711,34.269,20.5011,7925.445,6802.7104,1.5249,22959.6388,17616.3231,37.4,49.0385,88,95,93,7.3,55.5,74.4659,95.5519,7,83.4552,9.4,0.61,8.7,7.8,9.5,55.5674,4.3,-2180,0,99.2961,85.9727,96.9234,54.4864,68.4096,21.9922,49.5238,1.7,22.9,4,4,64.741,20,4.4745,0.949,70.1923,16.7401,17.1,0.7901,1822.0309,54.3269,0.9925,0.9746,0.9658,8,20.194,10.57,96.0329,67.2383,11.424,11.424,23.774,23.775,59.6059,27.73,5945908,21698391,3.6492981391572155,7223938,3.003679018286148,0.8230840297909534,110996,53.568669141230316,195.48804461422034,101.15129,15.598213978016743,823.0840297909534,53.568669141230316
Bulgaria,2015,51.7845,46097.06,0.2907,6.9454,60900,11,99.998,99.6,2.79,45.2381,9000000,100,37.354,22.4944,7096.339,7078.8603,4.0594,23891.6649,18391.0123,38.6,52.381,91,92,92,6.8,56.7,74.6146,98.3727,7,85.0631,10.1,0.77,8.2,7.3,8.9,55.535,4.1,-4227,0,99.2645,85.9831,96.7621,55.7046,69.5649,20.7937,46.6667,3.4,22.9,4,4,65.9598,20.4167,4.1328,3.398,70.4762,18.794,17.9,0.9495,1976.759,51.4286,0.9899,0.9755,0.9681,8,18.474,9.95,100,71.8556,9.143,9.143,21.653,21.646,61.0837,29.14,6279036,21397816,3.4078186524173457,7177991,2.981031321995249,0.8747623116273063,110996,56.56993044794407,192.78006414645571,100,15.652727182736951,874.7623116273063,56.56993044794407
Bulgaria,2016,52.9075,45537.88,0.2667,6.6111,60900,11,98.676,99.1,2.932,47.619,1633000000,104.7351,38.576,23.8177,7593.706,7344.4435,3.7518,24788.0274,20065.7404,39.6,56.1905,92,91,92,6.4,59.8,74.8122,101.6092,7,83.1453,10.2,0.41,7.7,7,8.4,55.3758,3.9,-9482,0,99.2335,85.9935,96.6016,56.9743,70.7335,19.9792,49.0476,2,23.4,4,4,67.2013,20.4167,4.1128,3.027,74.2857,17.0803,17.7,0.7701,2236.855,49.5238,0.9894,0.9762,0.9693,8,18.198,9.71,101.839,77.2983,7.575,7.575,17.224,17.222,58.6207,26.79,7196397,25185996,3.499806361433367,7127822,3.5334771266734775,1.0096207509110076,110996,64.83474179249703,226.9090417672709,98.71636,15.789091181027826,1009.6207509110076,64.83474179249703
Bulgaria,2017,53.943600000000004,46904.65,0.2715,6.9644,60900,11,99.848,100.88,3.326,49.5238,1872000000,123.9118,41.776,25.3925,8409.665,7601.4385,3.4992,25655.4038,21457.9765,39.6,57.1429,92,92,94,6.1,63.4,74.8146,98.1555,7,83.1494,9.9,0.77,7.3,6.6,8,55.2266,3.7,-6109,0,99.2033,86.0039,96.4418,58.2957,71.9154,20.0338,59.0476,1.4,22,4,4,68.4654,23.75,4.118,2.746,73.3333,14.8995,17.1,0.7404,2125.4602,50.9524,0.9939,0.9805,0.9735,8,15.848,10.35,99.8326,82.4319,6.164,6.164,12.927,12.926,60.5911,26.79,7461646,26054096,3.491735737664317,7075947,3.6820648882757316,1.0545084636727777,110996,67.22445853904645,234.73004432592165,98.35817,15.825286725292075,1054.5084636727777,67.22445853904645
Bulgaria,2018,54.9715,45396.14,0.2483,6.5812,60900,11,102.476,103.21,3.579,49.0476,435000000,132.5038,39.617,27.1034,9473.889,7851.726,3.2926,26500.1423,22977.6882,39.6,57.1429,92,85,93,5.8,64.8,74.9634,99.8942,7,83.3811,8.9,0.45,7,6.3,7.6,56.3288,3.4,-3873,0,99.1737,86.0143,96.2828,58.9205,72.9608,19.716,61.7925,0.9,22.6,4,4,69.4519,23.75,4.2259,2.549,72.381,20.6175,19.6,0.7541,2343.4873,50.9524,0.9944,0.9768,0.9678,8,13.844,9.73,99.0147,83.8685,5.211,5.211,12.676,12.678,58.7379,25.66,7799680,26845013,3.4418095357758265,7025037,3.8213340371018685,1.1102688854165466,110996,70.26991963674367,241.85567948394538,99.35933,15.8695933933876,1110.2688854165465,70.26991963674367
Bulgaria,2019,55.9247,45128.03,0.2307,6.3897,60900,11,104.994,106.41,3.831,49.5238,1141000000,131.4104,39.354,28.8837,9874.073,8206.7813,4.522,27698.4796,25434.8408,39.6,60,93,93,95,5.5,67.9,75.1122,98.6806,6,83.3811,9.2,0.53,6.7,6.1,7.3,56.4094,3.2,-2156,0,99.1449,86.0247,96.1246,59.5472,74.0096,17.538,66.0377,0.9,23.8,4,4,70.4442,25.8333,4.1955,3.789,70.4762,17.9281,19.3,0.8327,2420.0896,52.381,0.9929,0.9855,0.9817,8,13.598,9.02,99.1026,87.5947,4.23,4.23,8.898,8.898,58.4541,24.91,8187634,27154791,3.3165614144452475,6975761,3.892735287232461,1.173726278752956,110996,73.7651266712314,244.64657284947205,100.53374,15.918135647339328,1173.7262787529562,73.7651266712314
Bulgaria,2020,56.5399,45149.07,0.2112,5.6952,60900,11,106.274,106.43,2.914,45.020534999999995,313000000,125.9476,42.12,30.5043,10215.862,7990.6925,-2.6331,26969.1645,25863.2195,39.6,44.674551,91,91,88,5.4,70.2,73.3561,100.1069,9,83.3811,9.2,0.77,6.5,5.9,7,56.0675,3,30167,0,99.1167,86.0351,95.9671,60.1759,75.0618,17.1474,58.4906,0.2,22.1,4,4,71.4425,26.6667,5.0758,-3.216,65.7143,19.5452,21.1,0.8497,2401.1692,49.0476,0.9946,0.9837,0.9781,8,14.777,10.03,103.0952,87.5947,5.125,5.125,14.214,14.216,58.086149999999996,25.46,4023763,11968483,2.97445028447252,6934015,1.7260538086519859,0.5802933798095331,110996,36.25142347471981,107.82805686691412,101.56692,15.207728340930512,580.2933798095331,36.25142347471981
Bulgaria,2021,56.7066,45078.32,0.2272,6.6571,60900,11,109.295,113.44,6.251,48.0952,-909000000,161.6716,38.025,32.7688,12352.357,8682.8822,8.6624,29305.3547,29305.3547,39,45.2381,89,89,89,5.2,75.3,71.2122,97.4689,9,83.3811,9.2,0.73,6.3,5.8,6.8,56.1947,2.8,11756,0,99.0893,86.0455,95.8103,60.8066,76.1174,17.1474,58.0189,0.7,22.9,4,4,72.4466,23.75,5.5496,7.781,66.6667,22.1918,20.4,0.7728,2346.6958,52.381,0.9946,0.9837,0.9781,8,13.767,9.51,102.177,87.5947,5.267,5.267,15.823,15.829,58.086149999999996,27.4,5647634,17620268,3.119938012980303,6877743,2.561925910869307,0.8211464138744352,110996,50.88141915023965,158.74687376121662,101.66762,15.54674743142106,821.1464138744352,50.88141915023965
Bulgaria,2022,56.8296,45078.32,0.2388,7.5366,60900,11,123.524,129.69,8.797,50,-2353000000,161.6716,40.393,34.9668,14069.944,9352.3265,7.7099,31564.7775,34855.8907,39,44.674551,91,91,91,5.1,79.1,74.161,96.0275,10,83.3811,9.2,0.73,6.2,5.7,6.7,54.9876,2.7,26498,0,99.0625,86.0559,95.6543,61.4393,77.1764,17.1474,54.717,0.7,20.6,4,4,73.4566,24.1667,4.7935,4.039,61.7925,22.1918,19.044,0.7542,2557.198,50,0.9946,0.9837,0.9781,8,12.828,9.51,102.177,87.5947,4.268,4.268,10.742,10.748,58.086149999999996,26.95,7621234,24173291,3.171834246265106,6643324,3.6387343143281887,1.1472019127773987,110996,68.66224008072363,217.7852445133158,105.15606,15.846448988021153,1147.2019127773988,68.66224008072363
Bulgaria,2023,57.1601,45078.32,0.1862,6.1727,60900,11,134.146,136.16,6.027,50,907000000,161.6716,40.393,36.0803,15892.404,9819.5735,4.9961,33141.7699,37507.7734,39,53.3019,92,92,92,5,80.4,75.7073,96.0275,6,83.3811,9.2,0.73,6.1,5.6,6.6,54.9876,2.6,5173,0,99.0625,86.0559,95.6543,61.4393,77.1764,17.1474,55.4502,0.7,20.6,4,4,73.4566,24.1667,4.7935,1.887,65.566,22.1918,22.549,0.7542,2557.198,53.7736,0.9946,0.9837,0.9781,8,11.442,9.51,102.177,87.5947,4.319,4.319,12.048,12.092,60.2941,26.63,8640448,26865046,3.109219105305651,6446596,4.1673227234962456,1.3403116931788497,110996,77.84467908753469,242.03616346535011,107.43598,15.971965107022562,1340.3116931788497,77.84467908753469
Croatia,2000,48.883,29781.19,0.2035,4.336,26100,8,69.322,70.94,4.967,57.4468,-312000000,34.287,26.75,0.0789,5054.8,8879.965,3.9658,21303.8047,10672.2332,32.6,63.9344,93,94,93,7.2,6.8092,72.8078,101.7271,8,83.0039,15.2,0.56,8.3,7.5,9.1,52.2457,5.5,-47629,0,98.6494,98.4674,85.1164,78.1955,89.1045,22.6073,58.2011,0.9,20.6,7,4,78.797,20.5298,6.5069,3.749,59.376455,57.3726,26.8,1.0425,1554.7175,50.7463,0.9899,1.0108,1.0213,8,20.366,20.49,99.8051,48.2481,16.064,16.064,41.82,36.306,65.1741,33.76,5921998,30857685,5.210688183278684,4468302,6.905908553181947,1.3253352168228558,56594,104.64003251228046,545.246580909637,91.87292,15.594184618781789,1325.3352168228557,104.64003251228046
Croatia,2001,49.3565,31624.1,0.2093,4.7772,27300,8,72.275,72.64,3.979,59.94035,-502000000,36.1005,26.75,0.0789,5364.441,9515.4091,7.1559,22828.2901,11654.259,32.6,63.8591,94,94,94,6.9,11.6,74.5129,101.7271,7,83.5298,15.1,0.62,8,7.2,8.8,53.0679,5.3,19298,0,98.6556,98.4687,85.1689,78.2021,89.1045,22.9227,63.4921,0.9,20.6,7,4,78.8444,20.5298,5.8948,3.108,59.376455,56.3549,26.9,0.9176,1549.1918,49.5025,0.9901,1.0092,1.0188,8,20.366,19.57,98.588,49.2929,15.822,15.822,39.677,36.306,65.1741,32.24,6464933,33913895,5.245823119899309,4299642,7.887609014890077,1.5035979739708563,56594,114.23354065802029,599.2489486518006,95.4781,15.681903361319279,1503.5979739708562,114.23354065802029
Croatia,2002,49.6449,32754.25,0.2056,4.964,28500,8,74.107,74.71,4.114,62.4339,-1708000000,37.9386,26.75,0.0789,6215.467,10061.6943,5.7411,24138.8757,12774.6522,32.6,63.7838,95,94,95,6.6,17.8,74.7173,103.3691,7,83.6594,14.7,0.51,7.7,7,8.4,53.4736,5,10306,0,98.6605,98.2785,85.2102,78.2087,89.025,23.4705,68.7831,0.9,20.6,7,4,78.7322,20.5298,4.8536,5.804,62.1622,46.3389,24.6,0.9409,1990.8424,48.2587,0.9916,1.0094,1.0183,8,20.366,19.37,97.2568,52.8847,15.053,15.053,36.533,36.306,65.1741,34.56,6772646,34346675,5.0713819975235674,4302174,7.983562496542445,1.5742380480194431,56594,119.67074248153514,606.8960490511362,96.41863,15.728402558132185,1574.238048019443,119.67074248153514
Croatia,2003,49.7926,36166.45,0.2075,5.2854,29900,8,75.884,76.32,3.578,63.4921,-3150000000,47.8655,28.261,0.0789,8189.464,10618.9433,5.5383,25475.7643,13693.2504,32.6,62.7027,94,94,94,6.6,22.8,74.6139,98.9081,8,83.731,16.5,0.81,8.2,7.5,8.8,54.2936,4.8,12556,0,98.6654,98.0891,85.2517,78.10495,88.9454,24.0769,64.3216,0.9,20.6,7,4,78.6205,21.120150000000002,5.1205,5.568,65.9459,41.6398,24.8,0.9407,1361.1721,51.2438,0.9944,1.0088,1.016,8,18.206,19.64,96.7426,54.7423,13.924,13.924,36.089,35.818,66.6667,32.94,7180065,35245898,4.90885500340178,4303399,8.190246361074118,1.6684636957902346,56594,126.86972117185567,622.7850655546524,94.98736,15.786819133182716,1668.4636957902346,126.86972117185567
Croatia,2004,49.8468,37033.01,0.199,5.2795,30200,8,77.511,77.81,4.073,61.0837,-2493000000,62.0824,17.511,0.6079,9714.208,11058.7184,4.1414,26530.8229,14688.1194,32.6,67.6617,96,94,96,6.1,30.9,75.5202,99.6072,7,83.949,14.3,0.87,7.1,6.4,7.7,54.7222,4.5,15445,0,98.6703,97.9003,85.2929,77.98495,88.8659,24.5683,70.3884,0.9,20.6,7,4,78.509,21.7105,5.1913,4.172,67.1642,55.223,26.6,1.02,1657.5648,54.8077,0.99695,1.01555,1.02495,8,16.751,19.95,97.4556,57.4346,13.664,13.664,32.826,32.763,69.2308,33.61,7620847,35991471,4.722765199196362,4304600,8.361165032755657,1.770396087905961,56594,134.65821465172988,635.9591299431036,95.92665,15.846398207560231,1770.396087905961,134.65821465172988
Croatia,2005,49.9614,37344.76,0.1918,5.3011,30700,8,79.833,80.91,3.875,58.5366,-3289000000,67.8761,28.214,2.6936,10448.914,11522.395,4.1929,27643.2231,15450.8793,32.6,67.6471,96,94,96,5.8,33.1,75.2446,100.3063,7,85.4038,14.1,0.85,6.7,6.1,7.3,54.1465,4.2,10629,0,98.6751,97.7121,85.3342,77.86495,88.7862,24.7706,59.2233,0.9,20.6,7,4,78.3978,21.7105,5.8122,4.326,64.7059,54.4332,26.8,0.8478,1327.9733,55.0239,0.9995,1.0223,1.0339,8,16.719,20.02,97.5241,59.1826,12.598,12.598,32.541,32.263,63.4615,31.11,7975696,37292448,4.675760961801954,4310145,8.652249054266155,1.850447258734915,56594,140.92829628582535,658.9470261865215,97.60186,15.891909600935312,1850.447258734915,140.92829628582535
Croatia,2006,49.9784,38597.36,0.184,5.3429,31200,8,82.458,82.62,3.779,58.0488,-3932000000,80.2861,27.471,5.8344,11503.712,12105.0538,5.0568,29041.0719,17634.8125,32.6,69.2683,96,94,95,5.5,38,75.8368,97.9011,6,85.6431,14.5,0.57,6.4,5.9,7,53.2767,4,10852,0,98.68,97.5246,85.3754,77.7449,88.7066,24.4359,63.7681,0.9,20.6,7,4,78.287,21.7105,5.8432,5.084,62.2549,51.897,25.5,0.7321,1338.9552,52.1531,0.9969,1.0225,1.0354,8,14.182,18.22,98.5435,63.7203,11.13,11.13,29.1,28.878,60.5769,32.79,8163542,37344622,4.574561140250151,4311159,8.662316096437177,1.8935840686924328,56594,144.2474820652366,659.8689260345619,99.59939,15.915188823883048,1893.5840686924328,144.2474820652366
Croatia,2007,50.0158,40525.53,0.1863,5.685,32700,8,84.65,87.09,5.195,58.2524,-4709000000,95.6617,22.72,8.9679,13759.504,12719.0033,5.0718,30513.99,19570.7956,32.6,67.9612,96,94,96,5.3,41.4,75.7056,100.1829,6,85.6976,14.6,0.55,6.1,5.6,6.6,53.7895,3.9,8893,0,98.6849,97.3378,85.4167,77.6248,88.6269,23.6377,67.1498,0.9,20.6,7,4,78.1765,20.915,6.3845,5.048,64.5631,38.6081,22.7,0.783,1419.9678,54.5455,0.9995,1.0242,1.0365,8,12.866,17.74,100.4769,68.2166,9.909,9.909,25.123,25.18,62.9808,33.47,8620730,38318838,4.444964405566582,4310217,8.890234064781426,2.0000686740365974,56594,152.32586493267837,677.0830476728981,99.44643,15.969680441828546,2000.0686740365975,152.32586493267837
Croatia,2008,50.079,40119.73,0.1739,5.4109,31400,8,89.563,89.56,4.581,56.3107,-7510000000,109.1812,32.103,12.2372,15886.172,12970.9291,1.9807,31118.3819,21019.7988,32.6,70.8738,96,97,96,5,44.2,75.9122,95.773,6,85.759,15.7,0.52,5.9,5.4,6.4,53.7637,3.8,6495,0,98.6849,97.1516,85.4167,77.5047,88.5471,22.685,66.3462,0.9,20.6,7,4,78.0665,20.915,6.3972,1.968,64.0777,46.1648,24.1,0.8757,1551.807,55.7692,1.0019,1.0259,1.0372,8,11.622,18.18,99.1324,71.1381,8.53,8.53,23.678,23.682,60.5769,34.25,8673601,38532072,4.442453832035852,4309705,8.940767871582858,2.0125741785110582,56594,153.26008057391243,680.8508322437008,102.9496,15.975794718072947,2012.5741785110583,153.26008057391243
Croatia,2009,49.9484,36515.72,0.1734,5.0337,28800,8,91.555,91.21,3.16,55.9809,-4041000000,81.035,37.204,16.6419,14461.183,12099.7971,-6.716,29028.4608,20349.4886,32.6,69.8565,96,97,95,4.8,50.6,76.1683,98.7914,6,85.9121,13,0.55,5.7,5.2,6.1,53.5875,3.7,1358,0,98.6849,96.9661,85.4167,77.38465,88.4673,21.8868,68.2464,0.9,20.6,7,4,77.9568,23.5294,6.6783,-6.814,65.0718,56.2489,27.2,0.833,1606.7611,55.4502,0.999,1.0267,1.0391,8,13.502,18.14,99.415,69.0736,9.202,9.202,25.213,25.238,61.1374,36.18,8329470,37484621,4.500240831649553,4305181,8.70686296348516,1.9347548918384616,56594,147.1793829734601,662.342668834152,104.1319,15.935310506724312,1934.7548918384616,147.1793829734601
Croatia,2010,49.6358,35159.79,0.1698,4.8746,28200,8,92.547,92.79,4.151,58.5714,-1273000000,91.3397,27.426,19.48,13744.345,11965.4855,-1.11,28706.2355,20143.8016,32.4,69.378,97,97,96,4.7,56.6,76.4756,97.9668,6,87.8301,10.5,0.43,5.5,5,5.9,54.2956,3.5,-3995,0,98.6849,96.7813,85.4167,77.2645,88.3875,21.552,66.8246,1.2,20.9,7,4,77.8474,23.5294,6.6466,-1.332,66.5072,63.1098,29.8,0.7305,1649.2494,56.872,1.0007,1.0494,1.071,8,15.666,18.03,100.1749,60.4524,11.62,11.62,32.355,32.373,61.6114,33.53,7919729,37009182,4.673036413240908,4295427,8.615949473707737,1.843758257328084,56594,139.93937519878432,653.9417959501008,103.66806,15.884867672300409,1843.758257328084,139.93937519878432
Croatia,2011,49.4544,34549.74,0.166,4.7779,27800,8,94.592,94.77,4.669,58.2938,-1083000000,103.198,23.572,20.8566,14690.167,11995.1325,0.2478,28777.3614,21195.7152,32.3,68.7204,96,96,96,4.5,57.8,76.7756,97.9377,5,87.9658,11.1,0.44,5.3,4.8,5.7,54.3117,3.4,-17463,0,98.6849,96.5971,85.4167,77.14435,88.3076,23.6136,68.2464,0.6,20.4,7,4,77.7382,23.8411,6.2634,-0.1,64.9289,47.6385,27.2,0.7365,1594.225,58.216,0.9969,1.0268,1.0396,8,16.218,16.31,100.4456,54.4535,13.678,13.678,36.666,36.655,64.3193,35.67,8520950,39250790,4.606386611821452,4280622,9.169412762911557,1.990586881999859,56594,150.5627805067675,693.5503763649857,100.92836,15.958038512294792,1990.5868819998589,150.5627805067675
Croatia,2012,49.6036,32436.53,0.156,4.4093,26000,8,97.763,98.94,3.842,58.2938,-1015000000,95.7122,25.768,21.5819,13492.197,11780.533,-1.7891,28262.5186,21620.1672,32.5,71.564,96,96,95,4.4,61.9,77.1683,96.1163,5,88.0808,9.6,0.81,5.2,4.7,5.6,54.4239,3.3,-4794,0,98.6849,96.414,85.4167,77.02414999999999,88.2277,20.9195,65.4028,0.8,19.5,7,4,77.6334,23.8411,6.3252,-2.252,63.0332,50.431,29.4,0.7372,1567.4617,59.1549,1.0005,1.0267,1.038,8,16.589,18.26,99.1383,47.3271,15.935,15.935,42.118,42.076,64.7887,36.93,11543653,62183925,5.386849812619974,4260368,14.59590462607925,2.7095436356671536,56594,203.97308902003746,1098.772396367106,100.59156,16.261646406706692,2709.5436356671535,203.97308902003746
Croatia,2013,49.8941,31635.83,0.1528,4.3409,25100,8,100.038,99.39,3.191,61.1374,-628000000,98.003,23.871,22.5043,14063.402,11839.2458,0.4984,28403.3757,22432.258,32,71.09,96,96,94,4.3,66.7,77.5707,97.0866,5,87.5371,9.2,0.36,5.1,4.6,5.5,54.8304,3.2,-6245,0,98.6849,96.2322,85.4167,77.80799999999999,88.1477,20.264,66.3507,0.7,19.4,7,4,77.5328,23.8411,5.4442,-0.126,63.981,66.7575,32.8,0.7951,1535.6204,58.216,1.003,1.024,1.033,8,19.634,16.34,98.3352,39.5058,17.251,17.251,49.91967999999999,49.932689999999994,64.3193,37.41,12205708,64418292,5.277718588712756,4233922,15.214803673756862,2.882837236963742,56594,215.6714139308054,1138.253030356575,100.79659,16.31741435106832,2882.837236963742,215.6714139308054
Croatia,2014,50.405,30399.47,0.1478,4.2067,24300,8,100.258,99.29,2.813,62.0192,175000000,107.0425,24.365,23.3319,14190.35,11863.8584,0.2079,28462.4234,22708.1886,32.1,73.0769,95,95,94,4.2,68.6,77.7244,98.0569,4,87.7172,8.2,0.38,5,4.5,5.4,55.1557,3.2,-13127,0,98.6849,96.0518,85.4167,78.64185,88.0677,19.8289,67.1429,1,20,7,4,77.4367,23.8411,5.5295,-0.555,62.5,74.1793,33.6,0.769,1445.0427,63.4615,0.9959,1.0232,1.0354,8,19.326,17.03,99.0912,42.9153,17.29,17.29,45.601,45.507,64.0394,35.37,12882822,66124991,5.132803278660529,4201598,15.738057520019764,3.066171965999603,56594,227.63582711948263,1168.409919779482,100.13742,16.371405431643343,3066.1719659996033,227.63582711948263
Croatia,2015,51.1801,31109.62,0.1473,4.3408,24800,8,100.001,98.99,2.79,60.9524,1301000000,100,26.118,23.5726,12286.053,12285.3033,3.5523,29473.5061,23759.0503,31.1,70,94,94,93,4.2,69.8,77.2756,99.0272,4,88.62,9.3,0.37,4.9,4.4,5.4,55.3278,3.1,-27501,0,98.6849,96.0776,85.4167,79.48134999999999,88.0868,20.1719,64.7619,0.6,19.5,7,4,77.5099,15.2318,5.531,2.322,61.9048,67.306,33.1,0.8238,1513.8384,60.4762,1,1.0319,1.0467,8,18.119,17.37,100,46.8097,16.175,16.175,42.455,42.328,65.5172,33.77,14157026,71339000,5.039123329998829,4151725,17.182978159680616,3.4099141922935647,56594,250.15065201258085,1260.5399865710147,100,16.46572166655854,3409.9141922935646,250.15065201258085
Croatia,2016,52.0599,29825.86,0.1443,4.4493,24800,8,99.371,99.69,2.932,60.9524,1102000000,106.8667,29.502,25.2341,12817.079,12849.3464,4.5912,30826.6944,25804.7668,30.9,68.0952,93,92,90,4.1,72.7,77.922,99.9975,4,88.9651,8.1,0.4,4.9,4.4,5.3,55.6643,3,-32144,0,98.6849,96.104,85.4167,80.3264,88.1059,18.1778,67.619,0.6,20,7,4,77.587,12.5828,5.5349,3.461,63.3333,66.8353,31.8,0.8443,1871.3992,62.381,1.0041,1.032,1.0453,8,16.901,16.19,98.9978,59.2956,13.103,13.103,31.408,31.271,65.0246,30.38,15446591,77824114,5.038271162873413,4106867,18.949752694694034,3.7611617322888713,56594,272.93690143831503,1375.1301198006856,100.3522,16.552898954451855,3761.1617322888715,272.93690143831503
Croatia,2017,53.154,32238.96,0.1437,4.6507,24800,8,100.665,100.95,3.326,56.6667,1890000000,124.3249,27.88,26.8651,13899.034,13485.8817,4.9538,32353.7976,27889.6335,30.4,70.9524,92,92,89,4.1,67.1,77.7268,98.1799,4,88.8851,8.7,0.33,4.8,4.3,5.3,55.3772,3,-44557,0,98.6849,96.131,85.4167,82.28684999999999,88.125,18.7614,70.4762,0.5,19.3,7,4,77.6679,18.543,5.4782,3.281,64.7619,61.0532,29.8,0.8415,1900.861,61.9048,1.0012,1.033,1.0486,8,15.354,15.48,97.9068,64.7776,11.208,11.208,27.517,27.354,61.5764,29.28,17409937,86094847,4.945155574083927,4041407,21.303186489259804,4.307890049183366,56594,307.6286708838393,1521.2716365692477,100.8722,16.672551750566292,4307.8900491833665,307.6286708838393
Croatia,2018,54.4042,28292.67,0.132,4.4536,24800,8,102.233,101.86,3.579,57.1429,689000000,134.637,26.095,28.0156,15465.998,14060.719,4.2625,33732.882,29789.1943,29.7,70.9524,93,93,93,4,75.3,77.9195,98.6394,3,88.966,8.4,0.36,4.8,4.3,5.2,55.5244,3,-25016,0,98.6849,96.1406,85.4167,84.40225000000001,88.125,20.0014,71.6981,0.4,18.3,7,4,77.7348,18.543,5.5182,2.903,69.0476,72.374,32.8,0.9431,1973.0153,61.9048,1.0031,1.0326,1.0474,8,13.571,16.76,96.4431,71.2004,8.432,8.432,23.897,23.711,60.6796,28.41,18648937,89567653,4.802828869012749,3988775,22.454927389988153,4.675354463463093,56594,329.52145103721244,1582.6351380004949,101.43343,16.741299758733014,4675.354463463093,329.52145103721244
Croatia,2019,55.5626,28096.13,0.1295,4.5485,24800,8,103.042,103.25,3.831,58.0952,1510000000,132.924,24.268,28.9683,15566.354,14641.2299,4.1286,35125.578,33064.259,28.9,69.0476,94,93,93,4,79.1,78.2244,101.395,4,88.966,7.9,0.4,4.7,4.2,5.2,55.7384,3,-13239,0,98.6849,96.1508,85.4167,85.37275,88.125,15.9149,70.283,0.3,18.3,7,4,77.8053,20.5298,5.4986,3.1,71.9048,66.2484,31.6,1.0703,2203.5505,61.9048,1.0071,1.0387,1.0545,8,11.776,14.91,96.8025,78.3312,6.617,6.617,16.729,16.627,60.3865,26.95,19553495,91178083,4.663006945817103,3949390,23.086624263493857,4.951016486090257,56594,345.50473548432694,1611.0909813761175,100.95156,16.78866465193804,4951.016486090257,345.50473548432694
Croatia,2020,56.5385,28287.68,0.1356,4.406,24800,8,103.011,102.96,2.914,59.5238,-769000000,133.0206,29.129,26.0745,14797.883,13544.9715,-7.4875,32495.5593,31595.8743,29.5,68.0952,94,91,91,4,78.3,77.5244,98.5964,5,88.966,7.9,0.36,4.7,4.2,5.1,55.4014,2.9,-8552,0,98.6849,96.1616,85.4167,86.2114,88.125,16.1209,66.5094,0.3,19.2,7,4,77.8797,31.1258,6.2555,-8.312,63.3333,64.9877,32.4,1.2299,2295.4441,59.5238,1.002,1.0391,1.0574,8,12.242,14.67,95.6062,78.3312,7.507,7.507,21.222,21.105,64.7343,29.85,6997382,40771344,5.8266568839603154,3914206,10.416248914850163,1.7876887419824097,56594,123.64176414460897,720.4181361981836,99.11901,15.761046779974725,1787.6887419824097,123.64176414460897
Croatia,2021,57.4325,28394.4,0.1237,4.5682,24800,8,105.817,108.31,6.251,56.6667,376000000,169.6977,29.833,26.7158,17802.327,15394.4707,12.592866999999991,36932.668,36932.668,28.9,69.5238,92,90,89,3.9,81.3,76.4244,99.8663,12,88.966,7.9,0.29,4.6,4.2,5.1,55.3256,2.9,-4517,0,98.6849,96.1728,85.4167,86.73435,88.125,16.1209,66.0377,0.3,18,7,4,77.9574,31.1258,6.7396,11.506899999999995,68.0952,69.881,34.1,1.2312,2414.4221,58.5714,1.002,1.0391,1.0574,8,12.69,15.68,96.2335,78.3312,7.608,7.608,21.996,21.904,64.7343,26.49,12770754,70171684,5.494717383170954,3878981,18.090236585330015,3.2922960952889433,56594,225.65561720323709,1239.9138424567975,99.10096,16.362668349205432,3292.2960952889434,225.65561720323709
Croatia,2022,58.1919,28394.4,0.1135,4.5239,24800,8,117.108,122.03,8.797,59.9057,-2472000000,169.6977,23.719,27.6586,18480.292,16616.3915,7.9374,39864.1618,41959.5294,28.9,70.283,92,90,90,3.9,82.1,77.5756,101.6261,6,88.966,7.9,0.29,4.6,4.1,5.1,55.4449,2.9,11681,0,98.6849,96.1728,85.4167,87.37540000000001,88.125,16.1209,69.3396,0.3,18,7,4,77.9574,31.7881,6.0943,7.286,68.3962,69.881,28.088,1.4032,2534.4243,60.8491,1.002,1.0391,1.0574,8,11.916,15.68,96.2335,78.3312,6.96,6.96,18.083,18.042,66.6667,26.85,17769145,90005383,5.065262453539549,3855641,23.343818317109918,4.608609826485401,56594,313.9757748171184,1590.369703502138,100.41797,16.69297414045038,4608.609826485402,313.9757748171184
Croatia,2023,58.6141,28394.4,0.1099,4.5228,24800,8,126.937,128.56,6.027,59.9057,347000000,169.6977,23.719,28.4709,21869.502,17147.166,3.1943,41137.5358,45602.9601,28.9,75.4717,93,92,90,3.9,83.2,78.4732,101.6261,3,88.966,7.9,0.29,4.6,4.1,5,55.4449,2.8,10202,0,98.6849,96.1728,85.4167,87.37540000000001,88.125,16.1209,67.7725,0.3,18,7,4,77.9574,31.7881,6.0943,3.302,72.1698,69.881,28.051,1.4032,2534.4243,59.434,1.002,1.0391,1.0574,8,9.828,15.68,96.2335,78.3312,6.086,6.086,18.901,18.958,65.6863,25.65,19486573,92341148,4.738706390292434,3859686,23.924523393871937,5.048745675166322,56594,344.3222426405626,1631.6420115206558,101.9036,16.785236273579656,5048.745675166322,344.3222426405626
Cyprus,2000,47.5479,12901.49,0.2845,7.526,8300,9,74.903,75.82,4.967,83.5106,-489000000,28.8607,18.489,0.3544,14464.816,22383.8652,4.8442,36125.1289,21291.2109,30.1,84.153,97,89,86,5.8,15.3,77.9,91.2686,12,93.72,12.3,0.12,6.6,6.2,7.1,54.5224,3.7,10753,0,99.8894,99.7397,95.8531,78.1955,86.4481,20.307,68.7831,0.1,16.1,3,6,76.2621,8.6667,2.484197,5.965,83.1522,0,3.1,0.297842,682.155665,84.0796,1.0018,1.012,1.0226,6,10.053,2.8834999999999997,106.9542,86.2714,4.766,4.766,8.904,9.224,80.597,28.86,2519525,17419055,6.913626576438019,947667,18.380987203310866,2.658660689883683,9253,272.2927699124608,1882.5305306387118,101.42813,14.739581346557383,2658.660689883683,272.2927699124608
Cyprus,2001,46.5566,12877.02,0.2685,7.2579,8210,9,76.393,77.46,3.979,83.55425,-316000000,29.6178,18.55,0.3544,14905.024,23019.1484,2.8381,37150.4023,22868.7598,30.1,85.31975,97,89,86,5.4,18.8,78.185,91.5247,11,94.2445,11.8,0.12,6.2,5.8,6.6,54.7791,3.4,11283,0,99.8893,99.7395,95.853,78.2021,86.4481,20.1814,60.3175,0.1,16.1,3,6,76.3014,10.7143,2.484197,3.952,83.73825,0,3,0.297842,682.155665,83.0846,1.0024,1.0058,1.0096,6,7.774,2.8834999999999997,108.5056,89.0472,4.043,4.043,7.976,8.348,82.3383,28.1,2676102,18826208,7.03493663544962,964127,19.526688911315624,2.7756737442266424,9253,289.2145250189128,2034.6058575597103,100.57486,14.79987218977353,2775.673744226642,289.2145250189128
Cyprus,2002,45.8165,13165.36,0.2654,7.3105,8430,9,78.517,79.87,4.114,83.5979,-393000000,25.5817,17.301,0.8237,16188.394,23604.0801,2.5411,38094.418,23556.3223,30.1,86.4865,97,88,86,5,28.3,78.758,100.853,11,94.3039,12.1,0.13,5.8,5.4,6.1,55.2011,3.2,12814,0,99.8894,99.7396,95.853,78.2087,86.4481,20.036,51.8519,0.1,16.1,3,6,76.277,10.7143,2.4922,3.723,84.3243,0,3.2,0.297842,682.155665,82.0896,1.0016,1.0115,1.0216,6,8.379,2.8834999999999997,109.7402,90.3078,3.336,3.336,7.449,7.906,84.0796,28.27,2416761,16159347,6.686365346014769,981440,16.464936216172156,2.462464338115422,9253,261.1867502431644,1746.3900356641088,100.85025,14.697939185660546,2462.464338115422,261.1867502431644
Cyprus,2003,45.1492,13889.36,0.2827,7.8464,8810,9,81.64,81.71,3.578,84.6561,-297000000,28.0094,17.938,1.3879,20389.495,23930.6699,1.3836,38621.5,24281.0449,30.1,84.3243,97,89,86,4.6,30.1,78.908,94.8548,10,94.3498,11.8,0.13,5.4,5,5.7,55.7415,3,12786,0,99.8815,99.7194,95.8455,78.10495,86.3142,19.8757,63.8191,0.1,16.1,3,6,76.1631,10.7143,2.484197,2.624,85.4054,0,3.2,0.3183,686.5438,81.592,1.0036,1.0103,1.0169,6,8.933,2.8834999999999997,109.9329,88.3391,4.153,4.153,8.611,9.057,78.607,27.07,2231455,14457937,6.479152391600996,999590,14.463867185546073,2.2323702718114427,9253,241.16016427104722,1562.5134550956448,101.39306,14.618164845178374,2232.3702718114428,241.16016427104722
Cyprus,2004,44.3235,14498.5,0.2673,7.6515,9040,9,83.188,84.86,4.073,79.3103,-788000000,28.7555,15.569,2.3288,23969.991,24799.5469,3.6308,40023.7734,25945.5469,30.1,83.0846,98,88,86,4.3,33.8,79.007,96.5606,10,94.4065,14.6,0.001,5,4.7,5.3,55.433,2.8,12583,0,99.8737,99.699,96.1055,77.98495,86.1804,19.7058,59.2233,0.1,16.1,3,6,76.0914,16.0714,2.484197,5.026,86.0696,0.0193,3.3,0.3356,806.4818,78.8462,0.9951,1.0115,1.0274,6,21.793,2.8834999999999997,110.825,88.2469,4.77,4.77,10.213,10.821,79.8077,28.05,2186842,14717269,6.729918759562876,1017875,14.458817634778336,2.1484386589708953,9253,236.3387009618502,1590.5402572138767,101.53272,14.597969509244814,2148.438658970895,236.3387009618502
Cyprus,2005,43.3855,14591.14,0.2588,7.6294,9160,10,84.873,86.07,3.875,79.512200000000007,-995000000,44.4521,17.068,4.2817,25527.252,25631.2656,3.3538,41366.0781,27763.2793,30.3,83.8235,98,88,86,3.9,32.8,79.198,96.7109,10,94.2961,12.6,0.11,4.6,4.3,4.9,56.6852,2.6,12616,0,99.8659,99.6784,96.3654,77.86495,86.1778,19.5312,64.0777,0,15.6,3,6,76.1293,16.0714,2.484197,4.853,84.3137,0.0213,3.4,0.3673,930.3379,79.4258,0.9987,1.0091,1.0191,6,19.517,2.8834999999999997,109.8161,83.1673,5.481,5.481,13.541,14.6,79.8077,28.33,2218786,15058319,6.786737882788155,1036151,14.532938731902975,2.1413732168380863,9253,239.79098670701393,1627.3985734356424,101.75233,14.612471208123157,2141.373216838086,239.79098670701393
Cyprus,2006,42.4094,15131.19,0.2504,7.5972,9360,10,86.784,87.36,3.779,82.439,-1284000000,40.4555,17.226,8.3235,27448.397,26395.4102,2.9813,42599.3242,30015.1016,31.1,86.3415,97,93,87,3.6,35.8,79.456,96.1195,10,94.7022,9.2,0.45,4.2,4,4.5,60.5824,2.4,12110,0,99.8582,99.6576,96.6253,77.7449,86.177,19.3234,62.8019,0,15.5,3,6,76.1688,14.2857,2.484197,4.714,87.2549,0.0292,3.5,0.3835,1005.3588,86.6029,0.997,1.0074,1.0171,6,10.727,3.31,111.1352,86.9878,4.593,4.593,9.872,10.436,82.2115,28.44,2287229,14438592,6.312700652186554,1054418,13.69342329133228,2.1691862240591493,9253,247.18783097373824,1560.4227818004972,101.78987,14.64285203637851,2169.1862240591495,247.18783097373824
Cyprus,2007,41.4812,15888.49,0.2471,7.7451,9670,10,88.668,90.71,5.195,82.5243,-2565000000,42.3025,17.689,12.5725,31774.245,27156.6836,2.8841,43827.9336,32889.1211,31.1,88.3495,97,94,87,3.3,40.8,79.798,82.9766,10,94.8826,11.1,0.76,3.9,3.7,4.2,60.6587,2.2,12332,0,99.8504,99.6365,96.8852,77.6248,86.1763,19.0776,62.8019,0,15.9,3,6,76.2091,14.2857,2.484197,5.096,88.3495,0.0636,4.3,0.4001,1054.2065,85.1675,0.9925,1.0061,1.0184,6,8.995,3.02,109.6267,87.7213,3.946,3.946,9.486,10.288,83.6538,29.71,2325608,14377667,6.182326084189597,1072714,13.403075749920296,2.167966485009052,9253,251.335566843186,1553.8384307792066,100.20401,14.659492498188355,2167.9664850090517,251.335566843186
Cyprus,2008,40.6616,16578.86,0.2437,7.785,9820,10,92.556,92.49,4.581,83.9806,-4121000000,49.557,20.436,18.4811,36009.56,27449.043,1.0766,44299.7695,34830.1523,31.7,89.8058,97,93,87,3.1,42.3,79.906,94.5666,10,94.9473,9.8,0.49,3.7,3.4,3.9,61.6175,2.1,11887,0,99.8426,99.6153,97.145,77.5047,86.1755,18.8345,68.75,0,15.8,3,6,76.2502,14.2857,2.5027,3.648,88.3495,0.2938,5.7,0.3859,1038.2142,87.5,0.9886,1.0007,1.0111,6,9.654,5.98,114.508941,88.8939,3.756,3.756,8.532,9.147,84.6154,36.21,2297038,14380375,6.260399262006114,1091026,13.180597895925487,2.1053925387662624,9253,248.2479195936453,1554.1310926186102,100.46155,14.647131460194927,2105.3925387662625,248.2479195936453
Cyprus,2009,39.9858,15397.92,0.2427,7.4696,9610,10,92.723,94.13,3.16,77.9904,-1740000000,38.1555,14.02373,21.4899,32650.09,26183.4609,-4.6107,42257.2617,33883.6172,32.1,88.0383,99,96,87,2.9,49.8,80.375,95.2633,10,94.9659,9.3,0.35,3.5,3.2,3.7,57.0399,2,11555,0,99.8349,99.5939,97.4048,77.38465,86.1747,18.635,57.8199,0.1,15.6,3,6,76.2917,12.5,2.7497,-2.016,88.5167,0.5983,6.3,0.4444,1095.4539,87.2038,0.9888,1.0019,1.0132,6,9.902,4.49,104.6249,83.1032,5.594,5.594,13.276,14.044,82.4645,41.23,2269023,13003669,5.730955129145892,1109371,11.721659390771888,2.0453238817311794,9253,245.2202528909543,1405.3462660758673,100.9093,14.634860341052887,2045.3238817311794,245.2202528909543
Cyprus,2010,39.4797,15206.6,0.2266,7.0166,9270,10,95.095,96.14,4.151,80,-2743000000,42.5501,14.32,23.1549,31522.055,26090.0488,-0.3568,42106.5039,33505.9688,31.5,91.3876,99,97,87,2.8,53,80.632,94.7114,10,95.9585,8.2,0.001,3.3,3.1,3.5,56.9852,1.9,11793,0,99.8271,99.5723,97.6645,77.2645,86.174,18.5197,61.6114,0,14.8,3,6,76.334,12.5,2.9737,2.282,90.9091,1.3739,6.5,0.4429,1104.8173,87.2038,1.0002,1.0062,1.0119,6,11.683,5.21,105.8251,79.8564,6.359,6.36,15.852,16.733,79.1469,40.35,2429235,13800788,5.681125127869473,1127816,12.236737198266384,2.1539284776949432,9253,262.53485356100725,1491.4933535069706,100.70269,14.703087362589473,2153.928477694943,262.53485356100725
Cyprus,2011,39.281438,14871.76,0.2183,6.6775,8980,10,98.406,100.35,4.669,77.7251,-609000000,55.1692,14.665,24.6113,32910.616,25538.7813,-2.1129,41216.8203,33406.0469,32.6,91.9431,98,97,87,2.6,56.9,80.855,92.8714,10,96.0752,7.8,1.14,3.2,3,3.3,56.661,1.8,12566,0,99.8194,99.5505,97.9243,77.14435,86.1732,18.4875,66.8246,0,14.7,3,6,76.3768,10.7143,3.0487,0.417,86.2559,3.6237,7.6,0.4526,1091.9904,83.0986,0.9922,1.0043,1.015,6,14.643,4.37,104.1855,73.527,7.942,7.942,21.156,22.412,80.7512,37.81,2494714,14284731,5.725999453243939,1146493,12.459501279118145,2.1759522299743654,9253,269.61136928563707,1543.7945531179078,101.20825,14.729685052186275,2175.9522299743653,269.61136928563707
Cyprus,2012,39.281438,14500.47,0.2103,6.1102,8430,10,101.445,101.96,3.842,84.8341,-938000000,52.7906,16.438,25.4741,29075.12,24285.4961,-4.9074,39194.1523,31923.9219,34.3,88.1517,98,97,86,2.5,60.7,81.128,95.6127,10,96.08,6.1,0.23,3,2.8,3.2,56.998,1.8,12237,0,99.8117,99.5284,98.184,77.02414999999999,86.1724,16.8766,66.8246,0,15.3,3,6,76.4203,10.7143,3.0012,-3.447,83.8863,5.449,8.6,0.4376,1022.0287,84.0376,0.9977,1.0086,1.0183,6,15.977,5.74,101.1887,64.1994,12.097,12.097,27.244,28.207,79.3427,40.59,2530150,14576573,5.761149734205482,1165397,12.507817507681931,2.1710627365610176,9253,273.4410461471955,1575.3348103317842,102.12323,14.743789542717163,2171.0627365610176,273.4410461471955
Cyprus,2013,39.3426,13313.06,0.2036,5.4392,7690,10,101.831,100.8,3.191,84.3602,-363000000,61.2761,18.701,26.7127,27671.485,22738.4902,-6.3701,36697.4531,30451.7813,37,88.1517,98,96,86,2.5,65.5,81.317,96.5972,10,96.0872,5,0.42,3,2.8,3.1,57.0947,1.7,11914,0,99.804,99.5063,98.4437,77.80799999999999,86.1717,16.2407,64.9289,0.1,14.4,3,6,76.4709,10.7143,3.156,-6.587,78.1991,7.6259,9.7,0.4848,1026.7035,82.6291,1.0023,1.0033,1.0043,6,18.668,6.01,99.6227,50.5629,16.131,16.131,38.083,39.124,77.4648,42.27,2388389,14048529,5.882010426274782,1183895,11.866363993428472,2.017399347070475,9253,258.12050145898627,1518.2674808170323,101.59186,14.686130056742844,2017.3993470704752,258.12050145898627
Cyprus,2014,39.5331,13335.54,0.2194,5.6716,8070,10,101.558,99.91,2.813,82.2115,-929000000,95.9985,18.136,28.7616,27076.651,22581.8281,-0.689,36444.6172,30170.9863,35.6,83.6538,98,97,86,2.4,69.3,81.337,100.8516,11,96.0071,5.3,0.22,2.9,2.7,3.1,57.9256,1.7,11599,0,99.7963,99.4842,98.7033,78.64185,86.1709,16.1115,63.8095,0.1,16.2,3,6,76.5273,12.5,2.9471,-1.777,82.6923,7.2975,9.5,0.512,1051.2821,82.6923,1.0085,1.0045,1.0008,6,17.008,5.7,99.8538,52.4203,16.277,16.277,35.516,36.032,78.3251,45.34,2369620,13715342,5.787992167520531,1201801,11.412323670890604,1.9717241040738025,9253,256.09207824489357,1482.2589430454987,101.50549,14.678240584711634,1971.7241040738024,256.09207824489357
Cyprus,2015,39.8216,13379.52,0.2133,5.6211,8120,10,99.993,99.42,2.79,79.5238,-54000000,100,25.219,30.725,23507.588,23487.2285,4.0094,37905.8359,31930.916,34,80.4762,96,98,90,2.4,71.7,81.464,97.6132,11,96.3632,6.7,0.19,2.9,2.7,3.1,57.9773,1.7,11277,0,99.7885,99.462,98.9628,79.48134999999999,86.1701,16.9122,62.381,0,16.1,6,6,76.5904,12.5,2.857,3.418,80.4762,8.8116,10.4,0.4753,1010.6162,80.9524,0.9998,0.9962,0.9928,6,15.301,4.95,100,56.3591,15.026,15.026,32.539,32.9,80.7882,42.4,2315875,13374837,5.775284503697307,1219502,10.967458027949114,1.8990333759190228,9253,250.28369177564034,1445.4595266400086,100,14.655298575654456,1899.0333759190228,250.28369177564034
Cyprus,2016,40.2003,13449.99,0.2109,5.8367000000000004,8120,10,98.778,99.52,2.932,76.6667,-831000000,89.9632,26.99,32.5787,24802.599,24916.6328,6.0859,40212.7383,35878.5938,32.9,77.619,96,98,90,2.4,75.9,81.534,98.3484,12,96.1317,5.2,0.5,2.9,2.7,3.1,57.5868,1.7,10951,0,99.7808,99.4399,99.2223,80.3264,86.1694,14.4813,65.2381,0,15.7,6,6,76.6598,17.8571,2.7959,6.574,81.9048,8.6892,10.3,0.5197,1058.5641,74.7619,1.0035,0.9948,0.9863,6,16.02,5.06,97.8858,61.6315,13.006,13.006,28.902,29.129,82.7586,42.98,2729961,15348884,5.62238215124685,1237112,12.407028627965778,2.2067209759504394,9253,295.0352318167081,1658.8008213552362,98.64739,14.819798247650347,2206.7209759504394,295.0352318167081
Cyprus,2017,40.613,13522.73,0.2033,5.8694,8120,10,99.452,99.13,3.326,76.1905,-1151000000,99.764,22.351,34.215,26834.797,26105.5859,4.7717,42131.5781,38415.2031,31.4,78.5714,97,97,90,2.4,80.7,81.543,98.9419,12,96.2333,6,0.24,3,2.8,3.1,58.2402,1.7,10632,0,99.773,99.4178,99.4817,82.28684999999999,86.1686,15.1071,64.7619,0,15.4,6,6,76.7351,17.8571,2.7464,5.752,80.9524,8.6972,10.9,0.5426,1209.6368,78.0952,1.0011,0.9928,0.9844,6,16.094,4.41,97.9693,67.3072,11.155,11.155,25.013,25.068,83.2512,42.13,2946461,16780913,5.695277487127778,1254275,13.378974307867095,2.3491347591237965,9253,318.4330487409489,1813.5645736517886,97.82144,14.896115686519892,2349.1347591237964,318.4330487409489
Cyprus,2018,41.0263,13566.84,0.1874,5.676,8120,10,100.228,100.13,3.579,72.381,-1000000000,153.2998,19.699,35.8108,29813.404,27406.4766,4.9832,44231.0742,40925.3633,32.7,76.6667,99,98,90,2.5,84.4,81.556,95.8225,13,96.3078,5.5,0.56,3,2.8,3.2,57.9554,1.7,10311,0,99.7652,99.3959,99.7411,84.40225000000001,86.1678,15.2495,63.2075,0,14.7,6,6,76.8161,17.8571,2.8687,6.272,78.0952,9.4354,12,0.614,1408.1802,75.2381,0.9912,0.9832,0.975,6,13.21,5.56,100.1592,74.2495,8.504,8.504,20.654,20.632,80.5825,40.55,3177161,17164182,5.402364563835449,1270737,13.507265468779142,2.5002506419503012,9253,343.36550308008214,1854.9856262833675,97.1108,14.971498903453048,2500.250641950301,343.36550308008214
Cyprus,2019,41.4645,13416.29,0.1771,5.6079,8120,10,100.776,100.85,3.831,70.9524,-1444000000,104.7875,23.736,36.7753,29911.926,28625.7793,4.449,46198.8945,45116.668,31.2,78.5714,95,95,86,2.6,86.1,81.454,98.0986,13,96.3453,5.8,0.26,3.1,2.9,3.3,58.2544,1.8,9983,0,99.7652,99.3958,99.7652,85.37275,86.1678,15.0067,64.1509,0.2,14.3,6,6,76.8146,17.8571,3.8271,5.877,80,10.0128,12,0.7095,1657.7253,75.2381,0.9931,0.9812,0.9687,6,13.659,4.5,97.5553,78.669,7.155,7.155,16.856,16.873,81.1594,39.83,3242957,17573684,5.419030841297001,1286671,13.658257627629752,2.5204244130784015,9253,350.4762779639036,1899.2417594293743,96.46518,14.991996434234268,2520.4244130784014,350.4762779639036
Cyprus,2020,41.9657,13355.11,0.1725,5.2228,8120,10,99.665,100.02,2.914,63.3333,-2476000000,92.9551,25.216,37.0625,28755.514,27391.5898,-4.3115,44207.0508,43353.875,31.7,76.6667,95,95,86,2.6,90.8,81.23,81.8366,36.58999999999992,96.3541,5.8,0.002,3.2,3,3.4,57.9573,1.8,9653,0,99.7652,99.396,99.7652,86.2114,86.1678,13.5087,56.6038,0,13.8,6,6,76.8192,19.6429,6.294,-3.219,80.9524,12.3048,15,0.8365,1739.8551,68.0952,0.9937,0.9819,0.9695,6,14.357,3.86,87.7673,78.669,7.755,7.755,18.491,18.533,75.3623,38.98,1104518,3725254,3.3727417751453577,1302247,2.860635501559996,0.8481632132767439,9253,119.36863719874636,402.5995893223819,95.14223,13.914920504048357,848.1632132767439,119.36863719874636
Cyprus,2021,42.5332,13124.78,0.1572,5.2411,8120,10,101.905,104.84,6.251,63.8095,-1632000000,114.907,22.427,37.6671,33920.585,30227.918,10.3547,48784.5781,48784.5781,31.3,73.8095,95,94,86,2.7,90.8,80.573,104.0013,36.58999999999992,96.3541,5.8,0.29,3.4,3.1,3.6,58.094,1.9,9341,0,99.7651,99.3963,99.7651,86.73435,86.1678,13.5087,58.9623,0,13.9,6,6,76.829,14.2857,7.6845,11.385,76.6667,15.135,15.6,0.8003,1743.0668,70.9524,0.9937,0.9819,0.9695,6,13.774,3.02,86.0503,78.669,7.513,7.513,17.173,17.139,73.43,39.55,2117531,9741618,4.600460630800683,1317309,7.39508953480163,1.6074671925873125,9253,228.84804928131416,1052.8064411542202,94.73886,14.565761817554726,1607.4671925873124,228.84804928131416
Cyprus,2022,43.0845,13124.78,0.1524,5.3969,8120,10,110.138,112.79,8.797,66.0377,-1669000000,114.907,25.542,37.8998,34266.25,32015.3516,5.9132,51669.3008,56019.418,31.3,75.4717,95,95,84,2.8,89.6,80.434,104.493,36.58999999999992,96.3541,5.8,0.29,3.5,3.2,3.7,58.0632,1.9,9014,0,99.7651,99.3968,99.7651,87.37540000000001,86.1678,13.5087,58.4906,0,13.9,6,6,76.8445,14.2857,7.1079,7.367,75.4717,15.135,19.427,0.7453,1727.635,68.8679,0.9937,0.9819,0.9695,6,14.721,3.02,86.0503,78.669,6.806,6.807,18.707,18.61,73.43,37.12,2822399,14252434,5.049758733616331,1331370,10.705088743174324,2.1199208334272215,9253,305.0252890954285,1540.3041175834865,93.963,14.85309814479461,2119.9208334272216,305.0252890954285
Cyprus,2023,43.631100000000004,13124.78,0.1484,5.3408,8120,10,114.48,115,6.027,62.7358,-3208000000,114.907,31.051,38.7322,36605.306,32341.3027,1.0181,52195.3477,57213.8203,31.3,76.4151,95,95,82,2.9,91.2,81.648,104.493,14,96.3541,5.8,0.29,3.5,3.3,3.8,58.0632,1.9,8697,0,99.7651,99.3968,99.7651,87.37540000000001,86.1678,13.5087,59.2417,0,13.9,6,6,76.8445,14.2857,7.1079,2.611,75.9434,15.135,20.213,0.7453,1727.635,71.6981,0.9937,0.9819,0.9695,6,13.644,3.02,86.0503,78.669,6.098,5.835,16.932,16.565,77.9412,35.1,3165534,15636125,4.939490461956813,1344976,11.625579192491168,2.3535988746267593,9253,342.1089376418459,1689.8438344320762,92.39981,14.967832635610295,2353.5988746267594,342.1089376418459
Czech,2000,43.3125,113612.9,0.4384,12.9022,148000,9,72.383,73.2,4.967,60.6383,-2717000000,18.4281,27.834,0.046183999999999996,6048.872,12543.9364,4.3027,29427.407,16328.7979,26.6,70.4918,98,86,97,4.5,9.78,74.9683,93.7666,7,85.2559,14.9,1.22,5.5,4.8,6.1,58.7837,2.7,4420,0,99.8061,99.1129,96.3219,78.1955,88.99185,20.4642,60.8466,0,10.4,3,5,85.7872,15,5.057,4.011,74.4565,3.8643,5.9,1.11,1352.2141,68.6567,0.9956,1.0107,1.0212,8,41.475079999999394,16.33,97.3018,75.968,8.764,8.764,16.97,16.98,71.1443,26.51,10863772,44199616,4.068533102498837,10255063,4.310028714596878,1.059356924477207,78871,137.74102014682202,560.4039000393046,75.6491001,16.20094423386423,1059.356924477207,137.74102014682202
Czech,2001,42.583,114592.4,0.4257,12.9419,148000,9,75.758,76.2,3.979,64.1816,-3273000000,21.1074,28.902,0.0606,6659.088,12958.4668,3.3046,30399.8731,17711.3355,26.6,75.78645,98,86,97,4.2,14.7,75.1732,93.7666,6,85.4441,13.4,1.34,5.2,4.6,5.8,59.6174,2.5,21749,0,99.8058,99.1131,96.3179,78.2021,89.0575,20.6939,71.9577,0,10.4,3,5,85.8084,15,5.127,2.917,78.84985,4.0056,6.3,1.0987,1465.0525,73.3831,0.991,1.0173,1.0342,8,41.475079999999394,16.18,99.4733,77.5021,8.128,8.128,16.557,16.56,73.8806,25.22,11283185,39122187,3.467299968936076,10216605,3.8292746954590102,1.104396714955702,78871,143.05872881033588,496.0275259601121,80.17962,16.238824210962107,1104.396714955702,143.05872881033588
Czech,2002,41.8905,117598.6,0.4041,12.4937,144000,9,77.2,76.7,4.114,67.7249,-4165000000,24.3809,28.767,0.1494,8096.686,13179.9878,1.7095,30919.5497,18344.0329,26.6,81.0811,98,86,98,4.1,23.9,75.222,93.7666,6,85.648,14.4,1.23,5,4.4,5.5,60.4027,2.4,26089,0,99.8114,99.115,96.4358,78.2087,89.08335,21.1575,83.0688,0,10.4,3,5,85.8322,17,5.4407,1.513,83.2432,4.3893,7.3,1.0982,1463.1328,78.1095,0.9873,1.0143,1.031,8,14.634,15.37,102.1018,79.4707,7.28,7.281,15.982,15.993,76.6169,26.08,10415255,37109835,3.5630270214219433,10196916,3.639319476594688,1.0214122583730219,78871,132.0543038632704,470.5130529598965,88.1649,16.158782212307916,1021.4122583730218,132.0543038632704
Czech,2003,41.2323,120328.5,0.4012,12.8176,147000,9,77.292,77.5,3.578,71.4286,-5696000000,30.8476,30.373,0.3385,9857.191,13618.935,3.3304,31949.2963,19606.5894,27.05,78.9189,97,92,97,3.9,34.3,75.1707,91.3939,6,85.6728,14.6,1.09,4.8,4.2,5.3,60.8078,2.4,25997,0,99.817,99.1169,96.5541,78.10495,89.10915,21.6913,76.8844,0,10.4,3,5,85.8569,17,5.7074,3.301,82.1622,2.7516,6.7,1.1421,1543.1345,79.602,0.9842,1.0126,1.0291,8,13.96,17.09,102.9459,77.7146,7.777,7.777,17.555,17.57,79.602,26.63,11346482,39343250,3.4674403925375286,10193998,3.8594523954193436,1.1130551526496277,78871,143.86126713240608,498.8303685765364,84.08694,16.244418386031317,1113.0551526496276,143.86126713240608
Czech,2004,40.7022,120138,0.3856,12.8984,148000,9,79.425,79.6,4.073,68.4729,-4452000000,43.6962,29.421,2.2998,11784.605,14259.6334,4.7045,33452.3408,20990.9328,27.5,79.1045,98,98,97,3.7,35.5,75.722,93.3986,5,85.9291,13.9,0.99,4.6,4,5.1,60.5373,2.3,26030,0,99.8226,99.1188,96.6727,77.98495,89.13505,22.1315,68.4466,0,10.4,3,5,85.8823,17,5.5634,4.736,79.1045,3.895,7.1,1.1394,1589.7319,70.1923,0.9862,1.0055,1.0161,8,13.822,16.44,105.7978,74.4561,8.298,8.298,20.377,20.392,80.2885,24.55,12219689,40780708,3.33729508173244,10197101,3.999245275691591,1.1983493151632019,78871,154.9325988005731,517.0557999771779,84.146,16.318559143137172,1198.349315163202,154.9325988005731
Czech,2005,40.3847,119361.9,0.3556,12.6373,146000,9,80.9,81.4,3.875,68.7805,-2869000000,49.4752,31.596,6.8974,13458.775,15147.7214,6.228,35535.748,22114.8363,26.9,76.9608,97,99,97,3.5,35.3,75.9244,90.1884,5,86.9798,12.9,1.1,4.4,3.8,4.9,60.9027,2.2,26203,0,99.8282,99.1207,96.7917,77.86495,89.09764999999999,22.3147,77.6699,0,9.9,3,5,85.9086,17,5.4041,6.375,80.3922,4.5771,7.5,1.161,2353.4104,78.4689,0.9858,1.0072,1.0185,8,13.408,15.88,105.0171,75.2852,7.927,7.927,19.248,19.271,75.9615,22.5,12361793,40320477,3.2617013567530213,10211216,3.948645979088093,1.2106092947206288,78871,156.73432567103245,511.2205626909764,88.81413,16.330121145092278,1210.609294720629,156.73432567103245
Czech,2006,40.25,119137.7,0.338,12.7733,147000,9,82.95,82.8,3.779,67.8049,-3834000000,60.1281,30.697,10.7962,15281.951,16107.3043,6.3348,37786.8782,23919.2927,26.7,83.4146,98,98,97,3.3,47.9,76.5244,97.1442,5,87.11,10.6,0.88,4.1,3.6,4.6,61.3583,2.1,26259,0,99.8338,99.1226,96.911,77.7449,89.01355,22.1683,85.5072,0.1,9.6,3,5,85.9357,15.5,5.2702,6.623,83.3333,5.011,7.9,1.2254,2552.5786,74.6412,0.9921,1.0088,1.0171,8,9.485,14.56,103.0125,77.6228,7.141,7.141,17.447,17.467,77.4038,20.81,12724926,41447797,3.257213205011958,10238905,4.0480693003792885,1.2428014519130708,78871,161.3384640742478,525.5137756589875,93.08603,16.3590733836457,1242.8014519130709,161.3384640742478
Czech,2007,40.3686,120472.1,0.3242,12.849,149000,9,85.317,87.3,5.195,66.9903,-8718000000,77.5907,29.5,14.4785,18513.803,16892.5429,4.875,39629.0061,26268.5653,26,77.6699,99,99,98,3.2,51.9,76.7244,97.1161,4,87.1881,12.2,0.87,3.9,3.4,4.4,61.8923,2,27887,0,99.8395,99.1245,97.0307,77.6248,89.24225000000001,21.8193,83.0918,0.1,9.547,3,5,85.9637,15.5,5.0156,5.489,82.0388,4.3591,8.3,1.2957,2701.6855,78.9474,0.9925,1.0071,1.0144,8,7.103,14.26,102.5727,85.1927,5.316,5.316,10.734,10.739,79.3269,23.28,12960921,40831072,3.1503218019768813,10298828,3.9646328689050834,1.258485043152483,78871,164.33062849463047,517.6943616791976,94.89295,16.37744938833324,1258.485043152483,164.33062849463047
Czech,2008,40.8263,121821.3,0.3011,12.1444,144000,9,90.742,90.5,4.581,66.0194,-4414000000,92.9829,29.289,16.9545,22895.716,17190.647,1.7647,40328.3427,27937.8416,26.3,79.1262,99,99,97,3,63,76.9756,96.3125,4,87.2889,10.6,0.91,3.7,3.3,4.2,62.3055,1.9,29813,0,99.8452,99.1264,97.1508,77.5047,89.471,21.4027,85.5769,0,9.547,3,5,85.9924,15.5,5.1272,2.612,86.4078,4.8812,9,1.2336,2876.0183,78.3654,0.9928,1.0063,1.0134,8,6.818,14.24,100.3242,87.0729,4.392,4.393,9.874,9.873,81.7308,21.45,12835886,39283474,3.060441172506518,10384603,3.7828575632597605,1.236049755585264,78871,162.7453183045733,498.0724727719948,107.99456,16.3677554778076,1236.0497555852642,162.7453183045733
Czech,2009,41.5984,117625.2,0.3002,11.4619,136000,9,91.667,91.4,3.16,68.8995,-4682000000,71.5463,28.907,19.5386,19863.767,16272.8085,-5.3392,38175.1423,27698.8106,26.2,76.0766,99,99,98,2.8,64.4,77.078,102.6913,4,87.4447,8.9,0.87,3.5,3.1,3.9,62.2431,1.8,31270,0,99.8509,99.1283,97.2713,77.38465,89.554,21.0536,79.1469,0,9.547,3,5,86.022,15.5,6.0081,-4.798,87.0813,6.3364,10.2,1.2866,2765.271,80.5687,0.9955,1.0065,1.0124,8,8.605,15.01,103.4787,78.9145,6.662,6.662,16.656,16.644,81.0427,21.57,11985909,36662192,3.0587744325440815,10443936,3.5103807606634128,1.1476429001479902,78871,151.968518213285,464.8374180624057,103.74738,16.299242351211856,1147.6429001479903,151.968518213285
Czech,2010,42.5753,117421.3,0.2954,11.5509,138000,9,93.017,93.5,4.151,69.0476,-7424000000,84.2309,27.845,21.6091,20184.18,16665.9318,2.4158,39097.3886,28156.9855,26.6,77.0335,99,99,98,2.7,68.8,77.4244,97.0124,4,88.1842,7.8,1.05,3.4,3,3.8,63.0586,1.7,34927,0,99.8566,99.1302,97.3921,77.2645,89.58715000000001,20.9071,82.9384,0,9.8,3,5,86.0525,22,6.4114,2.715,86.1244,7.5594,10.9,1.3267,2799.125,79.6208,0.996,1.0023,1.0059,8,9.044,15.1,100.9283,76.8167,7.281,7.281,18.356,18.337,78.673,24.29,12211878,36908811,3.0223697780144874,10474410,3.5237126482541736,1.1658774098016023,78871,154.8335636672541,467.9642834501908,107.19433,16.317919724500886,1165.8774098016022,154.8335636672541
Czech,2011,43.8657,114420.9,0.2834,11.253,136000,9,94.8,95.7,4.669,68.7204,-4792000000,103.2061,23.764,23.9064,22068.782,16926.2847,1.5622,39708.1626,29237.1871,26.4,77.2512,99,99,98,2.6,70.5,77.8732,97.4901,4,88.3946,7.5,1.01,3.3,2.9,3.6,63.4748,1.6,16841,0,99.8623,99.1321,97.5133,77.14435,89.94659999999999,21.0141,88.6256,0,9.6,3,5,86.0837,22,6.3667,1.772,85.3081,9.087,12.2,1.5448,2925.8794,81.2207,0.9945,0.9993,1.0021,8,8.719,16.09,100.1144,77.7717,6.712,6.712,18.077,18.077,79.8122,22.86,12898712,38235088,2.964256276130516,10496088,3.642794153402677,1.228906617398787,78871,163.54188484994484,484.7800585766632,109.60605,16.372638096912937,1228.9066173987871,163.54188484994484
Czech,2012,45.4747,112901.2,0.2757,10.8482,132000,9,97.917,98,3.842,66.3507,-3234000000,99.4702,22.924,25.2869,20024.209,16772.3539,-0.9094,39347.0493,29465.6074,26.1,76.3033,99,99,98,2.6,73.4,78.0756,93.5398,4,88.4466,7.2,1.06,3.2,2.8,3.6,63.6594,1.6,5347,0,99.8682,99.1339,97.6356,77.02414999999999,90.30735,19.2883,86.7299,0,9.547,3,5,86.3968,22,6.4253,-0.771,80.5687,10.0615,12.8,1.7697,3162.1118,81.2207,0.9991,1.0009,1.002,8,9.23,16.7,98.6443,76.3159,6.979,6.979,19.508,19.513,76.9953,22.56,15098817,43278457,2.866347542327323,10510785,4.117528519515907,1.4365070734488432,78871,191.4368652609958,548.7245882517021,108.30197,16.530127020575563,1436.5070734488431,191.4368652609958
Czech,2013,47.0767,107328.4,0.2649,10.4169,127000,9,99.325,99.4,3.191,65.4028,-1113000000,102.814,24.341,27.1727,20256.925,16759.7809,-0.075,39317.5536,31013.0083,26.5,76.3033,98,99,99,2.5,74.1,78.1756,93.1715,3,88.6172,6.4,1.07,3.1,2.8,3.5,64.3821,1.6,5427,0,99.8741,99.1355,97.7582,77.80799999999999,90.6147,18.9336,87.6777,0,9.7,3,5,86.7232,19.5,6.3306,-0.042,81.0427,11.7516,13.9,1.8792,3260.8315,81.6901,1.0007,1.0046,1.0071,8,9.453,15.65,98.8267,76.7624,6.953,6.953,18.958,18.97,77.9343,24.54,15407671,43308279,2.8108257893097535,10514272,4.118999299238216,1.465405403246178,78871,195.35280394568346,549.1026993444992,104.8113,16.550376125150677,1465.4054032461781,195.35280394568346
Czech,2014,48.5927,103407.2,0.2537,10.1881,125000,9,99.667,99.5,2.813,67.3077,380000000,110.8589,26.307,28.4754,20063.059,17118.0426,2.1376,40158.0164,32743.4898,25.9,81.25,97,99,99,2.5,74.2,78.8244,94.3659,3,88.773,6.7,0.85,3.1,2.7,3.5,65.1756,1.6,6303,0,99.88,99.1366,97.8804,78.64185,90.84344999999999,18.3617,83.3333,0,9.7,3,5,87.0502,19.5,6.3773,2.245,80.7692,11.867,14.8,1.9583,3428.3083,84.6154,1.0002,1.0029,1.0046,8,8.416,14.82,99.6061,80.2509,6.108,6.108,15.841,15.856,78.8177,21.33,15587076,42946929,2.7552909217867416,10525347,4.080333788520226,1.4809085154152162,78871,197.62746763702756,544.5211674760051,98.99815,16.5619527314731,1480.9085154152162,197.62746763702756
Czech,2015,50.0836,106236.8,0.2441,10.2678,126000,9,99.975,99.5,2.79,66.1905,843000000,100,27.525,27.998,17944.844,17931.5988,4.7526,42066.576,34102.177,25.9,80.9524,97,97,99,2.6,75.7,78.578,95.9978,3,89.8912,7.2,0.85,3.2,2.8,3.5,65.2962,1.6,5037,0,99.8801,99.137,97.8807,79.48134999999999,91.13624999999999,17.8128,81.9048,0,9.7,3,5,87.3775,20,6.1871,4.959,81.4286,12.7512,14.8,1.9169,3619.1602,83.3333,1.0036,1.0071,1.0095,8,7.718,13.54,100,84.1381,5.048,5.048,12.582,12.597,82.266,19.71,17195550,47093906,2.738726356528288,10546059,4.465545470587639,1.6305190403353518,78871,218.02119917333368,597.1004044579123,100,16.660161245533995,1630.5190403353517,218.02119917333368
Czech,2016,51.6067,107590.7,0.2413,10.3923,126000,9,100.658,101.5,2.932,67.1429,3485000000,103.0498,23.02,29.1491,18731.83,18359.0978,2.3841,43069.466,36445.0486,25.4,78.5714,96,96,98,2.6,76.5,79.0268,95.3111,3,90.1225,5.9,0.81,3.2,2.8,3.6,64.8928,1.6,5465,0,99.8802,99.1373,97.881,80.3264,92.02785,16.9929,80.9524,0,9.547,3,5,87.7058,20,6.2476,2.581,80.9524,12.7075,14.8,1.67,3546.9277,81.4286,1.0055,1.0072,1.0085,8,7.15,13.03,100.5377,87.1754,3.952,3.952,10.488,10.506,81.2808,18.88,18388853,49696957,2.702558827350461,10566332,4.703331014016974,1.7403251194454235,78871,233.15100607320815,630.1043095687895,101.61469,16.727255278162406,1740.3251194454235,233.15100607320815
Czech,2017,53.1389,109894.1,0.2306,10.4182,126000,10,103.125,103.9,3.326,69.0476,3415000000,115.3694,23.96,29.8453,20882.415,19257.6931,4.8946,45177.5226,39346.0306,24.9,81.4286,96,94,97,2.6,78.7,78.978,94.3814,3,90.1983,5.6,0.87,3.2,2.8,3.6,65.2697,1.6,5747,0,99.8803,99.1376,97.8813,82.28684999999999,93.6802,16.9433,83.3333,0,9.6,3,5,88.0348,22,6.2031,5.174,86.1905,12.4026,14.5,1.7686,3718.3457,82.8571,1.0056,1.0065,1.0072,8,6.405,13.91,99.298,90.5206,2.893,2.893,7.936,7.949,75.3695,16.91,20000561,53219395,2.6608951118921116,10594438,5.023333469882971,1.8878359569426901,78871,253.58574127372546,674.7650594007937,105.06981,16.811270931123467,1887.83595694269,253.58574127372546
Czech,2018,54.5797,106424.3,0.2222,10.2859,126000,10,105.342,106,3.579,67.619,988000000,128.0982,26.2,30.5513,23661.699,19736.6295,2.487,46301.082,41638.1831,25,78.5714,97,96,96,2.5,80.7,79.0293,94.9568,3,90.2162,6.3,0.46,3.1,2.7,3.5,65.0649,1.6,5849,0,99.8804,99.1374,97.8817,84.40225000000001,95.12190000000001,17.3467,86.7924,0,10.1,3,5,88.3644,22,6.3155,2.83,87.1429,11.9061,14.7,1.8991,3906.6782,81.4286,1.006,1.005,1.0042,8,5.738,13.59,99.3138,92.2977,2.5518799999999997,2.55241,6.714,6.729,74.7573,16.12,21247150,55513922,2.612770277425443,10629928,5.22241749897083,1.9988046955727263,78871,269.3911577132279,703.8572098743518,108.2386,16.8717333737582,1998.8046955727264,269.3911577132279
Czech,2019,55.9088,105344.6,0.2027,9.68,126000,10,108.342,109.4,3.831,69.0476,853000000,126.1281,26.128,35.4302,24013.061,20360.0599,3.1587,47763.6166,45614.0171,25.3,78.0952,97,97,92,2.4,80.9,79.2293,93.0293,3,90.2355,5.9,0.37,3,2.7,3.4,64.9332,1.6,5553,0,99.8805,99.1371,97.882,85.37275,95.38755,14.2337,80.1887,0,9.547,3,5,88.6949,22.5,6.4377,3.566,86.6667,12.9178,15.9,1.9273,4027.5872,81.9048,1.0046,1.0076,1.0098,8,5.824,12.23,100.0234,93.18499299999999,2.5518799999999997,2.55241,5.97344,6.02694,73.43,16.33,21998366,57024767,2.5922273954347337,10671870,5.343465297084766,2.0613412644644282,78871,278.9157738585792,723.0131100150879,109.49264,16.906478781294883,2061.341264464428,278.9157738585792
Czech,2020,56.978,105110.7,0.1956,8.8234,126000,10,111.767,111.9,2.914,69.0476,4417000000,121.5571,26.987,36.4491,23464.296,19233.147,-5.5349,45119.9387,44839.4822,26.2,78.5714,97,96,94,2.4,81.3,78.2268,93.3631,3,90.2355,5.9,0.4,2.9,2.6,3.2,64.5934,1.5,4336,0,99.8806,99.1369,97.8825,86.2114,95.64035,14.1111,77.8302,0,9.547,3,5,89.0261,22.5,8.0565,-5.305,86.6667,14.3377,17,1.986,4187.1846,82.8571,1.0029,1.007,1.0097,8,6.682,12.73,100.804,93.18499299999999,2.5518799999999997,2.55241,7.936,7.955,78.744,16.47,10836444,31382494,2.896014042983104,10697858,2.933530618933248,1.0129545559494246,78871,137.39453030898557,397.89648920388987,109.36262,16.198425548158227,1012.9545559494246,137.39453030898557
Czech,2021,57.7438,104058,0.1975,9.4375,126000,10,116.058,119.3,6.251,71.9048,-5983000000,143.4066,27.57,37.4985,27667.664,20373.8783,5.9311,47796.0337,47796.0337,26.2,81.4286,94,94,97,2.3,82.7,77.222,96.5861,4,90.2355,5.9,0.57,2.8,2.4,3.1,64.6662,1.4,4111,0,99.8807,99.1366,97.8829,86.73435,95.83494999999999,14.1111,81.6038,0.1,10.2,3,5,89.3582,25,8.177,4.029,87.619,14.0235,17.2,1.996,4560.4512,83.3333,1.0029,1.007,1.0097,8,6.61,13.33,98.8533,93.18499299999999,2.803,2.803,8.134,8.151,79.7101,17.67,11383601,31924242,2.804406268280134,10505772,3.038733564748978,1.0835568295219047,78871,144.33189638777245,404.76527494262785,113.31744,16.2476844567914,1083.5568295219048,144.33189638777245
Czech,2022,57.3961,104058,0.1925,9.317,126000,10,133.583,138.1,8.797,74.5283,-14141000000,143.4066,25.845,37.7137,27876.28,20627.3486,1.2441,48390.6617,51709.8374,26.2,81.1321,94,94,97,2.2,84.5,78.9293,93.2347,3,90.2355,5.9,0.57,2.7,2.3,3,64.6513,1.4,329739,0,99.8809,99.1364,97.8834,87.37540000000001,95.96495,14.1111,75,0.1,10.2,3,5,89.6911,25.5,7.4591,2.847,88.6792,14.0235,18.123,1.9642,4696.6846,83.4906,1.0029,1.007,1.0097,8,7.58,13.33,98.8533,93.18499299999999,2.5518799999999997,2.55241,6.72,6.745,81.1594,20.46,19424164,50599312,2.604967297434268,10672118,4.741262418575207,1.820085197708646,78871,246.27764324022772,641.5452067299768,114.92898309999993,16.78202846745108,1820.085197708646,246.27764324022772
Czech,2023,56.7878,104058,0.1754,8.3314,126000,10,147.825,147.6,6.027,76.8868,-382000000,143.4066,26.896,37.9249,31630.134,20245.6558,-1.8504,47495.2306,53217.4217,26.2,82.5472,94,94,87,2.1,86,79.878,93.2347,3,90.2355,5.9,0.57,2.6,2.3,2.8,64.6513,1.3,-14638,0,99.8809,99.1364,97.8834,87.37540000000001,95.96495,14.1111,82.4645,0.1,10.2,3,5,89.6911,26,7.4591,-0.055,87.7358,14.0235,18.586,1.9642,4696.6846,84.434,1.0029,1.007,1.0097,8,7.034,13.33,98.8533,93.18499299999999,2.579,2.58,8.269,8.502,82.3529,18.15,21977671,55842471,2.5408730069714847,10864042,5.140119211615714,2.0229736777527187,78871,278.65338337284936,708.0228601133497,114.92898309999993,16.905537586862717,2022.9736777527187,278.65338337284936
Denmark,2000,49.9644,82291.53,0.1733,9.955,70600,9,77.492,78.4,4.967,99.4681,3265000000,53.6007,19.741,1.2548,30777.178,49266.9883,3.3779,57431.9709,28641.699,24.1,97.2678,97,87.5,99,4.7,39.2,76.5927,98.1566,9,88.725,9.6,0.29,5.6,5.1,6.2,66.8274,3.5,10441,0,100,99.5972,94.0215,78.1955,88.99185,15.6478,95.7672,0,12.1,6,6,94.4719,37.4302,6.7353,3.72,95.6522,15.455,10.7,2.1862,3636.5627,97.5124,1.0029,1.0239,1.0409,6,4.947,15.54,99.0271,89.3846,4.476,4.476,6.726,6.724,97.5124,18.31,5126675,25164945,4.908628887144202,5339616,4.71287542025494,0.9601205405032871,42925,119.43331391962725,586.253814793244,100.51361,15.44996805391817,960.1205405032871,119.43331391962725
Denmark,2001,50.2895,74608.33,0.1769,10.2177,72300,9,79.25,80,3.979,99.46950000000001,6008000000,54.1654,17.574,4.4413,30823.475,49557.151,0.589,57770.2221,29462.1233,24.400000000000002,98.36365,97,87.5,94,4.6,43,76.7927,98.1566,9,88.8315,8.6,0.31,5.5,5,6,67.0236,3.3,12192,0,100,99.5972,94.0215,78.2021,89.0575,15.3954,96.2963,0.09999999999999999,12.1,6,6,94.4719,37.7095,7.0464,0.954,96.2045,15.4947,11.1,2.3247,3636.5627,98.2587,1.0031,1.0271,1.0474,6,5.247,15.78,99.6956,88.6323,4.164,4.164,8.229,8.251,98.2587,15.17,5119424,25186597,4.919810705266842,5358783,4.700059136561417,0.9553333284814854,42925,119.2643913803145,586.7582294700059,101.12269,15.448552686021547,955.3333284814854,119.2643913803145
Denmark,2002,50.5749,81411.29,0.1745,10.096,71800,9,81.15,82.1,4.114,99.4709,5358000000,60.2309,17.878,8.3947,33304.059,49624.5965,0.1361,57848.8453,30666.5968,25,99.4595,98,88,95,4.5,64.3,76.8951,98.1566,9,88.9904,8.9,0.2,5.4,4.9,5.9,67.3923,3.2,9629,0,100,99.5972,94.0215,78.2087,89.08335,15.0818,96.8254,0.19999999999999998,12.1,6,6,94.4719,37.9888,7.2932,0.454,96.7568,17.2805,11.9,2.4415,4758.7778,99.005,1.0027,1.0266,1.049,6,4.858,14.97,99.5661,89.392,4.274,4.274,7.043,7.074,99.005,14.86,5231383,25673644,4.907620795495188,5375931,4.775664717422899,0.9731120060878757,42925,121.87263832265579,598.1046942341293,101.49528,15.470186428184569,973.1120060878758,121.87263832265579
Denmark,2003,50.8398,104183.4,0.1911,11.0756,76900,9,82.742,83.1,3.578,99.4709,8574000000,69.6776,20.48,13.325,40572.443,49708.0909,0.1683,57946.1771,30868.0456,25.6,99.4595,96,91,96,4.4,76.3,77.1439,98.1566,8,89.1459,8.3,0.26,5.2,4.7,5.7,67.5291,3.2,7228,0,100,99.5972,94.0215,78.10495,89.10915,14.7427,93.9698,0.3,12.1,6,6,94.4719,37.9888,7.471,0.441,97.8378,17.4901,12.7,2.5108,4621.8604,99.5025,1.0007,1.0255,1.0552,6,6.279,13.68,99.3759,85.81,5.398,5.398,9.804,9.828,99.5025,15.35,5239262,26289125,5.017715281274348,5390574,4.876869327830394,0.9719302619721016,42925,122.0561910308678,612.4432149097263,101.88843,15.471691397550286,971.9302619721017,122.0561910308678
Denmark,2004,51.0484,95432.71,0.1686,10.0174,70800,9,83.517,83.9,4.073,99.5074,10168000000,80.7475,20.621,18.8283,46684.835,50956.3046,2.5111,59401.2563,33019.9773,24.9,99.87159599999998,95,93,96,4.2,80.9,77.4927,98.1566,8,89.3079,7,0.27,5,4.5,5.5,67.833,3.1,5166,0,100,99.5972,94.4184,77.98495,89.13505,14.414,83.9806,0.3,12.1,6,6,94.4719,37.9888,7.5256,2.778,97.0149,23.5444,14.4,2.4192,4847.7979,99.0385,0.9987,1.0244,1.0494,6,5.919,14.37,97.0184,87.6255,5.204,5.204,7.776,7.787,99.525189,14.59,5356366,26119065,4.876265923575797,5404523,4.832815958041071,0.9910895004054937,42925,124.78429819452533,608.4814210832848,100.81247,15.493796504730264,991.0895004054937,124.78429819452533
Denmark,2005,51.1906,89780.82,0.1542,9.3497,67000,9,84.958,85.8,3.875,99.0244,10745000000,89.1716,21.356,24.7964,48998.314,52015.1841,2.078,60635.6232,34238.3218,25.2,99.5098,93,94,95,4.1,82.7,77.8439,98.1566,8,91.1234,6.5,0.27,4.8,4.4,5.3,68.1103,3.1,6887,0,100,99.5972,94.8154,77.86495,89.09764999999999,14.1316,85.4369,0.3,12.1,6,6,94.4719,36.8715,7.6128,2.357,98.0392,27.0706,16.1,2.3934,5207.2466,99.0431,0.9989,1.0189,1.0378,6,4.366,14.7,98.9047,87.4798,4.83,4.83,8.603,8.614,99.525189,13.18,5525101,26227436,4.74696046280421,5419432,4.839517499250844,1.019498168811787,42925,128.71522422830517,611.0060803727432,100.25769,15.52481226673614,1019.498168811787,128.71522422830517
Denmark,2006,51.3209,91054.99,0.1718,10.7815,74100,9,86.525,87.2,3.779,100,9011000000,96.9626,20.365,31.9143,52213.64,53823.159,3.4759,62743.2325,37400.3075,25.9,99.512200000000007,93,94,90,3.9,86.7,78.0951,98.1566,7,91.2794,5.8,0.28,4.6,4.2,5.1,71.1238,3,10491,0,100,99.5972,95.2123,77.7449,89.01355,13.8645,85.0242,0.1,12.1,6,6,94.4719,36.8715,7.6899,3.82,98.5294,20.1728,15.3,2.403,5314.7295,100,1.0005,1.0181,1.0348,6,4.09985,14.68,98.6734,89.4075,3.897,3.897,7.686,7.682,99.525189,14.03,5790165,27267050,4.70920086042453,5437272,5.01484016249325,1.0649025835014323,42925,134.89027373325567,635.225393127548,99.82058,15.571671519259096,1064.9025835014322,134.89027373325567
Denmark,2007,51.4819,89879.48,0.1564,9.8662,69600,9,87.958,89.4,5.195,100,4136000000,108.0811,25.304,34.8531,58786.14,54113.9771,0.5403,63082.2477,39111.519,26.2,99.5146,87,94,89,3.8,85,78.1951,98.1566,7,91.3081,7.7,0.29,4.5,4.1,4.9,71.4519,2.9,20560,0,100,99.5972,95.6092,77.6248,89.24225000000001,13.5854,91.3043,0,12.1,6,6,94.4719,37.9888,7.8059,0.987,99.48229,26.2107,17.7,2.5154,5539.3345,100,1.0007,1.0171,1.0319,6,4.326,12.74,100.1254,89.6661,3.801,3.801,7.495,7.524,97.1154,15.66,6083055,28067594,4.614062177639361,5461438,5.139231462482957,1.113819290816814,42925,141.71357018054746,653.8752242283052,99.15097,15.621017759244356,1113.8192908168141,141.71357018054746
Denmark,2008,51.7491,87951.88,0.1476,9.2169,65900,9,91.158,91.6,4.581,100,10171000000,122.4868,19.42,36.5083,64826.681,53572.5347,-1.0006,62451.0724,41467.3862,25.2,99.5146,88,94.5,87,3.7,85,78.4463,98.1566,7,91.3414,7.6,0.1,4.3,3.9,4.7,71.351,2.8,25775,0,100,99.5972,96.0061,77.5047,89.471,13.3353,86.0577,0.1,12.1,6,6,94.8389,37.9888,7.9914,-0.417,99.0291,27.5726,18.5,2.7735,6519.6826,99.5192,1.0056,1.0181,1.029,6,5.214,13.06,100.6074,89.0338,3.683,3.683,9.471,9.516,99.0385,12.19,6040169,28027029,4.640106758602284,5493621,5.101740545989612,1.0994877513392352,42925,140.71447874199185,652.9302038439138,99.35928,15.61394271521028,1099.487751339235,140.71447874199185
Denmark,2009,52.189,82410.37,0.1486,8.771,63000,9,92.108,92.7,3.16,100,11570000000,98.4565,19.887,36.6222,58536.553,50635.9118,-5.4816,59027.7651,40503.2046,26.7,99.5215,89,95,84,3.6,86.8,78.5976,98.3562,7,91.414,5.6,0.32,4.2,3.8,4.6,71.1449,2.8,15551,0,100,99.5972,96.403,77.38465,89.554,13.1552,85.3081,0.5,12.1,6,6,95.2035,37.9888,9.0154,-4.978,99.48229,27.6591,19.3,3.0551,6674.9004,98.5782,1.0037,1.0124,1.0197,6,6.48,12.71,98.9934,82.5951,6.409,6.409,13.441,13.475,97.6303,14.24,5587055,26491463,4.741579060882701,5523095,4.796488744082802,1.0115804634901264,42925,130.15853232382062,617.1569714618521,102.04768,15.535963051659355,1011.5804634901265,130.15853232382062
Denmark,2010,52.7875,81702.86,0.1466,8.7526,63600,10,94.133,95.3,4.151,100,20678000000,101.0297,19.14,38.076,58240.45,51209.4493,1.1327,59696.3545,43042.3946,27.2,99.0431,90,94.5,85,3.5,88.7,79.1,95.8233,7,93.2185,5,0.22,4.1,3.8,4.5,71.6208,2.8,17533,0,100,99.5972,96.7999,77.2645,89.58715000000001,13.086,86.2559,0.1,12.1,6,6,95.5657,37.9888,8.9388,1.584,99.48229,31.9834,21.2,2.9171,6763.583,99.0521,1.002,1.0057,1.0089,6,6.857,11.69,99.6328,79.1352,7.746,7.747,15.554,15.596,97.6303,14.09,5839785,27146947,4.648620968066461,5547683,4.893384679694208,1.0526529724210991,42925,136.0462434478742,632.4274199184624,101.00275,15.58020471029739,1052.652972421099,136.0462434478742
Denmark,2011,53.5176,77650.94,0.1296,7.8066,58600,10,96.633,97.6,4.669,100,21849000000,117.1874,28.504,38.4725,61920.301,51667.5313,0.8945,60230.3542,44443.7164,27.3,99.0521,91,95,87,3.5,89.8,79.8,97.3282,6,93.4198,4.1,0.32,4.1,3.7,4.4,72.1593,3,13495,0,100,99.5972,97.1968,77.14435,89.94659999999999,13.3557,87.2038,0,12.1,6,7,95.9255,39.1061,8.7352,1.313,99.48229,40.2539,23.8,2.9446,7045.7739,99.5305,0.9941,1.0056,1.0167,6,7.186,12.43,99.7357,78.6594,7.769,7.769,16.306,16.352,97.1831,11.77,6164984,28211086,4.576019337600876,5570572,5.064306861126649,1.1067057386566406,42925,143.62222481071638,657.2180780430984,100.41565,15.634396261487597,1106.7057386566405,143.62222481071638
Denmark,2012,54.2369,74456.91,0.115,6.9018,54000,10,98.908,99.3,3.842,100,19818000000,110.4883,28.561,38.9767,58559.563,51470.6898,-0.381,60000.8903,44755.1624,27.8,99.0521,94,95,90,3.5,92.3,80.0512,97.9224,6,93.4891,3.1,0.18,4.1,3.7,4.4,72.376,3.1,16871,0,100,99.5972,97.5937,77.02414999999999,90.30735,10.8115,75.8294,0,12.1,6,7,96.2829,39.1061,8.877,-0.005,97.6303,48.3304,26.9,2.9813,7181.8506,98.1221,0.9911,1.0024,1.0135,6,7.346,12.84,100.3969,78.9191,7.798,7.798,15.775,15.814,99.061,11.64,6281712,28040235,4.463788693273426,5591572,5.014731993078154,1.1234250404000878,42925,146.3415725101922,653.2378567268491,100.18999,15.653153271949854,1123.425040400088,146.3415725101922
Denmark,2013,54.7577,75008.52,0.1186,7.1843,55400,10,99.425,99.8,3.191,100,25392000000,116.229,26.961,40.4678,61512.411,51970.3909,0.9708,60583.4065,46869.1933,28.5,99.0521,94,95,89,3.5,94.6,80.3,99.5459,5,93.9059,3.5,0.18,4.1,3.7,4.4,72.4856,3.1,21359,0,100,99.5972,97.9906,77.80799999999999,90.6147,10.3963,80.0948,0.3,12.1,6,7,96.6379,39.1061,8.7242,1.393,97.6303,45.9609,27,2.9705,7115.4194,98.5916,0.9897,1.0091,1.0271,6,6.633,12.06,100.869,80.3396,7.384,7.384,14.774,14.808,99.525189,12.24,6437015,28500837,4.427648063582266,5614932,5.0759006520470775,1.1464101435244451,42925,149.95958066394874,663.9682469423412,99.17672,15.677575636661615,1146.4101435244452,149.95958066394874
Denmark,2014,55.0994,70800.09,0.1051,6.4152,51300,10,99.775,99.8,2.813,100,29643000000,116.7989,25.861,41.4926,62700.908,52368.3626,0.7658,61047.3337,47879.5956,28.4,96.1538,94,95,90,3.5,96,80.7,99.2519,5,93.9113,3.5,0.2,4.1,3.7,4.4,72.7311,3.1,27242,0,100,99.5972,98.3875,78.64185,90.84344999999999,10.8105,78.5714,0.2,12.1,6,7,96.9906,39.1061,8.7054,1.278,93.75,55.8777,30.2,2.9141,7358.1885,99.5192,0.9886,1.0169,1.0429,6,6.394,11.97,99.3765,81.2991,6.925,6.925,14.196,14.231,97.0443,10.36,6708461,29646899,4.419329411022886,5643475,5.253305631725134,1.1887110335387328,42925,156.28330809551542,690.6674199184624,99.82872,15.718880272541078,1188.7110335387329,156.28330809551542
Denmark,2015,55.3269,69651.69,0.0969,5.9952,48800,10,100,100.1,2.79,98.5714,24011000000,100,26.189,42.3133,53316.984,53094.0134,1.3857,61893.2461,48910.3324,28.2,96.6667,93,94,91,3.5,96.3,80.7024,100.2437,5,94.9479,3.5,0.22,4.1,3.7,4.4,72.736,3.1,42284,0,100,99.5972,98.7844,79.48134999999999,91.13624999999999,10.2267,76.6667,0.2,12.1,6,7,97.3409,37.4302,8.7155,2.101,94.7619,65.4356,32.5,3.055,7566.458,99.5238,0.9867,1.0185,1.0475,6,7.032,11.03,100,83.458,6.278,6.278,12.152,12.175,97.5369,9.82,7164604,30809340,4.300215336395424,5683483,5.420855485975765,1.2606009378404053,42925,166.9098194525335,717.7481654047758,100,15.784663488624954,1260.6009378404053,166.9098194525335
Denmark,2016,55.5632,79508.81,0.0985,6.2336,48800,10,100.017,100.4,2.932,99.5238,22126000000,99.8628,28.007,42.9699,54699.182,54300.204,2.2718,63299.3378,51820.9521,28.2,98.0952,94,94.5,94,3.5,97,80.8537,99.4763,5,95.1704,4,0.12,4,3.7,4.4,71.5715,3,33391,0,100,99.5972,99.1813,80.3264,92.02785,9.2343,75.2381,0.3,12.1,6,7,97.6888,37.4302,8.63,3.076,92.381,60.2201,32,3.0928,7852.0566,97.619,0.9883,1.0097,1.0295,6,6.72,10.82,99.7651,83.1963,5.989,5.989,12.147,12.175,99.0148,9.8,7518778,31896255,4.242212630829106,5728010,5.568470550854485,1.3126335324135259,42925,175.1608153756552,743.0694234129295,100.11698,15.832914315721794,1312.633532413526,175.1608153756552
Denmark,2017,55.8898,82052.61,0.0898,5.8235,48800,10,101.075,101.3,3.326,99.0476,24284000000,107.3839,26.999,43.5698,57683.746,55601.0146,2.3956,64815.7308,55271.5976,28.7,95.7143,98,93.5,97,3.4,97.1,81.1024,100.4707,5,95.189,3.3,0.046,4,3.6,4.3,71.6092,2.8,24561,0,100,99.5972,99.5782,82.28684999999999,93.6802,10.0946,75.2381,0.1,12.1,6,7,98.0343,37.4302,8.4782,3.056,92.381,70.266,35,2.9312,7647.6177,97.619,0.9936,1.0029,1.0109,6,7.582,11.18,99.3847,83.8541,5.833,5.833,12.384,12.409,97.0443,9.04,7673208,32157794,4.1909191044997085,5764980,5.578127591075772,1.331003403307557,42925,178.75848573092603,749.1623529411764,99.71002,15.85324546915715,1331.0034033075572,178.75848573092603
Denmark,2018,56.2315,71006.66,0.0884,5.8089,48800,10,101.792,102.1,3.579,99.5238,22409000000,114.9158,26.329,43.7691,61456.783,56355.0733,1.3562,65694.7591,57233.6232,28.2,96.6667,97,93.5,95,3.4,97.3,80.9537,99.8799,5,95.1709,3.2,0.12,3.9,3.5,4.2,71.354,2.7,18919,0,100,99.5972,99.9188,84.40225000000001,95.12190000000001,10.3539,80.1887,0.2,12.1,6,7,98.3775,37.4302,8.4568,1.859,93.8095,68.3574,34.6,2.966,7597.5254,96.6667,0.9989,0.9998,0.9994,6,7.683,11.2,98.7263,86.17,5.131,5.131,10.52,10.544,97.5728,8.93,7966674,33280395,4.1774515939776125,5793636,5.744302023806812,1.3750732700501032,42925,185.5952009318579,775.314967967385,99.10224,15.890777774258186,1375.0732700501032,185.5952009318579
Denmark,2019,56.6,69986.2,0.078,5.1944,48800,10,102.533,103,3.831,99.5238,25719000000,116.3619,26.632,43.623,59489.614,57114.6227,1.3478,66580.1881,60594.9664,27.7,98.5714,97,94,96,3.3,98,81.4512,101.5834,4,95.1709,3.7,0.21,3.8,3.4,4.1,70.9891,2.5,9488,0,100,99.5972,99.9188,85.37275,95.38755,9.612,81.1321,0.3,12.1,6,7,98.5553,39.1061,8.4985,1.713,92.381,78.1718,37.2,2.8969,7693.5488,97.1429,0.9984,0.9956,0.9915,6,7.722,11.42,102.3401,86.2847,5.018,5.018,10.041,10.058,98.5507,7.48,8279387,34325625,4.145913821880774,5814422,5.903531769795863,1.423939817233768,42925,192.88030285381478,799.6651135701806,98.57624,15.92927961058626,1423.939817233768,192.88030285381478
Denmark,2020,57.0038,69770.92,0.0731,4.7667,48800,10,102.875,103.5,2.914,100,25700000000,113.6148,28.03,44.4186,61075.932,55934.5556,-2.0661,65204.5493,62682.2899,27.5,97.619,97,94,94,3.2,96.5,81.6024,101.9493,4,95.1709,3.7,0.087,3.7,3.4,4,71.246,2.3,10851,0,100,99.5972,99.9188,86.2114,95.64035,9.0698,78.3019,0.2,12.3,6,7,98.6405,39.6648,8.962,-1.781,97.619,81.6168,39.5,2.9726,7651.2842,98.0952,0.9995,0.9969,0.9927,6,7.444,10.9,102.0566,86.2847,5.637,5.637,11.588,11.612,97.5845,8.21,5035833,23670530,4.700419970241269,5831404,4.059147676957385,0.8635712771744163,42925,117.31701805474665,551.4392545136867,98.64193,15.43208971093431,863.5712771744163,117.31701805474665
Denmark,2021,57.2873,69616.59,0.072,5.0192,48800,10,104.875,107.1,6.251,100,35440000000,131.9382,29.435,44.895832999999996,69927.264,59803.9202,6.9177,69715.181,69715.181,28.3,98.5714,97,93.5,95,3.2,98.053,81.4049,100.3757,8,95.1709,3.7,7.35e-4,3.6,3.3,3.9,71.1919,2.1,26887,0,100,99.5972,99.9188,86.73435,95.83494999999999,9.0698,80.1887,0.2,12.4,6,7,98.7227,39.6648,9.0549,7.38,97.619,78.9589,39.5,2.7614,7708.2373,99.0476,0.9995,0.9969,0.9927,6,7.112,10.46,99.12,86.2847,5.043,5.043,10.808,10.833,98.5507,7.321,6417528,28556054,4.449696830305999,5856733,4.875765038290118,1.0957521881226273,42925,149.50560279557368,665.254606872452,97.74029,15.674543710610873,1095.7521881226273,149.50560279557368
Denmark,2022,57.3243,69616.59,0.0679,4.7673,48800,10,113.825,117.5,8.797,100,46860000000,131.9382,31.166,44.8237,68434.674,60248.6712,0.7437,70233.6403,77400.3348,28.3,98.5849,97,93.5,95,3.1,97.9,81.3049,100.1594,6,95.1709,3.7,7.35e-4,3.5,3.2,3.8,71.0953,1.9,60219,0,100,99.5972,99.9188,87.37540000000001,95.96495,9.0698,76.8868,0.2,12.4,6,7,98.8018,43.5754,7.9554,1.541,98.5849,78.9589,42.383,2.8905,7977.868603999994,99.5283,0.9995,0.9969,0.9927,6,6.766,10.46,99.12,86.2847,4.434,4.434,10.533,10.573,98.0676,7.321,9217928,38439848,4.170118056899555,5903037,6.511876513733524,1.5615568731823974,42925,214.7449737914968,895.5118928363424,97.63224,16.036660949911383,1561.5568731823973,214.7449737914968
Denmark,2023,57.3989,69616.59,0.063,4.502,48800,10,117.642,118,6.027,100,40040000000,131.9382,31.166,44.4825,68618.872,61295.9819,1.7383,71454.5209,73737.4475,28.3,98.5849,97,93.5,95,3,98.053,81.8537,100.1594,4,95.1709,3.7,7.35e-4,3.4,3.1,3.7,71.0953,1.8,31006,0,100,99.5972,99.9188,87.37540000000001,95.96495,9.0698,76.7773,0.2,12.4,6,7,98.8018,43.5754,7.9554,2.495,98.1132,78.9589,44.396,2.8905,7977.868603999994,99.5283,0.9995,0.9969,0.9927,6,7.115,10.46,99.12,86.2847,5.094,5.094,11.499,11.517,98.5294,7.321,9410669,38946106,4.138505562144413,5946952,6.548918841113902,1.5824356746111286,42925,219.2351543389633,907.3059056493885,95.53144,16.05735470987706,1582.4356746111287,219.2351543389633
Estonia,2000,48.4217,15841.8,0.498483,12.4386,17900,9,58.224,59.65,4.967,77.6596,-309000000,29.8359,34.826,1.2588,4084.932,10006.7693,9.5564,20739.3909,9422.4971,37.2,75.9563,93,90,93,8.8,28.6,70.93126699999999,90.0767,27,73.7414,17.7,3.55,11,9.7,12.3,56.7952,5.3,-3083,0,97.3622,99.6832,91.6819,78.1955,94.5709,11.8151,77.7778,2.5,20.2,7,6,91.6702,17.8218,3.9212,10.088,89.1304,0.215,19.8,0.6,1902.6006,68.1592,0.9902,1.0233,1.0601,6,17.475,29.27,106.7486,66.7598,13.36,13.36,21.114,21.136,77.1144,33.18,1401627,2695669,1.9232427742901643,1396985,1.9296334606312882,1.0033228703243056,45336,30.91642403388036,59.45978913005117,75.86075,14.153144976133673,1003.3228703243055,30.91642403388036
Estonia,2001,48.0163,16687.81,0.498483,12.7938,18400,9,61.5,62.16,3.979,76.92505,-445000000,31.2795,38.17,1.2588,4513.019,10662.9455,6.5573,22099.3399,10309.9979,37.2,74.7349,94,90,95,8.1,31.5,70.93126699999999,93.5042,25,74.0907,16,2.62,10.1,8.9,11.3,57.1055,4.9,-3280,0,97.5232,99.687,92.0088,78.2021,94.6517,11.3923,78.836,2.5,20.2,7,6,91.5469,17.8218,3.7289,5.881,88.0787,0.2122,18.9,0.6984,1924.963,69.65174999999999,0.9847,1.0179,1.0521,6,18.842,30.18,109.2292,64.8941,13.134,13.135,23.847,24.003,78.35820000000001,31.31,1401627,2695669,1.9232427742901643,1388115,1.9419637421971523,1.0097340638203607,45336,30.91642403388036,59.45978913005117,79.03311,14.153144976133673,1009.7340638203607,30.91642403388036
Estonia,2002,47.6967,16806.9,0.498483,12.3238,17800,9,63.707,63.84,4.114,76.1905,-818000000,33.7803,37.169,3.371,5359.979,11474.6622,7.6125,23781.6521,11666.665,37.2,73.5135,94,90,95,7.4,41.5,70.93126699999999,98.5651,22,74.4995,16.7,1.72,9.3,8.2,10.3,57.4982,4.4,-2889,0,97.6853,99.6894,92.3398,78.2087,94.7325,10.866,79.8942,2.5,20.2,7,6,91.4204,17.8218,3.5804,6.933,87.027,0.3518,19.3,0.712,2210.9167,71.1443,0.9828,1.0177,1.0495,6,10.519,28.21,106.2014,71.7942,10.026,10.026,20.194,20.239,79.602,30.59,1401627,2695669,1.9232427742901643,1379350,1.9543038387646354,1.0161503606771305,45336,30.91642403388036,59.45978913005117,80.1051,14.153144976133673,1016.1503606771305,30.91642403388036
Estonia,2003,47.3628,19096.54,0.498483,13.8836,19700,9,64.59,64.6,3.578,80.9524,-1273000000,43.7991,34.797,6.5872,7218.163,12424.044,8.2737,25749.2802,13136.7185,37.2,80,94,90,95,6.8,45.3,71.3171,99.7002,18,75.0765,13.6,1.99,8.5,7.5,9.5,57.7418,4,-3705,0,97.8485,99.6507,92.6747,78.10495,94.7761,10.3301,77.3869,2.5,20.2,7,6,91.2546,18.8119,3.8835,7.596,84.8649,0.4823,19.9,0.7646,2193.7334,71.1443,0.9758,1.0235,1.0639,6,12.116,26.55,105.4324,65.1461,11.288,11.288,26.721,26.853,82.5871,31.07,1561501,3084433,1.975300047838586,1370720,2.2502283471460256,1.139183057079491,45336,34.44284895006176,68.03496117875419,80.39708,14.261158736524175,1139.183057079491,34.44284895006176
Estonia,2004,47.0563,19740.84,0.498483,14.2398,20100,9,66.553,67.7,4.073,82.7586,-1450000000,46.2179,41.232,10.1768,8925.153,13348.5276,7.4411,27665.3058,14539.9711,33.6,80.0995,94,90,96,6.2,53.2,71.9098,100.8353,15,76.0469,13.9,1.46,7.8,6.9,8.6,58.1523,3.7,-3681,0,98.0127,99.5954,93.0137,77.98495,94.9057,9.8786,71.3592,1.1,18.3,7,6,91.1701,18.8119,3.9232,6.801,86.5672,0.5823,20,0.8458,2465.5688,76.9231,0.9769,1.0171,1.0479,6,15.137,25.55,103.5867,67.3536,10.248,10.248,25.603,25.661,83.6538,30.98,1922126,3757715,1.9549784977675762,1362550,2.7578547576235732,1.4106829107188728,45336,42.397344273866246,82.88589641785778,81.59984,14.468942943332507,1410.6829107188728,42.397344273866246
Estonia,2005,46.9051,19869.03,0.4694,14.3032,20000,9,69.293,70.18,3.875,80.9756,-1226000000,60.1107,41.037,13.2266,10428.693,14703.6176,10.1516,30473.7788,16638.078,33.4,78.4314,96,95,96,5.6,61.5,72.5683,102.6827,15,80.1066,14.7,2.05,7.1,6.3,7.9,58.8353,3.3,-5208,0,98.1781,99.5404,93.3569,77.86495,95.0357,9.6053,65.534,0.8,18.3,7,6,91.0843,18.8119,3.9033,9.523,85.7843,1.0877,18.9,0.9171,2451.1877,80.3828,0.9743,1.0103,1.036,6,10.944,22.54,101.0209,78.2957,8.033,8.033,15.123,15.146,80.7692,29.22,2072586,4111577,1.9837907811786821,1354775,3.0348781162923735,1.529837795943976,45336,45.716119640021176,90.6912166931357,83.41497,14.544308143397616,1529.837795943976,45.716119640021176
Estonia,2006,47.1421,19763.91,0.413,13.8965,18900,9,72.372,73.76,3.779,81.4634,-2545000000,75.5065,39.628,18.3238,12659.144,16234.5146,10.4117,33646.6182,19348.3869,33.7,83.9024,95,95,96,5.1,63.5,72.6915,106.0269,13,80.6348,19.3,1.34,6.5,5.8,7.2,62.1525,3,-5351,0,98.3445,99.4855,93.7042,77.7449,95.166,9.4915,69.0821,0.8,19.4,7,6,90.997,18.8119,3.6972,9.763,88.2353,1.3337,17.2,1.1128,2600.7542,87.5598,0.9757,1.0145,1.0413,6,8.914,20.88,100.0167,83.3804,5.915,5.915,12.118,12.121,84.6154,29.67,2259087,4543330,2.0111354719849213,1346810,3.373400850899533,1.677361320453516,45336,49.82987030174696,100.21461972825128,85.21275,14.630471749981353,1677.361320453516,49.82987030174696
Estonia,2007,47.5474,22760.82,0.4567,16.6046,23200,9,77.253,80.94,5.195,78.6408,-3340000000,85.7746,34.91,19.7619,16765.784,17543.4654,8.0628,36359.4661,22201.3544,31.2,82.0388,95,95,96,4.7,66.2,72.8146,105.35405,13,80.6413,17,1.45,5.9,5.3,6.5,62.6459,2.8,-2941,0,98.5121,99.4309,94.0556,77.6248,95.2967,9.4287,68.599,0.4,19.5,7,6,90.9084,20.7921,3.8764,7.571,87.3786,1.1944,18.6,1.0587,2747.582,85.6459,0.9845,1.0146,1.0354,6,9.392,21.58,103.1135,86.6608,4.592,4.592,10.097,10.096,84.1346,28.84,2343044,4674501,1.995054723684233,1340680,3.486664230092192,1.747653429602888,45336,51.68175401446974,103.10792747485442,88.396960000000007,14.666961923451463,1747.653429602888,51.68175401446974
Estonia,2008,47.7748,20540.88,0.4354,15.0592,21000,9,85.447,87.04,4.581,80.0971,-2115000000,97.054,36.596,22.0377,18274.232,16688.9968,-4.8706,34588.5491,22803.5195,31.9,84.466,95,94,95,4.3,70.6,73.7707,104.6812,11,81.2779,12.4,0.61,5.4,4.8,6,63.2469,2.5,-2034,0,98.6808,99.3764,94.4113,77.5047,95.4277,9.376,65.8654,0.4,19.7,7,6,90.8184,20.7921,4.5065,-5.125,89.3204,1.8666,20.5,1.2519,2972.9307,85.5769,0.982,1.0131,1.0356,6,9.092,19.65,100.2861,84.0643,5.455,5.455,12.032,12.022,85.5769,29.49,2377671,4602212,1.935596640578112,1337090,3.4419612741101946,1.7782430502060445,45336,52.44553996823716,101.51341097582495,93.55176,14.681632415685021,1778.2430502060445,52.44553996823716
Estonia,2009,48.0786,17226.17,0.4258,12.5974,17600,9,85.617,85.41,3.16,80.3828,502000000,70.4897,34.339,23.5008,14757.1,14274.8507,-8.471642,29585.1439,20478.2525,31.4,78.9474,95,95,95,3.9,72.5,74.8244,107.8295,10,81.7451,8.8,0.86,5,4.4,5.5,63.2437,2.3,-2089,0,98.8506,99.322,94.7713,77.38465,95.559,9.2922,64.455,0.6,15.8,7,6,90.727,22.7723,5.2257,-8.61561,89.4737,6.1696,24.2,1.3968,3229.6753,84.3602,0.9821,1.0055,1.0232,6,14.466,22.1,104.5867,61.7323,13.548,13.548,27.41,27.391,83.8863,25.62,2147133,4122526,1.9200142701919256,1334515,3.0891567348437445,1.608923841245696,45336,47.3604420328216,90.93272454561496,94.65696,14.579644487582168,1608.9238412456962,47.3604420328216
Estonia,2010,48.5361,19352.63,0.498483,16.1911,21500,9,87.963,90.04,4.151,80.4762,349000000,90.2984,38.373,26.1282,14697.472,14657.9388,2.6837,30379.1078,21616.7122,32,82.2967,94,94,95,3.6,74.1,75.4293,107.1374,8,86.9268,6.8,0.89,4.6,4.1,5,63.7071,2.1,-3781,0,99.0214,99.2679,95.1355,77.2645,95.6906,9.1365,67.7725,0.8,17.5,7,6,90.6341,22.7723,4.8403,2.45,88.5167,8.0528,25.3,1.579,3057.783,85.3081,0.9852,0.994,1.0008,6,14.026,18.29,103.757,53.3599,16.707,16.707,32.938,32.921,83.4123,24.93,2401763,4700680,1.9571789556255135,1331475,3.5304305375617266,1.8038363469085037,45336,52.97694988530086,103.68537144873831,94.37886,14.691714025337957,1803.8363469085036,52.97694988530086
Estonia,2011,49.2638,19724.83,0.4979,16.3274,22200,9,92.432,93.72,4.669,80.5687,305000000,130.1715,34.634,26.2888,17552.466,15820.9215,7.9341,32789.4316,24652.361,32.5,81.5166,93,94,94,3.3,76.5,76.2293,104.3849,9,87.0853,8.1,1.24,4.2,3.8,4.6,63.574,1.9,-3941,0,99.1934,99.214,95.5039,77.14435,95.8226,8.2766,67.2986,1,17.5,7,6,90.5399,19.802,4.5048,7.607,90.9953,9.1512,25.2,2.3052,3392.8059,85.9155,0.9973,0.9915,0.9868,6,11.568,17.59,102.326,67.1377,12.328,12.328,22.386,22.375,87.3239,27.08,2725937,5399392,1.9807471706059239,1327439,4.067525513413423,2.053530896711638,45336,60.12742632786307,119.0972295747309,95.74932,14.818323147032793,2053.530896711638,60.12742632786307
Estonia,2012,50.2724,18933.66,0.4548,15.5165,21000,9,96.332,97.13,3.842,81.5166,-437000000,125.3251,31.624,26.4254,17579.346,16460.6839,4.0438,34115.3622,26242.5283,32.9,77.2512,94,94,94,3,78.4,76.3268,102.136,8,87.25,6.8,1.19,3.9,3.5,4.3,63.0124,1.8,-3674,0,99.3682,99.1603,95.8874,77.02414999999999,95.9549,7.9901,67.2986,0.7,18.6,7,6,90.468,20.7921,4.5808,3.672,90.9953,12.3417,25,2.1248,3457.7556,85.9155,0.9975,0.9923,0.9879,6,12.2,19.44,100.1773,71.3081,10.021,10.021,20.862,20.857,85.9155,27.37,2839895,5544537,1.952373943402837,1322696,4.191845291737482,2.1470504182366925,45336,62.641057878948295,122.29876919004765,96.93693,14.859277989748561,2147.0504182366926,62.641057878948295
Estonia,2013,51.3711,20245.86,0.498483,17.3858,22800,9,99.459,99.12,3.191,82.9384,-36000000,127.1102,32.81,27.3877,19310.675,16809.5323,2.1193,34838.3632,27831.1526,35.1,77.7251,94,93,94,2.8,80,77.1415,104.7361,6,87.6557,7.1,0.59,3.6,3.2,4,63.7239,1.6,-2688,0,99.5438,99.1066,96.2819,77.80799999999999,96.0876,8.0812,68.2464,0.9,21.8,7,6,90.4211,20.7921,4.6758,1.757,90.9953,9.1973,24.5,1.7241,3338.396,86.385,0.9943,0.9921,0.9901,6,11.319,18.15,100.7356,74.7773,8.631,8.631,18.704,18.677,85.9155,26.15,2980865,5734033,1.9236137832474802,1317997,4.350566048329397,2.2616629628140275,45336,65.75050732309865,126.47858214222693,98.8309,14.907724420291261,2261.6629628140277,65.75050732309865
Estonia,2014,52.5479,19195.93,0.462,16.6756,22000,9,99.933,99.18,2.813,87.9808,158000000,124.9783,30.845,28.2254,20574.581,17413.686,3.5941,36090.4936,29403.6584,34.6,80.2885,93,93,93,2.6,84.2,77.0341,103.8745,7,87.6904,6.1,0.74,3.4,3,3.7,65.2766,1.5,-674,0,99.7181,99.0527,96.6754,78.64185,96.2206,8.7077,72.8571,0.8,21.6,7,6,90.3763,19,4.7408,3.323,93.2692,11.1825,25.3,1.4302,3285.5935,87.0192,0.994,0.9939,0.994,6,11.75,19.23,100.156,79.3044,7.352,7.352,14.975,14.965,88.1773,22.39,3087070,5809464,1.8818698636571247,1314545,4.419372482493943,2.348394311339665,45336,68.0931268748897,128.142403388036,99.70848,14.942733302895869,2348.394311339665,68.0931268748897
Estonia,2015,53.6172,17567.6,0.4138,15.1976,19000,9,100,99.01,2.79,88.5714,344000000,100,28.138,29.6883,17723.954,17722.1558,1.7714,36729.8083,29720.5911,32.7,81.9048,93,91,93,2.5,88.4,77.5902,102.4144,6,89.814,6.4,0.45,3.2,2.8,3.5,65.0478,1.4,4261,0,99.8912,99.058,96.8461,79.48134999999999,96.4155,7.185,65.2381,0.6,21.7,7,6,90.3879,23.7624,4.9432,1.838,93.3333,15.4272,28.2,1.4678,3188.4919,87.1429,1.0001,0.9978,0.9955,6,11.482,15.73,100,82.2666,6.412,6.412,14.342,14.354,87.1921,19.58,3112143,5781870,1.8578420079025932,1315407,4.395498883615489,2.3659164045804832,45336,68.64617522498676,127.53374801482266,100,14.950822435703454,2365.9164045804832,68.64617522498676
Estonia,2016,54.6487,19617.96,0.4011,15.1846,19000,9,100.8,101.34,2.932,88.0952,240000000,102.6099,31.779,31.4989,18661.231,18264.9867,3.063,37854.8451,31947.7769,31.2,81.9048,93,93,93,2.3,87.2,77.6415,100.8018,7,89.7342,6.1,0.87,3,2.7,3.3,63.9994,1.3,1081,0,99.9152,99.0631,96.8779,80.3264,96.6109,6.8784,68.0952,0.5,21,7,6,90.4017,23.7624,4.9873,3.093,93.3333,13.047,27.2,1.2431,3296.3726,85.7143,1.0015,1.0045,1.0074,6,9.569,15.05,101.9504,81.2833,6.882,6.882,14.125,14.135,89.1626,20.26,3324914,6228128,1.8731696519067862,1315790,4.733375386649845,2.5269336292265483,45336,73.33937709546497,137.37709546497265,100.76067,15.016954667835554,2526.9336292265484,73.33937709546497
Estonia,2017,55.625,19560.35,0.4034,16.1097,19000,9,104.48,105.15,3.326,86.6667,463000000,113.4205,34.728,32.522,20844.174,19270.8138,5.5069,39939.4581,34506.6487,30.4,82.8571,93,92,93,2.2,88.1,78.0927,102.244,5,89.9904,4.1,0.56,2.8,2.5,3.1,64.099,1.3,5202,0,99.9391,99.068,96.91,82.28684999999999,96.807,6.1549,68.5714,0.3,21.9,7,6,90.4191,26.7327,4.8485,5.635,93.3333,14.1225,27.5,1.2768,3552.4653,85.7143,1.0005,1.0118,1.0227,6,10.026,17.89,100.5121,83.5923,5.807,5.807,12.175,12.188,89.6552,19.52,3544932,6509299,1.8362267597798774,1317384,4.941079442288657,2.69088739501922,45336,78.19242985706722,143.57903211575788,102.87237,15.081029817910805,2690.88739501922,78.19242985706722
Estonia,2018,56.3461,17938.26,0.4098,16.9132,19000,9,108.045,108.64,3.579,90,173000000,132.5729,33.496,33.3725,23628.862,19914.3446,3.3394,41273.1989,37120.988,30.3,83.3333,92,93,87,2,89.4,78.2439,99.694,5,90.0641,5.7,0.87,2.7,2.4,2.9,64.0315,1.3,7089,0,99.9632,99.0727,96.9428,84.40225000000001,97.0036,7.7967,65.0943,0.2,21.7,7,6,90.4408,26.7327,4.9241,3.7,91.9048,16.0854,28.6,1.41,3766.0815,85.7143,1.0026,1.0158,1.0287,6,10.348,15.78,101.0115,84.3009,5.412,5.412,12.076,12.097,88.835,19.32,3591495,6630315,1.8461156148066473,1321977,5.015454126660297,2.716760579041844,45336,79.21949444150344,146.24834568554792,105.3603,15.094079386755597,2716.7605790418443,79.21949444150344
Estonia,2019,57.0635,17783.79,0.2599,11.0843,19000,9,110.496,110.59,3.831,90.9524,641000000,125.4382,35.499,33.8508,24023.899,20579.8755,3.342,42652.5357,40586.3784,30.8,84.7619,91,91,88,1.9,90.2,78.6463,101.1542,6,90.1016,4.5,0.66,2.5,2.3,2.8,64.2563,1.3,5386,0,99.9873,99.0772,96.976,85.37275,97.1401,6.8448,67.4528,0.6,20.7,7,6,90.4125,29.703,5.0697,3.727,92.8571,28.1355,31.3,1.6206,3770.4202,86.1905,1.0078,1.022,1.0362,6,7.86,15.61,100.6001,85.0818,4.514,4.514,11.623,11.657,87.4396,16.46,3789955,6967047,1.8382928029488477,1326898,5.250627403161358,2.856251950036853,45336,83.59703105699664,153.67582053996824,106.53441,15.147864967492538,2856.251950036853,83.59703105699664
Estonia,2020,57.8245,17774.27,0.2089,8.6353,19000,9,109.795,109.62,2.914,92.381,-803000000,127.4604,35.872,34.27,23914.829,19946.945,-3.0755,41340.7644,40672.134,30.7,87.619,91,90,91,1.8,89.1,78.5951,98.488,6,90.1104,4.5,1.36,2.4,2.2,2.7,64.0276,1.3,3694,0,100,99.0808,96.9984,86.2114,97.337,6.1457,70.7547,0.3,20.6,7,6,90.4197,28.7129,5.8376,-2.884,92.8571,48.8761,40.4,1.7531,3836.3796,88.0952,1.002,1.0241,1.0468,6,9.204,17.54,103.0314,85.0818,6.956,6.956,18.417,18.489,87.9227,19.49,1972131,3674012,1.862965492657435,1329522,2.7634082023464073,1.483338372738473,45336,43.500330862890415,81.03961531674608,105.35851,14.494625749024204,1483.338372738473,43.500330862890415
Estonia,2021,58.2662,17727.31,0.209,9.2488,19000,9,114.722,122.81,6.251,90,-1343000000,167.6383,39.832,37.3572,27972.351,21351.3949,7.0409,44251.5375,44251.5375,31.8,88.5714,90,84,89,1.8,91,76.9439,98.8113,8,90.1104,4.5,1.42,2.3,2.1,2.5,64.4736,1.3,7043,0,100,99.0705,97.0087,86.73435,97.5339,6.1457,70.7547,0.3,22.8,7,6,90.4178,25.7426,5.6878,7.154,92.8571,39.9574,38,1.7677,4036.1313,88.5714,1.002,1.0241,1.0468,6,10.921,14.94,100.9339,85.0818,6.178,6.178,16.622,16.712,88.4058,19.7,2138346,3998997,1.870135609485088,1330932,3.004659141113145,1.606653082201044,45336,47.16662255161461,88.20798041291688,106.74339,14.5755436586138,1606.653082201044,47.16662255161461
Estonia,2022,58.3862,17727.31,0.2136,9.3326,19000,9,137.032,144.3,8.797,91.0377,-1496000000,167.6383,38.275,38.066,28473.526,21080.652,-1.268,43690.4131,47802.0073,31.8,89.6226,90,84,89,1.8,91.5,77.8439,99.9617,7,90.1104,4.5,1.42,2.3,2.1,2.5,64.5164,1.3,39754,0,100,99.0602,97.0194,87.37540000000001,97.7308,6.1457,71.2264,0.3,22.5,7,6,90.4208,25.7426,5.2247,0.06,92.9245,39.9574,38.542,1.7821,4654.8545,89.6226,1.002,1.0241,1.0468,6,10.735,14.94,100.9339,85.0818,5.571,5.571,18.392,18.561,87.9227,20.53,3252898,5950873,1.8294065783802627,1348840,4.411844992734498,2.411626286290442,45336,71.75088230104112,131.26153608611259,114.92898309999993,14.99505715671034,2411.6262862904423,71.75088230104112
Estonia,2023,58.4343,17727.31,0.2001,8.346,19000,9,149.523,150.45,6.027,91.5094,-718000000,167.6383,38.275,37.7484,30142.009,20123.4222,-4.5408,41706.5197,46790.27,31.8,88.6792,90,84,89,1.8,93.2,78.4902,99.9617,5,90.1104,4.5,1.42,2.3,2.1,2.5,64.5164,1.3,5717,0,100,99.0602,97.0194,87.37540000000001,97.7308,6.1457,69.1943,0.3,22.5,7,6,90.4208,28.7129,5.2247,-3.023,91.0377,39.9574,40.95,1.7821,4654.8545,89.6226,1.002,1.0241,1.0468,6,9.595,14.94,100.9339,85.0818,6.378,6.378,17.207,17.301,88.7255,19.67,3425730,6374862,1.8608769517737824,1370286,4.652212749747133,2.5000109466199025,45336,75.5631286394918,140.6136844891477,114.92898309999993,15.046825437562315,2500.0109466199024,75.5631286394918
Finland,2000,49.4102,77057.67,0.2367,11.1134,70200,9,76.789,77.45,4.967,100,9024000000,76.8816,27.552,0.6762,24369.776,37872.6022,5.5344,46942.1572,26777.1143,27.2,99.4536,99,87.5,96,3.5,37.2,77.4659,101.2347,7,88.5876,8.1,0.55,4.3,3.8,4.7,69.1641,2.5,2497,0,100,99.4482,93.8103,78.1955,88.99185,8.0051,99.4709,0,11,6,6,86.4822,36.5,5.3711,5.754,97.2826,33.4094,31.7,3.2414,7855.562,100,0.9942,1.0484,1.0934,6,10.096,24.13,107.4904,63.594,11.134,11.135,29.333,28.353,99.5025,10.82,8431087,16042102,1.9027323523052246,5176209,3.0991990470245696,1.628815026595719,338411,24.913749848556932,47.404197854088665,100.3575,15.947436384520842,1628.815026595719,24.913749848556932
Finland,2001,49.4306,79604.26,0.2549,12.2535,75500,9,78.836,79.27,3.979,100,9942000000,72.2816,29.74,2.5829,24998.587,38784.131,2.4068,48071.9747,27801.0248,27.366666666666667,99.7268,98,87.5,96,3.4,43.1,77.9659,101.2347,7,88.8105,8.9,0.59,4.2,3.7,4.6,69.4109,2.4,6241,0,100,99.4482,94.2074,78.2021,89.0575,7.9186,99.73545,0,11,6,6,86.6425,36.5,5.5264,2.64,97.8305,28.9272,29.2,3.1937,7855.562,99.75125,0.9949,1.0545,1.1043,6,8.797,24.31,106.6868,66.1167,10.29,10.291,27.321,26.598,99.5025,10.61,8490219,16211906,1.9094803090473873,5188008,3.1248806863829044,1.6365084633639733,338411,25.088484121379032,47.90596641362131,101.05295,15.954425470790431,1636.5084633639733,25.088484121379032
Finland,2002,49.51,82007.8,0.2591,12.6373,78000,9,80.418,80.63,4.114,100,10969000000,75.4715,30.226,5.2591,26999.895,39343.07,1.4412,48764.7659,28596.2606,27.53333333333333,99.87159599999998,98,88,96,3.3,62.4,78.1195,101.2347,7,89.0314,8.5,0.7,4.1,3.6,4.5,69.7504,2.3,5255,0,100,99.4482,94.6045,78.2087,89.08335,7.828,100,0,11,6,6,86.8029,36.5,5.8597,1.687,98.3784,26.4557,29.5,3.2531,7855.562,99.5025,0.9935,1.0566,1.1097,6,8.493,22.16,108.5785,64.6862,10.423,10.423,28.8,28.216,99.5025,10.34,8430747,15992872,1.8969697465716857,5200598,3.0751986598464254,1.621111072226694,338411,24.912745153083087,47.25872385944901,100.68541,15.947396056765307,1621.111072226694,24.912745153083087
Finland,2003,49.6411,89669.29,0.2864,14.2125,85600,9,81.456,81.59,3.578,100,7404000000,88.8889,30.932,9.4208,32954.317,40038.984,1.7688,49627.3341,29046.4092,27.7,99.87159599999998,98,91,97,3.2,69.2,78.3683,101.2347,7,89.2216,7.9,0.66,4,3.6,4.4,69.85,2.2,5929,0,100,99.4482,95.0015,78.10495,89.10915,7.7338,100,0,11,6,6,86.9633,37.5,6.1373,2.012,99.4595,22.6088,28.4,3.2982,7855.562,100,0.9913,1.0527,1.1038,6,11.434,21.85,105.2371,65.0077,10.469,10.469,28.102,27.813,99.005,12.65,8493939,16081812,1.8933279365439286,5213014,3.084935509476859,1.6293719909442024,338411,25.099476671857595,47.52154037546061,100.42185,15.954863526020656,1629.3719909442025,25.099476671857595
Finland,2004,49.8539,86897.35,0.2618,13.475,81800,9,81.576,81.71,4.073,100,11061000000,102.8467,30.679,15.3018,37812.031,41521.9629,3.7038,51465.4499,31199.2915,27.9,99.005,98,93,97,3.1,72.4,78.7146,101.2347,7,89.2053,7.6,0.96,3.9,3.5,4.3,69.7272,2.1,6956,0,100,99.4482,95.3986,77.98495,89.13505,7.6366,100,0,11.7,6,6,87.1236,37.5,6.2731,4.005,99.005,29.8577,31.1,3.3091,7855.562,99.5192,0.991,1.0202,1.048,6,9.826,21.31,100.6419,65.4569,10.358,10.358,27.404,27.527,99.5192,12.73,8907176,16626590,1.8666511136638593,5228172,3.18019185290767,1.703688401988305,338411,26.32058650575779,49.13135211325873,98.63133,16.00236791422734,1703.688401988305,26.32058650575779
Finland,2005,49.9152,79724.79,0.2106,11.1018,69800,9,82.208,82.54,3.875,100,5898000000,109.4958,32.82,22.3824,39142.224,42529.3507,2.4262,52714.0823,32047.7069,27.6,99.87159599999998,97,94,97,3,74.5,78.8171,101.4121,8,91.2651,7.4,0.82,3.7,3.4,4.1,70.3857,2.1,9251,0,100,99.4481,95.7957,77.86495,89.09764999999999,7.537,100,0.1,12.6,6,6,87.284,37.5,6.4487,2.778,99.0196,33.2487,31.5,3.3237,7558.6997,100,0.9923,1.0201,1.0457,6,7.897,19.96,100.6249,74.0903,9.602,9.602,26.78,26.996,99.5192,12.57,9089317,17259037,1.8988266115044727,5246096,3.289882037995492,1.732586860781808,338411,26.858810736057634,51.000224578988274,97.19442,16.022610435836206,1732.586860781808,26.858810736057634
Finland,2006,50.1492,86847.46,0.2428,13.2636,81100,9,83.256,83.56,3.779,99.512200000000007,8534000000.000001,129.0691,33.607,27.1351,41300.022,44069.3959,3.6211,54622.9304,34447.7143,28,99.0244,97,94,97,2.9,79.7,79.2146,100.32849999999999,7,91.3898,6.6,1,3.6,3.2,4,72.2234,2,10820,0,100,99.4481,96.1927,77.7449,89.01355,7.4342,100,0.1,13,6,6,87.4444,38,6.5232,4.019,94.6078,27.2934,31.2,3.3322,7689.1899,99.0431,0.9962,1.0206,1.0424,6,8.1,21.1,98.8205,75.9916,8.935,8.935,25.774,26.046,97.1154,12.09,9634879,18168869,1.8857391981777871,5266268,3.4500464085762443,1.8295458947398804,338411,28.470939183418977,53.68876602710905,96.25954,16.080900405160413,1829.5458947398804,28.470939183418977
Finland,2007,50.2937,86281.29,0.2247,12.8697,79500,9,84.574,85.18,5.195,99.5146,10329000000,150.4993,32.064,30.5746,48586.821,46213.6899,4.8657,57280.73,37844.2932,28.3,97.5728,99,94,98,2.8,80.8,79.2634,99.2449,7,91.4096,7.5,1.19,3.5,3.1,3.8,72.2682,1.9,14027,0,100,99.4481,96.5898,77.6248,89.24225000000001,7.3277,100,0.1,13.6,6,6,87.6048,41.5,6.3554,5.313,93.2039,29.9384,31.8,3.337,7390.5503,98.5646,0.9954,1.0223,1.0456,6,7.362,19.68,101.224,78.8144,6.854,6.854,16.426,16.509,96.6346,12.03,10099395,19036665,1.8849312260783937,5288720,3.599484374290944,1.909610453947269,338411,29.843577779682104,56.25309165482209,95.32324,16.12798617804308,1909.610453947269,29.843577779682104
Finland,2008,50.2258,82062,0.1959,11.259,71400,9,87.886,88.06,4.581,99.0291,7265000000,161.2495,32.36,30.4514,53894.581,46359.8733,0.3163,57461.9207,40081.2212,27.8,99.0291,99,94.5,97,2.7,83.7,79.5683,99.33525,7,91.5809,6.7,1.14,3.3,3,3.6,72.4617,1.8,15626,0,100,99.4481,96.9869,77.5047,89.471,7.2179,99.5192,0.1,13.8,6,6,87.7651,41.5,6.5767,0.784,94.6602,35.8774,34.6,3.537,7712.3159,98.0769,0.9918,1.0224,1.0484,6,8.162,20.56,96.9199,79.5061,6.369,6.369,16.337,16.45,96.6346,11.59,10240298,19465620,1.9008841344265568,5313399,3.663496756031309,1.9272593682499657,338411,30.259944268951067,57.5206479694809,95.64454,16.141841376368095,1927.2593682499657,30.259944268951067
Finland,2009,50.4784,78389.83,0.2034,10.6906,67600,9,89.322,89.65,3.16,98.5646,5053000000,105.0771,35.424,29.3246,47538.607,42412.5135,-8.471642,52569.2654,37968.6617,27.5,99.0431,99,95,98,2.6,82.5,79.7195,99.4256,8,91.6811,5.7,1.14,3.2,2.9,3.5,72.3129,1.8,14877,0,100,99.4481,97.3839,77.38465,89.554,7.1055,99.0521,0.1,13.1,6,6,87.9255,40,7.2398,-8.076,98.0861,30.1086,32.5,3.559524999999999,7669.2837,100,0.9934,1.0236,1.0488,6,9.467,20.33,99.2872,73.1762,8.249,8.25,21.376,21.51,96.6825,15.9,9764993,18567338,1.9014184649185104,5338871,3.4777648682652194,1.8290370754416054,338411,28.855424321313432,54.86623661760404,98.5731,16.094314507853404,1829.0370754416053,28.855424321313432
Finland,2010,51.0951,81320.28,0.2274,12.2764,75500,9,90.828,92.13,4.151,98.0952,3399000000,116.2166,32.746,29.0751,46647.994,43556.5386,2.6974,53987.2564,38950.5526,27.7,99.5215,99,94.5,98,2.4,86.9,79.8707,98.7855,8,93.2235,5.2,1.12,3,2.7,3.3,72.9056,1.7,14080,0,100,99.4481,97.781,77.2645,89.58715000000001,6.9909,97.1564,0.1,13.7,6,6,88.0859,40,7.1805,3.168,99.0431,29.9911,33.4,3.559524999999999,7740.9209,100,0.9934,1.0225,1.0465,6,8.651,18.63,98.0939,73.0638,8.394,8.394,21.288,21.397,96.6825,17.13,10204648,19248057,1.8862048940835587,5363352,3.58881106442389,1.902662364879277,338411,30.154598993531533,56.877752200726334,97.23288,16.138353958730104,1902.662364879277,30.154598993531533
Finland,2011,52.2257,76488.36,0.1964,10.8044,67700,9,93.847,94.53,4.669,99.0521,-4267000000,132.3066,32.012,29.8056,51174.768,44391.4537,1.9169,55022.1131,40845.9567,27.6,99.87159599999998,99,95,97,2.3,88.7,80.4707,99.444,7,93.4646,5.6,0.96,2.9,2.6,3.1,72.89,1.6,16798,0,100,99.448,98.1781,77.14435,89.94659999999999,6.8704,98.1043,0,13.2,6,6,88.2462,42.5,7.3015,2.389,97.6303,32.8917,35.1,3.559524999999999,7441.9775,100,0.992,1.0211,1.0452,6,8.398,17.74,95.0164,74.8894,7.781,7.781,19.934,20.064,96.2441,18.7,10726568,19987871,1.8633985259777406,5388272,3.709514107676821,1.9907250413490634,338411,31.696865645620267,59.06389272216329,97.38759,16.188234305784768,1990.7250413490633,31.696865645620267
Finland,2012,53.5921,72600.76,0.1792,9.6639,62200,9,96.814,97.79,3.842,98.1043,-5744000000,122.1664,30.566,30.4324,47693.7,43507.9346,-1.9903,53927.0129,40739.1132,27.1,99.87159599999998,99,95,97,2.2,89.9,80.6268,99.3173,8,93.5899,4.9,0.36,2.8,2.5,3,72.922931,1.5,17894,0,100,99.448,98.5752,77.02414999999999,90.30735,6.2312,98.1043,0.1,11.8,6,6,88.4066,42.5,7.6499,-1.523,98.1043,40.5621,38.7,3.3983,7492.4609,99.5305,0.9916,1.0219,1.0477,6,7.713,16.85,93.6545,75.8485,7.689,7.689,18.868,18.96,96.7136,21.12,10887708,20317582,1.8661027646957469,5413971,3.752805842513748,2.011039216870574,338411,32.173032200489935,60.03818433797956,97.83492,16.20314509628471,2011.0392168705741,32.173032200489935
Finland,2013,55.0282,72710.82,0.1845,9.8046,63000,9,98.959,99.68,3.191,98.1043,-5089000000,124.4565,31.265,31.6268,49804.351,42883.6386,-1.4349,53153.2134,41325.8052,27.2,99.87159599999998,98,95,97,2.1,91.5,80.9756,99.1702,8,93.7064,4.9,0.59,2.6,2.4,2.9,72.922931,1.4,18164,0,100,99.448,98.9722,77.80799999999999,90.6147,5.8529,97.1564,0.1,12.8,6,6,88.5669,42.5,7.7915,-0.98,98.5782,35.968,38.5,3.2714,7222.8066,99.5305,0.9924,1.0543,1.096,6,9.406,17.2,94.9339,74.4594,8.193,8.193,19.817,19.921,97.1831,22.22,10840428,20241057,1.8671824581095875,5438972,3.721485788123197,1.9931023730219608,338411,32.03332042989146,59.81205398169681,98.70736,16.198793128838435,1993.1023730219608,32.03332042989146
Finland,2014,56.4163,67861.72,0.1718,9.052,58900,9,100.156,100.23,2.813,98.5577,-3711000000,124.2661,33.314,32.197,50180.785,42502.4881,-0.8888,52680.7868,41547.0984,26.8,99.0385,98,95,96,2,86.5,81.1805,99.5763,7,93.7785,4.4,0.49,2.6,2.3,2.8,72.922931,1.4,15915,0,100,99.448,99.3693,78.64185,90.84344999999999,6.1186,96.1905,0.1,12.4,6,6,88.7273,42.5,7.7815,-0.478,98.5577,38.5804,41.2,3.1475,7022.1865,100,0.9958,1.0568,1.099,6,9.857,15.52,95.7933,73.3769,8.663,8.663,20.454,20.545,97.5369,20.99,10660106,19786022,1.8560811684236536,5461512,3.622810313334476,1.9518598512646315,338411,31.5004713203767,58.46743161422058,100.16706,16.18201901417505,1951.8598512646315,31.5004713203767
Finland,2015,57.6443,66932.25,0.159,8.3896,55400,9,100,99.98,2.79,99.5238,-2118000000,100,37.205,31.5691,42625.16,42560.3457,0.1361,52752.4998,42269.2212,27.1,98.0952,97,94,95,2,86.4,81.4805,98.9883,7,95.56,5.1,0.51,2.5,2.3,2.7,72.922931,1.4,12655,0,100,99.448,99.6306,79.48134999999999,91.13624999999999,5.625,85.7143,0.1,11.6,6,6,88.8877,41.5,7.5776,0.467,98.0952,44.5012,43.2,2.872,6855.9712,100,0.9942,1.0572,1.1016,6,10.59,14.09,100,71.0033,9.376,9.376,22.304,22.446,96.5517,18.34,10734841,19738123,1.8386972848503298,5479531,3.6021555494439212,1.9590802570511965,338411,31.72131225048831,58.32589070686237,100,16.189005270975247,1959.0802570511964,31.72131225048831
Finland,2016,58.6591,79418.02,0.1646,8.8809,55400,10,100.389,101.08,2.932,99.0476,-4701000000,96.8082,30.679,31.1529,43502.557,43529.6762,2.2775,53953.9611,44562.4011,27.1,99.0476,92,94.5,94,1.9,87.7,81.4293,99.4828,7,95.982,4.7,0.36,2.4,2.2,2.6,72.2461,1.4,17321,0,100,99.448,99.6319,80.3264,92.02785,5.434301,84.7619,0,11.5,6,6,89.0481,41.5,7.2992,2.572,96.1905,44.2315,42.4,2.7244,6543.6997,100,0.9956,1.0576,1.1022,6,9.239,15.29,99.5695,73.4782,8.818,8.818,20.057,20.149,97.0443,17.92,11108083,20343433,1.8314080836450357,5495303,3.701967480228115,2.021377711110743,338411,32.82423739181055,60.11457369884549,100.30254,16.223183689497628,2021.377711110743,32.82423739181055
Finland,2017,59.6035,79683.3,0.1504,8.3644,55400,10,101.232,101.59,3.326,98.5714,-1663000000,113.802,33.055,31.0435,46109.916,44862.2205,3.0612,55605.6169,47234.8529,27.4,99.0476,89,93.5,94,1.9,87.5,81.6317,99.8045,8,96.1812,4.4,0.38,2.4,2.2,2.6,72.3085,1.4,13356,0,100,99.448,99.6331,82.28684999999999,93.6802,5.434301,86.6667,0.1,12,6,6,89.2084,42,7.12,3.303,96.6667,46.614,44.4,2.7279,6731.4536,100,0.9949,1.0563,1.1004,6,8.888,15.71,98.0198,73.7261,8.64,8.64,20.041,20.127,98.5222,17.42,11794394,21914154,1.8580144092184812,5508214,3.9784500021241005,2.141237431951627,338411,34.85227726049094,64.75603334406979,99.53208,16.283134976587657,2141.237431951627,34.85227726049094
Finland,2018,60.4741,68567.01,0.153,8.6002,55400,10,102.415,102.93,3.579,100,-4415000000,126.8343,30.958,31.4917,49698.347,45337.2411,1.0588,56194.3933,49248.6775,27.3,99.5238,91,93.5,96,1.9,88.9,81.7341,100.0259,8,96.2679,4.5,0.59,2.4,2.1,2.6,72.124,1.4,11822,0,100,99.448,99.6345,84.40225000000001,95.12190000000001,5.497,77.8302,0.1,11.6,6,6,89.3688,42,7.1056,1.193,96.1905,45.741,44.2,2.7575,6872.6895,100,0.9947,1.0579,1.1036,6,7.746,15.67,96.9335,77.762200000000007,7.361,7.361,16.958,17.027,98.5437,17.19,11967117,22235084,1.8580150925239554,5515525,4.031363106866527,2.1697149410074292,338411,35.36267142616523,65.70437722178062,99.49918,16.29767327995661,2169.7149410074294,35.36267142616523
Finland,2019,61.1279,67925.41,0.1405,7.9942,55400,10,103.579,104.1,3.831,98.5714,-368000000,122.8204,33.366,32.544,48395.834,45898.571,1.2381,56890.1478,52276.1116,27.7,99.5238,91,94,96,1.9,89.6,81.9829,99.9983,8,96.3054,3.9,0.47,2.3,2.1,2.5,72.4321,1.4,15671,0,100,99.448,99.6362,85.37275,95.38755,5.434301,75.9434,0,12.2,6,6,89.5292,46.722042999999985,7.3548,1.35,97.619,46.4434,45.4,2.7996,7245.8584,100,0.9945,1.0517,1.0957,6,7.386,14.38,96.1975,78.8697,6.695,6.695,17.128,17.201,99.5169,18.21,12426677,23095660,1.8585547850000446,5521606,4.182779430477292,2.2505548204634667,338411,36.720665108403686,68.24736784560785,99.49941,16.335356171130307,2250.5548204634665,36.720665108403686
Finland,2020,61.6842,68082.03,0.1288,7.1371,55400,10,103.976,104.3,2.914,99.5238,1141000000,110.703,40.816,33.3839,48827.138,44690.9802,-2.631,55393.3688,53296.5793,27.1,98.5714,90,94,95,1.8,92.2,81.9317,99.6362,9,96.3142,3.9,0.53,2.3,2.1,2.5,72.7561,1.4,17504,0,100,99.448,99.6379,86.2114,95.64035,5.434301,80.6604,0,10.8,6,6,89.6896,46,7.8344,-2.491,99.0476,51.8681,47.3,2.9124,7548.3252,100,0.997,1.0554,1.1005,6,9.365,14.14,97.0223,78.8697,7.759,7.759,21.193,21.329,99.5169,17.17,7342100,14323661,1.9508942945478813,5529543,2.590387849411787,1.3277950817997075,338411,21.69580776038604,42.326227575344774,99.4542,15.809135599413924,1327.7950817997075,21.69580776038604
Finland,2021,61.73348999999999,68223.13,0.1253,7.1172,55400,10,106.124,107.6,6.251,99.5238,973000000,137.035,35.615,33.6397,53203.799,45818.0763,2.522,56790.3766,56790.3766,27.7,98.0952,89,93.5,93,1.8,92.8,81.8854,99.595,8,96.3142,3.9,0.38,2.3,2.1,2.5,72.922931,1.3,22484,0,100,99.448,99.6399,86.73435,95.83494999999999,5.434301,83.4906,0,12.7,6,6,89.8499,46,8.0001,2.676,99.0476,52.9303,50.2,2.9885,7870.4287,100,0.997,1.0554,1.1005,6,8.492,14.57,95.1857,78.8697,7.617,7.617,17.058,17.119,99.5169,16.11,8974675,17488715,1.948673907411689,5541017,3.1562283602450596,1.6196801056556946,338411,26.52004515219659,51.67892001146535,98.37709,16.009917391408436,1619.6801056556947,26.52004515219659
Finland,2022,61.73348999999999,68223.13,0.1132,6.507,55400,11,113.735,117.06,8.797,99.5283,-6775000000,137.035,36.946,34.2952,50551.801,46356.2256,1.1745,57457.3995,61344.6222,27.7,96.6981,91,93.5,94,1.8,93,81.1878,99.8745,8,96.3142,3.9,0.38,2.3,2.1,2.5,72.922931,1.3,60353,0,100,99.4479,99.642,87.37540000000001,95.96495,5.434301,78.7736,0,12.2,6,6,90.0103,45.5,7.894,0.763,97.1698,52.9303,47.74,2.9647,7977.868603999994,100,0.997,1.0554,1.1005,6,8.068,14.57,95.1857,78.8697,6.719,6.719,14.138,14.19,98.5507,21.4,11533023,21971266,1.9050743243987287,5556106,3.9544360744737412,2.0757384758318147,338411,34.079929434917894,64.92479854378256,96.82038,16.26072513019091,2075.738475831815,34.079929434917894
Finland,2023,61.73348999999999,68223.13,0.1023,5.7789,55400,11,118.672,118.61,6.027,99.5283,-1550000000,137.035,36.946,35.3318,53026.111,45588.5131,-1.6561,56505.8387,61734.4598,27.7,97.1698,91,93.5,94,1.8,93.5,81.6854,99.8745,8,96.3142,3.9,0.38,2.3,2.1,2.5,72.922931,1.3,38156,0,100,99.4479,99.642,87.37540000000001,95.96495,5.434301,71.09,0,12.2,6,6,90.0103,46,7.894,-0.947,96.6981,52.9303,50.75,2.9647,7977.868603999994,100,0.997,1.0554,1.1005,6,7.482,14.57,95.1857,78.8697,7.151,7.151,16.107,16.162,97.549,17.79,12255457,22832061,1.8630117995599837,5583911,4.088901309494367,2.1947801460302645,338411,36.21471228772114,67.46843630969443,95.88285,16.321481946747035,2194.7801460302644,36.21471228772114
France,2000,53.692,722482.3,0.1434,6.586,547000,10,78.226,78.833,4.967,88.8298,15021000000,64.5516,31.654,0.3305,22502.094,33255.138,3.4287,45922.4789,26001.8797,32.6,90.1639,97,26,84,4.1,14.3,79.0561,89.9194,9,90.2391,13.4,0.37,5.4,4.7,6,64.1966,2.7,171637,0,100,98.663,97.3559,78.1955,88.99185,16.0893,74.0741,0,15.6,3,5,88.8307,10.9185,6.9707,4.364,78.2609,13.7369,9.3,2.0935,2902.9509,91.0448,0.9907,0.9961,0.9995,7,10.156,20.32,109.8874,71.2875,10.218,10.218,20.484,20.629,86.0696,18.08,114110689,280124560,2.4548494313271565,60918661,4.598337445401172,1.873164759809806,549060,207.82917896040505,510.18934178414014,103.93174,18.55267950018953,1873.164759809806,207.82917896040505
France,2001,53.8264,714145.7,0.1422,6.6055,554000,10,79.622,80.033,3.979,86.4784,21696000000,63.8755,32.552,1.0041,22486.945,33640.6738,1.1593,46454.8707,27349.7446,32.5,89.4063,97,28,85,3.9,26.3,79.1585,89.9194,9,90.3127,13.4,0.32,5.2,4.6,5.8,64.3201,2.7,179476,0,100,98.6623,97.3524,78.2021,89.0575,15.8803,76.7196,0,15.6,3,5,88.8492,10.9185,7.0617,1.846,78.8602,14.9187,9.4,2.138,2971.3904000000002,88.30845,0.9917,0.9977,1.0016,7,9.857,19.57,110.6099,75.3614,8.61,8.61,17.91,18.009,85.82085000000001,17.41,117985948,289300418,2.4519904522867417,61364377,4.7144684284825384,1.9227107610006373,549060,214.8871671584162,526.9012821913816,103.13288,18.58607609906861,1922.7107610006374,214.8871671584162
France,2002,53.8551,718850.3,0.1388,6.4698,547000,10,81.164,81.683,4.114,84.127,17225000000,65.5229,34.482,2.7434,24295.367,33753.5783,0.3356,46610.7821,28350.0986,31.8,88.6487,97,29,86,3.8,30.2,79.261,89.9194,9,90.4333,12.5,0.33,5.1,4.5,5.7,64.2351,2.7,191373,0,100,98.6615,97.3489,78.2087,89.08335,15.6421,79.3651,0,15.6,3,5,88.8677,12.1317,7.3164,1.12,79.4595,12.4567,8.7,2.1745,3100.9536,85.5721,0.9923,0.9992,1.0037,7,10.346,19.9,110.7328,74.5196,8.702,8.702,18.846,18.935,85.5721,17.99,118062974,289540127,2.452421086732916,61812142,4.684195008158753,1.9100288419061744,549060,215.02745419444142,527.3378628929443,102.55374,18.586728726510657,1910.0288419061744,215.02745419444142
France,2003,53.7783,760505.8,0.1392,6.5035,551000,10,82.927,83.637,3.578,85.7143,15413000000,77.4376,32.534,5.8764,29675.139,33840.6176,0.2579,46730.9758,28027.6762,31.4,91.3513,97,28,87,3.6,36.1,79.1146,89.9194,9,90.5999,10.1,0.41,4.9,4.3,5.5,64.2486,2.6,195616,0,100,98.6607,97.3454,78.10495,89.10915,15.3887,50.2513,0.2,15.6,3,5,88.8652,12.1951,7.3237,0.994,85.9459,12.0654,8.8,2.1199,3184.6357,89.5522,0.9926,1.0024,1.0088,7,9.521,20.18,109.6005,76.3341,8.306,8.307,17.179,17.25,85.0746,17.71,116021323,283097308,2.4400455078416923,62249855,4.547758512851154,1.863800694796799,549060,211.30900630167923,515.6035915929042,103.02073,18.569284559762625,1863.800694796799,211.30900630167923
France,2004,53.7305,761775.2,0.1356,6.4732,549000,10,84.863,85.533,4.073,88.67,11288000000,89.3023,33.06,10.725,33876.29,34557.1471,2.1174,47720.4413,28925.1269,30.6,92.5373,98,35,88,3.5,39.2,80.1634,89.9194,9,90.7143,8.9,0.42,4.8,4.2,5.3,64.6047,2.5,200629,0,100,98.66,97.4662,77.98495,89.13505,15.1341,56.3107,0,15.6,3,5,88.8627,12.1951,7.3839,2.519,85.5721,12.0693,8.9,2.0946,3320.667,91.8269,0.9954,1.0015,1.0054,7,10.688,19.53,108.8501,73.6362,8.914,8.914,19.667,19.758,91.8269,19,120304154,283017422,2.3525157909343677,62707588,4.513288280199838,1.918494361479826,549060,219.10930317269515,515.4580956543912,103.30199,18.60553371900183,1918.494361479826,219.10930317269515
France,2005,53.7054,764185.1,0.1339,6.4603,551000,10,86.466,87.12,3.875,89.7561,2283000000,91.5387,36.365,15.3688,34964.765,34946.0372,1.1254,48257.4651,30431.2367,29.8,92.1569,98,35,87,3.4,42.9,80.1634,89.9194,9,91.6957,9,0.42,4.6,4.1,5.1,64.7438,2.4,191417,0,100,98.6592,97.5878,77.86495,89.09764999999999,14.8923,57.767,0,15.6,3,5,88.8602,12.1951,7.4107,1.988,85.2941,10.6199,8.6,2.0515,3297.8474,90.4306,0.9903,0.9984,1.0039,7,11.348,19.17,105.9631,73.7986,8.882,8.882,21.225,21.305,92.7885,18.94,125301325,295593643,2.359062388206988,63180854,4.678531933107457,1.9832167035918824,549060,228.2106236112629,538.3630987505919,102.61028,18.646232002412056,1983.2167035918824,228.2106236112629
France,2006,53.6095,749732.6,0.1269,6.2466,538000,10,88.102,88.44,3.779,91.7073,5877000000,97.9464,37.009,20.4851,36685.03,35645.4162,2.0013,49223.2472,32430.4443,29.7,92.1951,99,39,89,3.3,46.9,80.8122,98.2652,9,91.8072,7.9,0.41,4.5,4,5,65.6953,2.4,132512,0,100,98.6585,97.7102,77.7449,89.01355,14.6287,64.2512,0,15.6,3,5,88.8577,12.1951,7.4022,2.929,86.2745,11.7901,8.5,2.0509,3405.1809,90.4306,0.9887,0.9955,1,7,11.784,18.46,105.5585,73.0687,8.832,8.833,22.447,22.538,91.8269,21.92,124401921,297481567,2.3912939977832015,63622342,4.675740591253305,1.955318164804433,549060,226.572543984264,541.8015644920409,102.13827,18.63902818831077,1955.318164804433,226.572543984264
France,2007,53.6181,744719.8,0.1215,6.0964,530000,10,89.516,90.693,5.195,91.7476,-2712000000,110.5375,36.459,25.2273,41762.59,36322.1685,1.8986,50157.7837,34067.4661,32.4,89.3204,99,42,90,3.2,66.1,81.1122,97.3445,9,91.8334,7.7,0.4,4.4,3.9,4.9,66.6426,2.4,91973,0,100,98.6577,97.8334,77.6248,89.24225000000001,14.334,64.7343,0,15.6,3,5,88.8551,18.1976,7.3341,2.486,86.8932,12.5601,9.4,2.0245,3563.5654,90.4306,0.992,0.9978,1.0018,7,10.996,18.03,105.4143,76.0099,8.008,8.009,19.644,19.704,91.3462,23.95,127005145,301962648,2.377562326313631,64016890,4.7169215499222155,1.9839318186184927,549060,231.313781736058,549.9629330127855,101.1426,18.659738163287006,1983.9318186184926,231.313781736058
France,2008,53.8644,739792.1,0.1188,5.9496,523000,10,92.346,92.54,4.581,91.2621,-20404000000,121.723,36.787,28.4007,45753.56,36257.3659,-0.1784,50068.2969,35053.2627,33,91.7476,99,47,89,3.2,70.7,81.2146,99.4675,10,91.8978,7.1,0.39,4.4,3.9,4.8,66.8624,2.4,79528,0,100,98.657,97.9575,77.5047,89.471,14.0596,64.9038,0,15.6,3,5,88.8526,18.1976,7.4164,0.265,87.3786,13.6875,10.5,2.0612,3636.4841,90.8654,0.9893,0.9976,1.0034,7,10.866,18.26,102.8607,77.1726,7.386,7.386,19.214,19.287,91.3462,23.22,126255594,301042789,2.384391688814992,64375116,4.676384412262651,1.9612484115756779,549060,229.94862856518412,548.2875988052308,100.64381,18.653818941969465,1961.248411575678,229.94862856518412
France,2009,54.2447,701582.2,0.1183,5.7239,500000,10,92.44,92.923,3.16,90.4306,-14847000000,95.7565,37.369,31.458,41943.313,35052.8511,-3.3221,48404.9658,34666.9599,32.7,88.9952,98,51,89,3.1,71.6,81.4146,97.7274,10,91.9708,7,0.4,4.3,3.8,4.7,67.0483,2.3,58032,0,100,98.6562,98.0823,77.38465,89.554,13.857,63.5071,0,15.6,3,5,88.8499,18.8908,7.9781,-2.732,85.6459,13.9254,11.2,2.2121,3722.9998,90.0474,0.9904,0.9983,1.004,7,14.338,18.43,105.6627,71.4518,9.122,9.122,24.006,24.121,90.5213,23.82,124039307,294689672,2.375776510908756,64706436,4.554255963038978,1.916954706020279,549060,225.91211707281536,536.7167012712636,101.42421,18.636109073335426,1916.954706020279,225.91211707281536
France,2010,54.5915,692466,0.1182,5.8093,509000,10,94.047,94.667,4.151,90.9524,-16654000000,103.4572,38.588,33.6454,40988.558,35578.1968,1.4987,49130.4229,35911.5439,33.7,88.9952,99,64,89,3.1,77.3,81.6634,96.5807,9,92.7399,6.5,0.43,4.2,3.8,4.6,67.8798,2.3,52644,0,100,98.6555,98.2078,77.2645,89.58715000000001,13.7779,68.7204,0.1,15.6,3,5,88.8473,18.8908,7.9077,1.843,86.6029,14.581,11.9,2.1786,3849.5935,90.5213,0.988,1.0008,1.01,7,12.876,18.23,102.1958,71.5665,9.279,9.279,23.592,23.68,90.0474,23.79,125864400,391222795,3.1082879273249624,65026211,6.016386146195724,1.9355948634313016,549060,229.23614905474813,712.5319546133392,100.93841,18.65071570287584,1935.5948634313015,229.23614905474813
France,2011,55.2764,661113.9,0.1113,5.5756,482000,10,96.198,97.157,4.669,90.9953,-24621000000,117.8184,39.128,35.6938,44197.638,36269.9562,1.9443,50085.683,37510.376,33.3,87.6777,99,74,89,3.1,77.8,82.1146,97.1985,9,92.8458,6.5,0.36,4.2,3.7,4.5,67.7434,2.3,70178,0,100,98.6547,98.3343,77.14435,89.94659999999999,13.7975,65.4028,0,15.6,3,5,88.8446,18.8908,7.8525,2.485,84.8341,12.4195,10.6,2.1916,3920.657,89.6714,0.9955,1.0033,1.0088,7,12.415,18.04,98.503,72.109,9.228,9.228,23.018,23.104,88.7324,23.62,148791996,401006928,2.6950840016958977,65340830,6.13715693541083,2.2771672168841444,549060,270.9940552945033,730.3517429789094,100.32867,18.818059895314725,2277.167216884144,270.9940552945033
France,2012,56.2935,654311.6,0.1117,5.5765,483000,10,98.33,98.827,3.842,90.5213,-57232000000,112.3342,39.205,37.4346,41150.451,36161.2918,-0.2996,49935.6269,37671.0239,33.1,87.6777,99,78,91,3.1,81.4,81.9683,98.7159,9,92.9206,5.9,0.38,4.1,3.7,4.5,67.7528,2.3,103287,0,100,98.6539,98.4615,77.02414999999999,90.30735,12.5586,63.5071,0.1,15.6,3,5,88.9214,26.8631,7.9411,0.221,83.4123,15.744,12.3,2.2271,4052.1704,89.6714,0.9994,1.003,1.0056,7,12.843,17.13,97.4172,70.0199,9.841,9.841,24.949,25.051,89.6714,23.52,148855084,400525558,2.690707950559485,65657659,6.100210761397996,2.2671396797744494,549060,271.10895712672567,729.4750264087713,100.01607,18.818483806750518,2267.1396797744496,271.10895712672567
France,2013,57.1679,651522,0.1092,5.4698,482000,10,99.303,99.587,3.191,87.6777,-17160000000,114.7317,35.583,38.7341,42951.716,36256.0867,0.2621,50066.5304,39583.352,32.5,89.0995,99,82,90,3.1,81.9,82.2195,97.2954,9,92.942,5.3,0.34,4.1,3.7,4.5,67.6015,2.3,116297,0,100,98.6532,98.5896,77.80799999999999,90.6147,12.4583,62.0853,0.1,15.6,3,5,88.9978,26.8631,8.0026,0.915,85.3081,17.959,13.4,2.237,4133.5625,89.2019,0.9973,1.0057,1.0117,7,13.434,16.98,97.2509,69.0274,9.913,9.913,24.363,24.619,89.6714,24.16,153694338,408126035,2.6554396232865782,65997932,6.183921565906035,2.328775059194279,549060,279.92266418970604,743.3177339452883,99.59129,18.850476376340612,2328.775059194279,279.92266418970604
France,2014,58.0626,611773.9,0.0983,4.9476,453000,10,99.909,99.92,2.813,87.5,-26144000000,114.8397,32.028,40.1422,43277.417,36444.3949,0.5194,50326.5679,40218.1259,32.3,88.4615,98,83,91,3.1,83.8,82.7195,97.2283,9,93.0286,5.4,0.36,4.1,3.7,4.5,68.1537,2.4,52342,0,100,98.6524,98.7184,78.64185,90.84344999999999,10.6877,58.0952,0,15.6,3,5,89.0737,26.1698,8.0961,1.02,81.7308,17.4358,13.2,2.2759,4210.0361,88.4615,0.9952,1.0069,1.0152,7,13.5,15.66,97.5754,68.4171,10.273,10.273,24.828,25.087,89.6552,26.87,152958605,402315167,2.630222516739088,66312067,6.066997836155522,2.3066481248427984,549060,278.5826776672859,732.7344315739628,100.08888,18.845677893732113,2306.6481248427986,278.5826776672859
France,2015,58.9739,624228.2,0.0987,5.0035,457000,10,99.998,100.1,2.79,87.619,-7939000000,100,30.934,41.3871,36775.676,36702.4324,0.708,50682.8954,40916.1054,32.7,88.0952,97,88,91,3.2,78,82.322,96.0911,9,93.8859,5.5,0.32,4.2,3.8,4.6,68.1059,2.4,-345,0,100,98.6516,98.8482,79.48134999999999,91.13624999999999,11.3443,51.4286,0.1,15.6,3,5,89.1492,26.1698,8.2428,0.986,82.8571,16.7046,13.3,2.227,4310.7095,87.619,0.9938,1.0034,1.0103,7,13.967,15.57,100,67.9891,10.354,10.354,25.262,25.553,89.6552,26.34,157492941,410052887,2.6036270857371315,66548272,6.16173605529532,2.366597001947699,549060,286.84103923068517,746.8270990419991,100,18.87489120252743,2366.597001947699,286.84103923068517
France,2016,59.6623,691219.9,0.0987,5.0322,457000,10,100.305,100.767,2.932,89.5238,-13040000000,98.9955,31.073,42.5278,37081.496,36920.5343,0.5942,50984.0753,42880.2351,31.9,89.0476,96,90,90,3.2,79.3,82.5732,98.4529,9,94.5293,5.5,0.37,4.2,3.8,4.6,67.5365,2.5,15548,0,100,98.6508,98.9788,80.3264,92.02785,10.5082,42.8571,0.1,15.6,3,5,89.2242,26.1698,8.6006,0.728,82.381,18.4107,14.2,2.2224,4392.0469,87.619,0.9945,1.0025,1.0082,7,13.94,14.63,99.5397,68.5101,10.057,10.057,24.938,25.25,85.2217,25.14,157263479,404763426,2.573791630286902,66724104,6.066224973212079,2.356921555664502,549060,286.4231213346447,737.1934324117583,100.19532,18.873433173241214,2356.9215556645017,286.4231213346447
France,2017,60.2613,719763.9,0.0977,5.0711,457000,10,101.474,102.007,3.326,87.1429,-14151000000,105.7349,32.639,43.6243,38756.651,37580.5979,1.7878,51895.5663,44469.1459,31.6,87.1429,96,90,90,3.3,80.5,82.5756,99.6493,8,94.5685,5.5,0.32,4.2,3.8,4.6,67.8062,2.5,102984,0,100,98.65,99.1102,82.28684999999999,93.6802,10.4583,56.1905,0,15.6,3,5,89.2988,38.9948,8.5955,2.286,83.3333,17.3981,14.1,2.1989,4546.7622,88.5714,0.9941,1.0019,1.0076,7,13.425,14.78,97.7117,71.1257,9.409,9.41,22.572,22.834,85.7143,25.11,166830634,433058728,2.5957986109433593,66918020,6.471481493325714,2.4930599261603974,549060,303.8477288456635,788.7275124758678,99.64681,18.932489694094468,2493.0599261603975,303.8477288456635
France,2018,60.825,645519.9,0.0931,4.8934,457000,10,103.604,104.257,3.579,87.619,-19423000000,115.0035,34.381,44.4142,41539.756,38062.4436,1.2822,52560.9536,46381.0591,32.4,89.5238,96,91,90,3.3,82,82.6756,99.344,9,94.6054,5.2,0.27,4.2,3.8,4.6,67.7259,2.6,132925,0,100,98.6492,99.2426,84.40225000000001,95.12190000000001,10.4599,48.1132,0,15.6,3,5,89.373,39.5833,8.4677,1.587,83.8095,20.4545,15.2,2.1967,4670.5322,88.0952,0.9941,1.0008,1.0056,7,13.082,15.17,96.7173,72.692,9.018,9.018,20.953,21.167,86.8932,25.5,171475894,442760050,2.582054186578552,67158348,6.592777565046716,2.5533072076162444,549060,312.30811568863146,806.3964776162896,100.18912,18.95995326075578,2553.3072076162443,312.30811568863146
France,2019,61.3393,637731.4,0.0896,4.7899,457000,10,104.949,105.59,3.831,88.5714,16270000000,112.7772,34.296,44.895832999999996,40487.302,38705.2073,1.6887,53448.5549,51130.4723,31.2,88.0952,96,93,92,3.3,83.3,82.8268,99.4797,8,94.6326,5.1,0.21,4.2,3.8,4.6,68.3441,2.6,71972,0,100,98.6484,99.3757,85.37275,95.38755,9.8252,57.0755,0.1,15.6,3,5,89.4468,39.688,8.3148,2.076,90.9524,20.6518,15.5,2.1918,4773.9727,88.5714,0.9949,0.9987,1.0015,7,12.618,15.05,96.9056,74.5184,8.415,8.415,19.929,20.131,85.5072,24.89,174628055,446553868,2.557171400666405,67382061,6.6271921839849925,2.59161047329793,549060,318.04912942119256,813.3061377627217,100.24881,18.97816887574618,2591.6104732979297,318.04912942119256
France,2020,61.73348999999999,637166.1,0.0862,4.2503,457000,13,105.503,105.717,2.914,83.8095,-54317000000,96.5181,34.946,44.895832999999996,39230.928,35709.2046,-7.7406,49311.3334,49481.8044,30.7,85.7143,96,95,94,3.3,84.7,82.1756,100.1158,9,94.6431,5.1,0.29,4.2,3.9,4.6,67.4949,2.6,145593,0,100,98.6476,99.5098,86.2114,95.64035,9.6004,56.1321,0.1,15.6,3,5,89.5201,39.5147,9.2467,-7.593,85.2381,24.3856,16.8,2.2746,4883.2217,87.1429,0.9925,0.997,1.0002,7,12.701,16.25,97.9885,74.5184,8.009,8.01,20.398,20.606,82.1256,30.15,91889767,257875315,2.8063550863068354,67601110,3.814660957490195,1.3592937601172526,549060,167.3583342439806,469.66691254143444,100.51473,18.336100242716018,1359.2937601172525,167.3583342439806
France,2021,61.73348999999999,637117.7,0.0897,4.7083,457000,13,107.683,109.29,6.251,89.0476,8215999999.999999,115.5063,36.783,44.895832999999996,43848.345,38030.8572,6.5016,52517.3355,52517.3355,31.5,85.2381,96,95,94,3.4,86.1,82.3244,99.7733,9,94.6431,5.1,0.34,4.3,3.9,4.6,67.9253,2.6,131465,0,100,98.6468,99.6447,86.73435,95.83494999999999,9.6004,56.6038,0.1,15.6,3,5,89.5929,39.5147,9.3191,6.827,85.7143,22.8268,16.2,2.2181,5058.0537,87.1429,0.9925,0.997,1.0002,7,11.483,16.58,96.3956,74.5184,7.874,7.871,19.283,19.5,85.5072,26.76,117442342,324389046,2.762113224887835,67842811,4.78148003036018,1.7310948686958152,549060,213.8971004990347,590.808010053546,99.65567,18.581458073244548,1731.0948686958152,213.8971004990347
France,2022,61.73348999999999,637117.7,0.085,4.5612,457000,13,114.04,116.95,8.797,85.3774,-32780000000,115.5063,39.346,44.895832999999996,41096.683,38881.2231,2.236,53691.6175,56181.0058,31.5,83.0189,96,96,95,3.4,85.3,82.1293,100.1257,9,94.6431,5.1,0.34,4.3,3.9,4.6,67.726,2.7,179377,0,100,98.646,99.7041,87.37540000000001,95.96495,9.6004,57.0755,0.1,15.6,3,5,89.6654,37.2617,8.9622,2.624,85.3774,22.8268,20.445,2.2331,5181.8457,85.3774,0.9925,0.997,1.0002,7,11.557,16.58,96.3956,74.5184,7.308,7.303,17.851,18.104,86.4734,29.37,168935376,449792261,2.662510787557012,68065015,6.608273883433362,2.481970745176505,549060,307.68108403453175,819.2042053691764,96.56043,18.945026815144324,2481.970745176505,307.68108403453175
France,2023,61.73348999999999,637117.7,0.0766,4.1359,457000,13,120.498,121.873,6.027,83.9623,-30404000000,115.5063,38.716,44.895832999999996,44792.016,39117.4845,0.6076,54017.8742,58317.828,31.5,83.0189,96,96,95,3.4,86.8,82.9293,100.1257,7,94.6431,5.1,0.34,4.3,4,4.7,67.726,2.7,91862,0,100,98.646,99.7041,87.37540000000001,95.96495,9.6004,55.9242,0.1,15.6,3,5,89.6654,37.7816,8.9622,1.116,85.3774,22.8268,22.283,2.2331,5181.8457,84.9057,0.9925,0.997,1.0002,7,11.804,16.58,96.3956,74.5184,7.335,7.335,17.274,17.634,86.7647,29.97,180730009,460271796,2.5467369727182385,68287487,6.740206972325692,2.646605065434609,549060,329.16258514552146,838.2905256256147,96.5558,19.012514818142975,2646.605065434609,329.16258514552146
Germany,2000,47.3065,1111937.6099999992,0.2122,10.6036,984009.9999999995,13,78.933,80,4.967,93.0851,-29993000000,41.5054,20.664,0.324,24158.215,35087.0892,2.738,49979.1332,27467.7824,28.9,93.4426,90,84,92,4.4,30.2,77.9268,62.8736,7,91.3754,9.6,0.1,5.4,4.8,5.9,66.3368,2.8,174594,0,100,99.2181,99.8429,90.6395,97.6281,18.1496,95.2381,0,16.1,6,4,95.8785,30.9417,7.7328,2.881,90.7609,6.8867,3.7,2.4098,3154.4844,93.5323,0.9897,0.9825,0.9794,9,8.066,14.42,100.1981,83.4989,7.917,7.917,8.545,8.546,89.5522,18.14,111492424,298488223,2.6772063274900186,82211508,3.6307352858677646,1.3561656599219662,357569,311.80673939854967,834.7709756718284,106.04508,18.52946720933688,1356.1656599219662,311.80673939854967
Germany,2001,47.7886,1111937.6099999992,0.2121,10.7568,984009.9999999995,13,80.433,81.1,3.979,93.1034,-3411000000,43.1038,20.59,2.563,24122.365,35601.3628,1.4657,50711.6805,28677.1909,29.9,92.39695,93,86,94,4.3,31.7,78.3293,62.8736,6,91.5198,8.9,0.13,5.2,4.7,5.7,66.3261,2.7,272875,0,100,99.2187,99.8429,90.6395,97.6281,17.8081,90.21164999999999,0,16.1,6,4,95.8928,31.0811,7.7553,1.633,91.3264,7.233,3.9,2.4044,3230.2688,93.5323,0.9904,0.9833,0.9803,9,7.814,14.47,100.1172,84.2676,7.773,7.773,7.787,7.788,92.0398,16.76,110862490,298944273,2.6965321904640605,82349925,3.6301705557108885,1.346236684489998,357569,310.0450262746491,836.0463938428667,105.08694,18.523801171485196,1346.236684489998,310.0450262746491
Germany,2002,48.2088,1111937.6099999992,0.2089,10.5507,984009.9999999995,13,81.5,81.9,4.114,93.1217,41056000000,46.4355,21.99,3.9053,25752.683,35460.4121,-0.3959,50510.9059,29513.6823,29.8,91.3513,93,87,94,4.2,48.8,78.2293,62.8736,6,91.5923,8.8,0.1,5.1,4.6,5.6,66.5125,2.7,218795,0,100,99.2193,99.8429,90.6395,97.6281,17.4251,85.1852,0,16.1,6,4,95.9071,32.1725,7.9251,-0.229,91.8919,8.3889,4.4,2.4362,3240.7546,93.5323,0.9905,0.9821,0.9788,9,8.758,14.56,101.878,82.1912,8.482,8.482,9.285,9.29,94.5274,15.1,108941229,291485519,2.6756217244437366,82488495,3.5336505896973875,1.320683920830414,357569,304.67190668094827,815.18677234324,103.51879,18.506319120474753,1320.683920830414,304.67190668094827
Germany,2003,48.6583,1111937.6099999992,0.2119,10.6414,984009.9999999995,13,82.375,82.8,3.578,93.1217,37997000000,56.6699,23.06,5.4438,31074.334,35252.9745,-0.585,50215.4254,30305.2576,29.8,88.6487,97,90,95,4.1,55.9,78.3805,62.8736,6,91.7581,8.4,0.12,5,4.5,5.4,66.2516,2.7,142009,0,100,99.22,99.8429,90.6395,97.6281,17.0534,64.8241,0,16.1,6,4,95.9213,32.1725,8.052,-0.536,90.8108,8.4112,5.4,2.4746,3275.1865,93.5323,0.9926,0.9801,0.9752,9,10.035,14.37,102.5912,79.1622,9.779,9.779,11.024,11.034,93.5323,14.53,110436612,292965191,2.6527904622789404,82534176,3.549622776872456,1.3380712978827098,357569,308.85398902030096,819.3249163098591,102.9111,18.519952276319803,1338.0712978827098,308.85398902030096
Germany,2004,49.2979,1111937.6099999992,0.206,10.4673,984009.9999999995,13,83.842,84.6,4.073,93.5961,128708000000,68.6083,22.764,8.5269,35000.56,35670.487,1.1843,50810.1431,31757.4177,30.2,89.5522,96,88,96,4,64.7,78.6805,62.8736,6,91.8407,7.5,0.11,4.8,4.4,5.3,66.3783,2.6,81735,0,100,99.2206,99.8493,90.6898,97.6844,16.7456,67.9612,0,16.1,6,4,95.9902,32.75,7.7002,1.171,91.0448,10.3016,6.3,2.4352,3290.9619,93.75,0.9936,0.9804,0.9753,9,10.081,13.99,100.9733,76.4213,10.727,10.727,12.984,12.995,93.75,12.89,116411417,338768840,2.9100997885800153,82516260,4.105479816947593,1.4107694289586077,357569,325.5635052255649,947.422287726285,102.50312,18.572641181234335,1410.7694289586077,325.5635052255649
Germany,2005,50.0417,1111937.6099999992,0.1991,10.211,984009.9999999995,13,85.458,86.4,3.875,94.1463,134648000000,73.2099,23.523,13.1471,35592.675,36006.8578,0.943,51289.28,32313.7368,31.7,89.2157,96,90,96,3.9,68.7,78.9317,62.8736,6,93.2273,6.9,0.13,4.7,4.2,5.2,66.8015,2.6,81351,0,100,99.2212,99.8558,90.7401,97.7406,16.5543,75.7282,0,16.1,6,4,96.0591,31.759,7.8032,0.883,92.1569,11.2629,7.3,2.4419,3315.7563,94.2584,0.996,0.9804,0.9742,9,11.353,13.28,98.0754,73.904,11.193,11.193,15.463,15.461,93.2692,15.25,120573874,343981015,2.8528652484036465,82469422,4.171012802781617,1.4620433983398113,357569,337.20449479680843,961.9989848113231,101.59731,18.607773193583434,1462.0433983398113,337.20449479680843
Germany,2006,50.8444,1111937.6099999992,0.1948,10.3896,984009.9999999995,13,86.975,87.6,3.779,93.1707,176991000000,83.5546,24.013,18.3315,37530.238,37437.3919,3.9729,53326.9769,34748.7543,31,92.6829,96,87,96,3.8,72.2,79.1317,62.8736,6,93.2999,6.6,0.13,4.6,4.1,5,68.984,2.6,-135666.92,0,100,99.2218,99.8623,90.7903,97.7969,16.4673,82.1256,0,16.1,6,4,96.1279,31.5961,7.659,3.862,94.1176,12.3839,8.6,2.4723,3411.7869,95.2153,0.9955,0.9781,0.9711,9,9.855,12.78,95.5923,76.4548,10.277,10.277,13.402,13.401,93.2692,13.98,125236529,351223970,2.804485023694644,82376451,4.263645322617747,1.52029527224959,357569,350.2443696181716,982.2550892275337,100.92491,18.6457147472357,1520.29527224959,350.2443696181716
Germany,2007,51.4613,1096760,0.183,10.0526,974000,13,88.95,90.3,5.195,92.233,232471000000,99.6236,23.293,24.2949,43021.966,38570.9146,3.0278,54941.6018,36915.3253,31.2,92.233,96,86,97,3.7,75.2,79.5341,62.8736,5,93.4147,6.4,0.15,4.5,4,4.9,69.389,2.5,-24772,0,100,99.2224,99.8689,90.8406,97.8531,16.4179,81.1594,0,16.1,6,4,96.1966,31.6476,7.555,2.887,94.6602,15.0125,10.5,2.4605,3573.6733,95.2153,0.9947,0.9801,0.9741,9,9.465,12.38,95.7323,79.9557,8.732,8.732,11.824,11.815,93.2692,13.81,127674245,317305835,2.4852767682315253,82266372,3.8570539490911306,1.551961535388968,357569,357.06183981273546,887.3974953085977,100.49851,18.664992624860805,1551.961535388968,357.06183981273546
Germany,2008,51.815,1094848,0.1821,10.1127,975000,13,91.4,91.2,4.581,93.2039,213277000000,109.0458,27.068,27.9989,47153.994,38996.1434,1.1025,55547.3107,38443.5386,30.8,89.3204,96,87,97,3.6,78,79.7366,62.8736,6,93.4789,5.8,0.15,4.4,3.9,4.8,69.2361,2.4,-23341,0,100,99.223,99.8755,90.8908,97.9094,16.3767,79.8077,0,16.1,6,4,96.2653,32.1895,7.7166,0.91,92.233,15.6434,10.2,2.6151,3726.6746,94.2308,0.993,0.978,0.972,9,8.308,12.52,93.4264,82.4678,7.508,7.508,10.929,10.925,93.75,12.85,130765215,323876009,2.4767749511978394,82110097,3.9444114771901924,1.5925594997165817,357569,365.7062413128655,905.7720579804178,99.07814,18.688914028899283,1592.5594997165817,365.7062413128655
Germany,2009,52.1579,1042772,0.1784,9.3838,907000,13,91.625,92,3.16,93.3014,201728000000,84.4545,25.455,30.8451,43189.389,36927.192,-5.3055,52600.2325,37554.4427,30.5,92.823,96,88,97,3.5,79,79.8366,62.8736,6,93.4996,5.3,0.13,4.3,3.8,4.7,68.9343,2.4,46533,0,100,99.2236,99.8785,90.9411,97.9657,16.3144,77.7251,0,16.1,6,4,96.3339,32.7974,8.5018,-5.548,93.7799,17.0317,10.7,2.7427,3916.7827,92.891,0.9938,0.960629,0.947,9,8.307,12.74,99.1447,81.6743,7.88,7.88,11.309,11.311,92.891,14.18,127559726,314118544,2.462521313349325,81902307,3.835283223462802,1.5574619406019905,357569,356.74156876015536,878.4837164295562,100.67538,18.66409525993451,1557.4619406019906,356.74156876015536
Germany,2010,52.1175,1044461,0.1817,9.9708,944000,13,92.65,93.7,4.151,93.3333,199298000000,94.9267,26.154,32.3663,43233.452,38517.4398,4.3064,54865.4305,39730.4898,30.2,90.4306,96,88,97,3.5,82,79.9878,62.8736,5,94.0449,4.8,0.13,4.2,3.8,4.6,69.873,2.3,130116,0,100,99.2241,99.8815,90.9914,98.0219,16.2017,73.4597,0,16.1,6,4,96.4025,32.7974,8.3985,4.147,93.7799,17.6238,11.6,2.7302,4056.4238,92.891,0.9943,0.9613,0.9483,9,8.451,13.23,96.4713,83.7546,7.043,7.043,10.416,10.435,92.4171,15.23,134541690,325439525,2.418874959873033,81776930,3.9796006648818927,1.6452279389798565,357569,376.267769297674,910.1446853614267,98.96389,18.717384679235536,1645.2279389798566,376.267769297674
Germany,2011,51.7462,1024532,0.1694,9.8231,922000,13,94.95,95.9,4.669,93.3649,240525000000,111.143,24.769,33.7099,47637.891,40712.6577,5.6993,57992.3668,43398.3444,30.6,90.9953,95,87,97,3.4,81.3,80.4366,62.8736,5,94.2161,5.3,0.12,4.1,3.7,4.5,69.8076,2.3,295282,0,100,99.2247,99.8847,91.0416,98.0782,15.7162,71.564,0,16.1,6,4,96.4711,32.9032,8.1283,3.764,92.891,21.183,12.5,2.8056,4191.5176,92.0188,0.9933,0.960629,0.9471,9,8.156,13.24,93.5849,86.2396,5.967,5.967,8.927,8.943,93.4272,16.15,141740709,339021466,2.3918426004204623,80274983,4.223251794397764,1.7656896794359958,357569,396.4009995273639,948.1287975188005,98.48806,18.769509960505562,1765.6896794359957,396.4009995273639
Germany,2012,51.5805,1023721,0.1711,9.9528,926000,13,97,97.9,3.842,94.3128,258762999999.99997,105.6482,27.349,34.5501,44763.54,40829.0349,0.2859,58158.138,44229.3942,31.1,91.9431,95,87,97,3.4,82.4,80.539,62.8736,5,94.3462,4.7,0.16,4,3.7,4.4,69.9126,2.3,199143,0,100,99.2248,99.8877,91.0919,98.1345,13.9079,71.09,0,16.1,6,4,96.5266,32.9032,8.1877,0.469,91.9431,23.7361,13.6,2.8817,4355.5669,92.0188,0.9974,0.9614,0.9474,9,7.231,12.92,92.8666,87.1941,5.372,5.372,8.119,8.129,93.4272,17.51,147000783,350349425,2.383316726959203,80425823,4.356180787854667,1.827780898182416,357569,411.11165397447763,979.8092815652363,98.06621,18.80594847806212,1827.780898182416,411.11165397447763
Germany,2013,51.6197,1035201,0.1743,10.1466,942000,13,98.558,99.2,3.191,94.3128,255462000000,108.9519,27.575,35.3423,47220.321,40875.0263,0.1126,58223.6495,45889.0173,31.5,90.5213,93,87,97,3.3,84.2,80.4902,62.8736,5,94.4118,4.4,0.16,4,3.6,4.3,70.2837,2.3,462384,0,100,99.2248,99.8907,91.1421,98.1907,13.6634,76.3033,0,16.1,6,4,96.5822,36.4501,8.4049,0.386,92.4171,24.757,13.6,2.836,4380.3872,92.0188,0.9946,0.9645,0.9528,9,6.41,13.48,94.718,87.5558,5.316,5.316,7.825,7.832,93.4272,14.55,149395295,354871005,2.3753827387937485,80645605,4.400376251129866,1.8524914655919562,357569,417.80829713985275,992.4546171508157,98.43725,18.822106344223524,1852.4914655919563,417.80829713985275
Germany,2014,51.8322,1007908,0.1624,9.6221,903000,13,99.317,99.4,2.813,93.75,268695729999.99948,112.6683,27.661,36.3409,48983.25,41588.0764,1.7445,59239.3401,47938.7968,30.8,93.75,93,87,97,3.3,86.2,81.0902,62.8736,5,94.5123,4.3,0.15,4,3.6,4.3,71.3606,2.3,592338,0,100,99.2248,99.8938,91.1924,98.247,12.2822,78.0952,0,16.1,6,4,96.6379,36.4501,8.4922,2.172,94.2308,26.8209,14,2.8778,4336.019,93.75,0.9965,0.9653,0.9531,9,6.365,13.44,97.1519,87.9435,4.979,4.98,7.612,7.618,96.0591,12.96,154927904,366527398,2.3657933047361177,80982500,4.52600744605316,1.9131034976692496,357569,433.28114014358067,1025.0536204201146,99.30176,18.8584704376452,1913.1034976692497,433.28114014358067
Germany,2015,52.1224,1013072,0.1611,9.6146,907000,13,99.992,99.6,2.79,93.3333,268695729999.99948,100,27.63,37.4127,41914.927,41911.011,0.7765,59699.3381,48558.4433,31.7,92.8571,93,87,97,3.3,87.6,80.6415,62.8736,5,94.7255,4.4,0.16,3.9,3.6,4.2,70.795,2.3,659112.76,0,100,99.2249,99.8968,91.2427,98.3033,12.8254,68.0952,0,16.1,6,4,96.6934,36.4501,8.6133,1.656,94.2857,30.0329,14.6,2.9338,4755.2954,93.3333,0.9987,0.9661,0.9532,9,6.239,13.3,100,88.8042,4.612,4.612,7.328,7.341,95.5665,13.55,160893747,378048084,2.3496754289649306,81686611,4.62802997176612,1.9696464944542749,357569,449.9655926548442,1057.2730969407303,100,18.896254754775114,1969.646494454275,449.9655926548442
Germany,2016,52.582,1035961,0.1583,9.5899,907000,13,100.358,101.3,2.932,93.8095,268695729999.99948,100.6145,28.429,38.4991,42949.139,42528.0637,1.4723,60578.2871,51569.9017,31.4,93.3333,91,88,97,3.3,84.2,80.9902,62.8736,4,94.9483,4,0.17,3.9,3.6,4.2,69.9873,2.3,517480,0,100,99.2249,99.8998,91.2929,98.3595,11.7807,68.5714,0,16.1,6,4,96.75,36.4501,8.691,2.289,96.6667,30.0193,14.2,2.9404,4839.8467,91.9048,1.0003,0.9637,0.9491,9,6.701,12.99,102.3007,89.601,4.104,4.104,7.079,7.093,95.0739,11.8,165623773,388851871,2.3478022747374556,82348669,4.72201768069864,2.0112501514748224,357569,463.19388146064114,1087.4876485377647,100.38277,18.92522935241321,2011.2501514748224,463.19388146064114
Germany,2017,53.2583,1047781,0.1512,9.3755,907000,13,102.067,102.9,3.326,94.7619,268695729999.99948,109.198,28.107,39.9888,45510.535,43520.1864,2.3329,61991.4973,54110.2537,31.3,93.3333,91,88,97,3.2,84.4,80.9927,62.8736,4,94.8546,4,0.29,3.8,3.5,4.1,69.864,2.3,452988,0,100,99.225,99.9029,91.3432,98.4158,11.8978,65.2381,0.2,16.1,6,4,96.8076,30.7475,8.7969,2.713,95.2381,34.0095,15.2,3.0471,5058.3955,91.4286,1.0026,0.960629,0.9422109999999999,9,6.266,12.53,100.2345,90.3157,3.781,3.781,6.77,6.786,95.5665,10.35,172312123,401163218,2.3281195252872604,82657002,4.853348274112337,2.0846645635659518,357569,481.8989425817115,1121.918337439767,100.3803,18.964818064663934,2084.6645635659515,481.8989425817115
Germany,2018,53.8755,1015072,0.1442,9.0128,907000,13,104.042,104.8,3.579,95.7143,268695729999.99948,117.6694,28.344,40.9651,48897.189,43874.0131,0.813,62495.4989,56273.0406,31.9,91.4286,91,88,97,3.2,87,80.8927,62.8736,4,94.8694,4.1,0.31,3.8,3.5,4.1,69.8721,2.3,403908,0,100,99.2252,99.9061,91.3934,98.4721,11.6526,64.6226,0,16.1,6,4,96.8661,30.7475,8.8732,1.116,95.2381,35.6372,16,3.1101,5209.2144,91.4286,1.0072,0.961,0.9422109999999999,9,6.011,12.82,99.1337,91.2216,3.384,3.384,6.22,6.235,95.1456,8.61,179242169,419556284,2.3407230917853936,82905782,5.060639606535525,2.161998411642749,357569,501.27994596847043,1173.357544977333,100.85765,19.00424835448155,2161.998411642749,501.27994596847043
Germany,2019,54.538,1001488,0.1332,8.3883,907000,13,105.45,106.233,3.831,95.2381,268695729999.99948,112.3062,28.742,42.1156,47629.1,44207.6321,0.7604,62970.7161,59270.7276,31.8,91.9048,91,88,97,3.1,88.1,81.2927,62.8736,4,94.8694,3.8,0.33,3.7,3.4,4,69.6846,2.3,319082,0,100,99.2254,99.9093,91.3934,98.4721,10.6378,65.0943,0.2,16.1,6,4,96.8706,30.8886,9.0442,0.993,96.1905,40.5775,17.1,3.167,5398.6348,92.381,1.0084,0.9654,0.9471,9,5.607,12.49,100.199,92.0627,3.163,3.163,5.97344,6.02694,95.1691,8.52,185121042,436954848,2.3603737494087786,83092962,5.2586264526230275,2.2278787221473704,357569,517.7211726967382,1222.0154655465099,100.95164,19.036520455577,2227.8787221473704,517.7211726967382
Germany,2020,55.2951,998641.4,0.128,7.7266,907000,13,105.842,105.6,2.914,95.2381,248834000000,104.2472,27.108,43.3049,47341.768,42362.6472,-4.1735,60342.6627,58685.8727,32.4,88.0952,91,88,97,3.1,89.8,81.0415,62.8736,4,94.8694,3.8,0.39,3.7,3.4,4,69.5079,2.3,203468,0,100,99.2256,99.9127,91.3934,98.4721,10.2877,67.9245,0.2,16,6,4,96.876,31.1707,9.411266999999995,-4.1,93.3333,44.8396,18.5,3.1314,5390.0522,90.9524,1.0078,0.9701,0.9538,9,7.295,12.87,101.898,92.0627,3.881,3.881,7.862,7.864,94.2029,7.81,95102723,260757872,2.741854951934447,83160871,3.135583704985485,1.1435994098715008,357569,265.9702686754165,729.2518982350259,100.98594,18.370468170638524,1143.5994098715007,265.9702686754165
Germany,2021,56.2311,995286.1,0.1303,8.1471,907000,13,109.242,111.367,6.251,95.7143,268695729999.99948,123.0526,27.498,44.0643,52300.607,43898.7713,3.6261,62530.7653,62530.7653,32.4,87.1429,91,87,97,3.1,91.4,80.7902,62.8736,4,94.8694,3.8,0.4,3.7,3.4,3.9,69.7327,2.3,310264,0,100,99.2259,99.916,91.3934,98.4721,10.2877,69.8113,0.2,14.8,6,4,96.8825,34.9185,9.411266999999995,3.67,94.7619,39.8306,17.6,3.1288,5520.5762,91.4286,1.0078,0.9701,0.9538,9,7.868,12.9,98.8321,92.0627,3.594,3.594,6.665,6.662,95.6522,8.13,93774423,266102654,2.8376890572816427,83196078,3.1984999821746407,1.1271495634686048,357569,262.25546118371557,744.1994524133803,101.3979,18.356402711551326,1127.1495634686048,262.25546118371557
Germany,2022,57.1621,995286.1,0.1251,7.8701,907000,13,118.708,123.4,8.797,95.7547,160228000000,123.0526,26.542,44.6186,49725.343,44180.4298,0.6416,62931.9684,67589.8399,32.4,88.2076,91,87,97,3.1,91.6,80.608,62.8736,4,94.8694,3.8,0.4,3.7,3.4,3.9,69.4825,2.3,659112.76,0,100,99.2262,99.9164,91.3934,98.4721,10.2877,66.9811,0.2,14.8,6,4,96.8898,34.9185,9.411266999999995,1.367,92.4528,39.8306,20.814,3.1324,5787.4419,91.9811,1.0078,0.9701,0.9538,9,6.798,12.9,98.8321,92.0627,3.12,3.12,6.04,6.028,94.686,10.51,158539982,400409055,2.5256030053037346,83797985,4.778265909377176,1.8919307188591707,357569,443.3829051176137,1119.8091976653457,100.93795,18.881517378144817,1891.9307188591708,443.3829051176137
Germany,2023,57.9919,995286.1,0.1108,6.9999,907000,13,125.867,127.067,6.027,94.3396,251784000000,123.0526,26.542,44.895832999999996,53565.041,44336.7775,0.3539,63154.6749,69205.8831,32.4,85.3774,91,87,97,3.1,92.5,80.5415,62.8736,4,94.8694,3.8,0.4,3.7,3.4,3.9,69.4825,2.3,609553,0,100,99.2262,99.9164,91.3934,98.4721,10.2877,66.3507,0.2,14.8,6,4,96.8898,35.1902,9.411266999999995,-0.264,91.9811,39.8306,21.562,3.1324,5787.4419,92.9245,1.0078,0.9701,0.9538,9,7.456,12.9,98.8321,92.0627,3.068,3.068,5.97344,6.02694,94.6078,9.46,178207140,431439035,2.4209974695738903,83280000,5.180583993756004,2.1398551873198848,357569,498.3853186378014,1206.589595294894,100.84743,18.998457145149825,2139.855187319885,498.3853186378014
Greece,2000,48.9161,185295.3,0.2832,8.8892,124000,9,84.184,84.807,4.967,72.8723,-7836000000,41.0507,20.712,0.0959,11826.517,18002.9065,3.7127,31386.6398,18815.8358,34.2,69.9454,89,89,89,5.5,9.14,77.8878,85.4892,4,93.4146,19.9,0.25,6.4,5.9,6.9,55.6613,3.9,54661,0.3402269999999987,99.6862,97.6134,99.1524,78.1955,85.387,24.3888,75.1323,0.5,20.7,6,6,77.1052,8.6667,4.4631,4.138,73.913,8.4728,7.8,0.5595,1329.3423,80.0995,0.9999,1.03,1.0563,6,24.963,3.39,110.9456,63.478,11.345,11.345,28.957,29.299,78.607,43.51,13976386,62185893,4.449354289442207,10805808,5.754858220690207,1.2934142453761903,131694,106.12773550807174,472.19989521162694,96.4889,16.452879820738932,1293.4142453761904,106.12773550807174
Greece,2001,49.2575,183480.3,0.2764,9.0322,126000,9,87.249,87.797,3.979,71.35679999999999,-9388000000,39.756,19.77,0.0959,12186.368,18742.4235,4.1078,32675.9291,20306.0878,33.733333333333334,72.54025,91,90,91,5.1,10.9,78.3878,85.4892,3,93.6963,18.2,0.31,6,5.5,6.4,56.016,3.6,60387,0.3402269999999987,99.7101,97.7086,99.2181,78.2021,85.9417,24.1488,75.6614,0.5,20.7,6,6,77.7641,8.6667,5.0488,4.65,76.41595,6.6291,7.1,0.5595,1329.3423,75.12440000000001,0.9991,1.0227,1.043,6,24.507,2.95,108.0723,65.4171,10.764,10.764,27.816,28.103,78.607,41.62,12843361,56268216,4.381113012396054,10862132,5.180218395431026,1.1823978018311692,131694,97.52426837972877,427.2648412228348,96.29987,16.368337659958733,1182.397801831169,97.52426837972877
Greece,2002,49.6012,186200.6,0.264,8.9959,125000,9,90.671,90.868,4.114,69.8413,-9659000000,36.4719,17.734,0.0959,13789.85,19548.3677,4.3001,34081.0288,21985.2345,33.266666666666666,75.1351,92,91,92,4.8,14.7,78.6415,85.4892,3,93.8952,16.4,0.23,5.6,5.1,6,56.2273,3.3,25692,0.3402269999999987,99.7354,97.8094,99.2874,78.2087,86.4964,23.802,76.1905,0.5,20.7,6,6,78.4802,8.6667,4.978,4.683,78.9189,7.7646,7.3,0.5529999999999999,1381.367,70.1493,0.9901,1.0026,1.0135,6,23.998,2.8834999999999997,108.0602,67.637200000000007,10.346,10.346,26.711,26.974,78.607,41.14,12392044,54466309,4.39526433250237,10902022,4.995982304933892,1.136673912417348,131694,94.09725575956384,413.58231202636415,97.61262,16.332565292447327,1136.673912417348,94.09725575956384
Greece,2003,49.8139,215548.4,0.2591,9.3184,129000,9,93.799,93.683,3.578,68.7831,-12738000000,46.8656,21.157,0.0959,18036.4,20632.2557,5.5446,35970.7016,23255.5642,32.8,74.0541,94,92,94,4.4,17.8,78.8415,85.4892,3,94.0067,15.8,0.22,5.2,4.8,5.6,56.3464,3,25323,0.3402269999999987,99.7601,97.9087,99.3551,78.10495,87.0511,23.3884,60.804,0.5,19.9,6,6,79.1938,8.6667,5.058,5.797,77.8378,11.045,7.6,0.5465,1433.3917,71.6418,0.9863,0.9943,1.0015,6,29.115,3.3,106.0383,68.6547,9.839,9.839,26.499,26.753,86.5672,40.27,12499809,54502104,4.36023494438995,10928070,4.987349458779089,1.1438258539705548,131694,94.9155542393731,413.85411636065425,99.40795,16.34122400215701,1143.8258539705548,94.9155542393731
Greece,2004,49.9237,211829.7,0.2452,9.272,130000,9,96.631,96.615,4.073,70.4434,-13325000000,53.6105,22.901,0.47,21468.468,21688.1051,5.1175,37811.4913,24828.8979,33.6,76.6169,95,92,95,4.1,21.4,79.039,85.4892,3,94.1326,17.5,0.23,4.9,4.5,5.2,56.6237,2.7,29039,0.3402269999999987,99.7843,98.0067,99.4215,77.98495,87.6058,22.9485,62.6214,0.6,19.6,6,6,79.9055,14,4.7451,5.378,76.6169,10.8695,7.8,0.5273,1610.2928499999998,77.4038,0.9761,0.9797,0.983,6,24.524,3.1,107.1234,66.96,10.628,10.628,26.57,26.8,87.0192,39.95,12131583,52554021,4.332000283887107,10955141,4.797201697358346,1.107387207522021,131694,92.11948152535423,399.0616201193676,100.12969,16.31132285772035,1107.387207522021,92.11948152535423
Greece,2005,49.9779,207998.3,0.2472,9.4313,135000,9,100,100,3.875,64.8781,-18220000000,60.5116,23.688,1.4581,22101.329,21880.5266,0.8872,38146.9628,25003.8297,34.6,72.549,96,93,96,3.9,24,79.239,85.4892,3,94.975,16.6,0.32,4.6,4.2,4.9,56.5257,2.5,33297,0.3402269999999987,99.808,98.1032,99.4865,77.86495,88.1605,22.5223,63.5922,0.3,20.5,6,6,80.6145,13,5.2102,1.183,77.9412,11.6626,8,0.579,1787.194,73.2057,0.9786,0.9656,0.9539,6,22.442,3.51,103.4402,67.6162,10.074,10.074,25.811,26.023,83.6538,40.4,13412596,55264093,4.120312950602553,10987314,5.02980919631495,1.2207347491843776,131694,101.84667486749586,419.64017343235076,100.59276,16.411704897954586,1220.7347491843777,101.84667486749586
Greece,2006,49.9653,201627.3,0.2295,9.2899,131000,9,103.314,103.199,3.779,68.7805,-29710000000,72.6668,26.662,4.4315,24452.035,23220.5324,6.1242,40483.1568,28082.1249,35.1,71.7073,98,94,98,3.7,32.3,79.439,81.0392,3,95.0871,16,0.3,4.3,4,4.6,57.6776,2.4,27621,0.3402269999999987,99.8311,98.1983,99.4733,77.7449,88.7152,22.0312,65.2174,0.6,20.3,6,6,81.3211,13,5.0881,6.443,75.9804,13.6367,8.5,0.5612,1809.7524,75.1196,0.9774,0.9612,0.9467,6,13.328,3.48,102.7683,69.562,8.906,8.906,24.658,24.859,77.8846,40.26,13982021,57796551,4.133633542675984,11020362,5.244523818727552,1.2687442572213146,131694,106.17052409373244,438.8700396373411,101.31075,16.45328291950441,1268.7442572213145,106.17052409373244
Greece,2007,49.9217,208611.6,0.2295,9.5939,134000,9,106.402,107.178,5.195,62.6214,-44399000000,82.574,28.027,9.2115,28476.246,23973.6937,3.2435,41796.2337,28896.9211,34,70.8738,99,95,99,3.5,35.9,79.439,92.4018,3,95.1093,16.1,0.28,4.1,3.8,4.4,57.6565,2.2,25400,0.3159,99.8538,98.2921,99.4452,77.6248,89.2699,21.4469,62.3188,0.5,20.1,6,6,82.0256,14.6667,5.319,3.507,77.1845,8.4727,8.1,0.5766,1904.7507,76.555,0.9809,0.960629,0.9422109999999999,6,13.051,2.91,102.9403,72.1016,8.351,8.351,22.731,22.883,78.8462,40.67,16037592,65420236,4.0791807149103185,11048473,5.921201599533257,1.4515663838794737,131694,121.77921545400702,496.759427156894,101.43305,16.59044608679802,1451.5663838794737,121.77921545400702
Greece,2008,50.0289,207611.4,0.2204,9.1923,130000,10,110.903,109.528,4.581,61.6505,-51535000000,92.3927,28.3,13.6049,31740.794,23923.8801,-0.2078,41709.3876,30440.9709,33.6,71.3592,99,95,99,3.4,38.2,79.939,95.3981,3,95.2985,15.5,0.2,4,3.7,4.3,57.4073,2.1,27081,0.2709,99.8759,98.3845,99.4164,77.5047,89.8246,20.8856,54.3269,0.3,19.7,6,6,82.7279,14.6667,5.7676,0.058,75.7282,10.3335,8.3,0.6618,1982.8966500000001,77.4038,0.9796333333333334,0.9610333333333334,0.9445333333333333,6,13.097,3.31,100.8264,73.5691,7.664,7.664,21.61,21.764,73.5577,42.99,16013569,65624563,4.098059776680639,11077841,5.923948809158752,1.4455496337237554,131694,121.5968001579419,498.3109557003356,101.82491,16.588947045749276,1445.5496337237555,121.5968001579419
Greece,2009,50.4143,194027.5,0.2172,8.6625,123000,10,112.397,112.32,3.16,59.8086,-35972000000,71.6859,29.795,17.2544,29426.018,22878.1347,-4.3711,39886.2135,29947.7868,33.6,70.3349,99,95,99,3.3,42.4,80.1878,98.39439999999999,3,95.3771,14.9,0.25,4,3.7,4.2,57.4727,2.1,18182,0.2267,99.8975,98.4755,99.387200000000007,77.38465,90.3793,20.4636,38.678611000000004,0.6,20.1,6,6,83.4277,17.3333,6.4269,-4.119,74.6412,13.746,9.2,0.6256,2061.0425999999998,68.2464,0.9783666666666666,0.9656666666666667,0.9549666666666667,6,13.467,3.49,98.0297,68.2276,9.546,9.546,25.469,25.609,73.9336,46.45,20150866,85083505,4.222324985933607,11107017,7.660338054763039,1.814246435384046,131694,153.01278721885583,646.0697146415174,103.95073,16.818757872726604,1814.246435384046,153.01278721885583
Greece,2010,51.0371,181830.2,0.2132,8.0109,117000,10,117.684,118.113,4.151,55.7143,-29861000000,97.8859,29.849,20.2492,26679.741,21547.7242,-5.8152,37566.7483,27841.8591,34.1,68.8995,99,95,99,3.3,44.4,80.3878,101.3907,4,95.8977,13.1,0.2,3.9,3.6,4.2,57.506100000000004,2.1,2001,0.1834,99.9186,98.5652,99.3574,77.2645,90.934,20.2971,40.7583,1,21.4,6,6,84.1251,17.3333,6.6125,-5.694,71.2919,18.3955,11.4,0.6035,2139.18855,66.8246,0.9771,0.9703,0.9654,6,15.767,3.4,99.3988,58.6496,12.719,12.719,33.005,33.148,74.4076,47.91,19856896,84037675,4.232165742319444,11121341,7.556433617133042,1.7854767693931874,131694,150.7805670721521,638.1283505702613,106.28607,16.80406196066804,1785.4767693931874,150.7805670721521
Greece,2011,51.8716,169447.2,0.2288,7.7565,114000,10,121.354,120.684,4.669,55.4502,-28716000000,118.4404,22.08,22.1831,25457.905,19448.2558,-8.471642,33906.4916,25692.5741,34.8,66.8246,99,95,99,3.4,51.7,80.7317,97.8645,4,96.0051,12.3,0.18,4,3.7,4.3,57.1006,2.2,-31786,0.1409,99.9392,98.6537,99.3272,77.14435,91.4887,21.3834,41.7062,1.1,23.1,6,6,84.8204,18.6667,6.0403,-8.61561,66.3507,14.1459,11.4,0.6843,2217.3345,65.7277,0.9797,0.9801,0.9811,6,18.311,4.31,99.8287,42.9474,17.973,17.973,44.951,45.125,72.77,49.35119999999999,20315597,87440009,4.304082671063026,11104899,7.874003086385567,1.8294265440865334,131694,154.26364906525734,663.9634987167221,106.45616,16.826899523347784,1829.4265440865333,154.26364906525734
Greece,2012,52.811,160237.5,0.2363,7.3831,110000,10,122.609,121.068,3.842,52.6066,-6202000000,124.1215,22.173,24.3425,21557.251,17924.6621,-7.8341,31250.2268,24582.9742,36.3,62.5592,99,98,99,3.4,55.1,80.6341,98.1508,4,95.9893,11.3,0.17,4,3.7,4.3,56.7281,2.3,-65364,0.0991,99.9594,98.7409,99.2964,77.02414999999999,92.0434,18.8095,39.3365,1.5,23.1,6,6,85.5141,21,5.6761,-8.331,68.2464,16.9602,14.2,0.71,2236.2874,63.8498,0.9804,0.9752,0.9708,6,21.135,4.7,97.6867,31.462007,24.005309999999973,24.005309999999973,49.91967999999999,49.932689999999994,69.4836,49.35119999999999,18212022,80566672,4.423818069185288,11045011,7.294394908253147,1.6488912505383653,131694,138.29044603398788,611.7717739608486,104.93461,16.71759253833959,1648.8912505383653,138.29044603398788
Greece,2013,53.732,149820.2,0.219,6.7364,101000,10,121.562,118.869,3.191,55.9242,-6171000000,126.9046,25.656,26.5619,21498.365,17644.8767,-1.5609,30762.4432,25730.8809,36.1,64.455,99,98,99,3.5,59.9,81.2854,94.91,4,94.979,10.3,0.14,4.1,3.8,4.5,57.723,2.5,-59323,0.0582,99.979,98.8268,99.2652,77.80799999999999,92.5981,17.9601,40.2844,1,22.1,6,6,86.2054,21,5.1803,-2.272,71.09,25.1734,16.6,0.8148,2655.4722,64.7887,0.9827,0.973,0.9644,6,21.244,4.93,97.9414,31.462007,24.005309999999973,24.005309999999973,49.91967999999999,49.932689999999994,68.0751,49.35119999999999,20115254,89105445,4.4297449587263475,10965211,8.126195200438916,1.8344611882069575,131694,152.74237246951265,676.6097544307257,102.67167,16.816989040392308,1834.4611882069576,152.74237246951265
Greece,2014,54.5221,140886.8,0.2088,6.5187,97300,10,119.868,115.856,2.813,53.3654,-5872000000,125.9379,27.753,28.9729,21412.642,17903.5253,1.4659,31213.3765,26450.1813,35.8,64.9038,99,96,97,3.6,63.2,81.3854,90.7511,4,95.0358,9.3,0.18,4.2,3.9,4.6,58.3401,2.6,-46678,0.018,99.9982,98.9115,99.2335,78.64185,93.1528,16.8699,40.4762,1.5,21.4,6,6,86.8945,21,4.4881,0.792,63.9423,24.3841,16.4,0.84,2733.9231,66.3462,0.9882,0.9647,0.9429,6,19.869,5.3,98.0751,31.462007,24.005309999999973,24.005309999999973,49.91967999999999,49.932689999999994,68.4729,49.33,22674051,100763472,4.443999530564697,10892413,9.250794291402649,2.0816370991441473,131694,172.1722401931751,765.1333545947424,101.15755,16.936731744932725,2081.637099144147,172.1722401931751
Greece,2015,55.1925,141014.4,0.2047,6.4179,93500,10,118.557,116.31,2.79,53.8095,-2894000000,100,24.759,31.7814,17921.051,17980.7298,0.43120000000000003,31347.9765,26614.8484,36,59.0476,99,96,97,3.6,66.8,81.0366,94.897,5,94.5844,9.3,0.088,4.3,4,4.6,58.3638,2.6,-43462,0,100,98.976,99.1844,79.48134999999999,93.7434,17.2372,38.678611000000004,1.4,21.2,6,6,87.6394,19.6667,4.74,-0.228,65.7143,28.7273,17.5,0.9661,3196.5229,62.8571,0.991,0.960629,0.9422109999999999,6,17.896,4.94,100,31.462007,24.005309999999973,24.005309999999973,49.731,49.841,70.4434,49.23,24166974,106064266,4.388810365749555,10820883,9.801812476856094,2.2333643197140196,131694,183.5085425304114,805.3841936610628,100,17.000497589696092,2233.3643197140195,183.5085425304114
Greece,2016,55.8516,148249.1,0.201,6.3248,93500,10,118.573,116.647,2.932,53.3333,-4583000000,98.5877,24.698,33.5486,17901.38,18049.9289,0.3849,31468.6196,27504.5498,35,58.5714,99,96,97,3.6,69.1,81.3878,92.8496,5,93.7508,9.7,0.16,4.3,4,4.7,57.9932,2.6,10484,0,100,98.9796,99.1336,80.3264,94.3446,15.775,41.4286,1,20.2,6,6,88.3852,19.6667,4.3426,-0.032,60,27.3987,16.4,1.0053,2726.6008,57.619,0.9958,0.9654,0.9422109999999999,6,16.239,4.6,99.2482,33.422,23.514,23.514,47.223,47.347,70.4434,46.95,24996038,110020042,4.401499229597906,10775971,10.20975668921158,2.3196088779377746,131694,189.803924248637,835.4218263550351,100.06258,17.03422793027953,2319.6088779377747,189.803924248637
Greece,2017,56.4366,156533.7,0.1987,6.3581,93500,10,119.922,117.776,3.326,53.3333,-5143000000,114.2639,29.885,35.1351,18602.048,18352.0884,1.674,31995.4107,28681.6816,34.4,64.2857,99,96,97,3.6,69.9,81.2878,93.8487,5,93.8228,8.6,0.26,4.3,3.9,4.6,57.9676,2.6,10483,0,100,98.9832,99.0828,82.28684999999999,94.9459,15.6724,41.4286,0.9,18.5,6,6,89.1283,18.3333,4.2435,1.473,62.381,25.1118,16.4,1.1523,3250.6152,55.7143,1.0003,0.971,0.943,6,15.885,5,99.8075,38.9589,21.413,21.414,43.392,43.529,69.4581,45.69,27211268,119009014,4.373519602247128,10754679,11.065789504270652,2.5301794688618786,131694,206.62496393153828,903.6783300681884,99.64676,17.119141746937657,2530.179468861879,206.62496393153828
Greece,2018,56.9001,143622.3,0.1896,6.2036,93500,10,120.851,118.52,3.579,54.7619,-7589000000,138.3432,30.402,36.9203,19867.086,18769.039,2.272,32722.331,29792.0593,32.9,62.8571,99,96,97,3.6,72.2,81.7878,93.3349,5,93.9311,8.3,0.11,4.2,3.9,4.5,58.418,2.5,17938,0,100,98.9867,99.032,84.40225000000001,95.5471,15.584,53.3019,0.1,17.9,6,6,89.869,18.6667,4.2359,2.065,66.1905,30.3497,17.9,1.2137,3416.0808,57.1429,1.0034,0.9754,0.9486,6,14.688,5.39,99.3893,44.67,19.179,19.179,40.011,40.142,71.8447,47.22,33585639,142940411,4.255997957936724,10732882,13.317989613600522,3.1292283843239868,131694,255.02786003918175,1085.3980515437302,98.85252,17.329609152627782,3129.2283843239866,255.02786003918175
Greece,2019,57.2897,144176.6,0.1715,5.7472,93500,10,121.476,119.765,3.831,56.6667,-4584000000,132.7578,30.54,38.3566,19332.053,19216.676,2.385,33502.7506,31927.3792,33.1,64.7619,99,96,97,3.5,75.7,81.639,93.9473,5,93.9311,8.3,0.23,4.1,3.8,4.4,58.7092,2.5,36762,0,100,98.9903,98.9812,85.37275,96.1484,14.9419,54.2453,0.7,17.7,6,6,90.6072,20.6667,3.9975,2.277,70,33.2085,18.5,1.275,3644.6008,57.619,1.0051,0.9761,0.9495,6,12.977,5.08,98.0045,50.8705,17.045,17.045,34.754,34.894,72.4638,46.5,34202053,143594467,4.198416597974396,10721582,13.393029778627819,3.1900192527557967,131694,259.708513675642,1090.364534451076,98.14147,17.34779625870893,3190.0192527557965,259.708513675642
Greece,2020,57.6385,144859.6,0.1606,4.8953,93500,10,119.943,116.903,2.914,57.1429,-13840000000,123.2665,28.441,39.7876,17839.122,17486.9514,-8.471642,30487.1129,29533.0877,33.6,67.1429,99,96,97,3.4,78.1,81.2878,93.2228,7,93.9311,8.3,0.3,4,3.7,4.3,59.1933,2.4,6353,0,100,98.9937,98.9304,86.2114,96.7496,14.4089,51.4151,0.8,19.6,6,6,91.343,21.6667,5.14,-8.61561,71.4286,36.5812,20.1,1.5115,4008.1846,60,1.0076,0.98,0.9549,6,13.53,4.42,96.068,50.8705,15.899,15.899,33.74,33.871,77.7778,49.35119999999999,10104236,38475016,3.807810506405432,10698599,3.596266763526701,0.9444447819756587,131694,76.72510516804107,292.1546615639285,96.66249,16.128465398794383,944.4447819756588,76.72510516804107
Greece,2021,58.3823,145151.2,0.1529,5.128,93500,10,120.632,121.999,6.251,59.5238,-15258000000,165.1958,29.441,41.9213,20456.642,19232.9684,9.9847,33531.1551,33531.1551,32.9,66.6667,99,96,97,3.3,78.5,80.0829,94.0471,9,93.9311,8.3,0.19,3.9,3.6,4.2,59.675,2.4,-135666.92,0,100,98.9972,98.8796,86.73435,97.3509,14.4089,50.9434,0.6,18.8,6,6,92.0762,21.6667,5.4394,8.654,66.1905,40.5425,21.5,1.4578,4244.3682,60.4762,1.0076,0.98,0.9549,6,12.048,4.68,95.6069,50.8705,14.656,14.657,35.39,35.525,77.7778,49.35119999999999,18015347,73886813,4.101326108234274,10569207,6.990762220855358,1.7045126469753122,131694,136.79702188406458,561.0491973818093,94.60403,16.706734619213393,1704.5126469753122,136.79702188406458
Greece,2022,58.9229,145151.2,0.1466,5.2633,93500,10,131.85,131.235,8.797,56.6038,-23390000000,165.1958,33.735,42.923,20942.384,20595.4953,7.0843,35906.6128,38969.0222,32.9,66.9811,99,96,97,3.3,83.2,80.7878,95.2339,10,93.9311,8.3,0.19,3.8,3.5,4.1,59.5326,2.3,-53997,0,100,99.0006,98.8796,87.37540000000001,97.3509,14.4089,50,0.6,18.8,6,6,92.1604,21,4.5972,5.744,67.4528,40.5425,22.671,1.486,4926.7808000000005,59.434,1.0076,0.98,0.9549,6,11.352,4.68,95.6069,50.8705,12.426,12.426,31.29,31.369,77.7778,49.35119999999999,31413356,132745904,4.225779124013365,10436882,12.718923525244417,3.009841061727056,131694,238.53293240390602,1007.9874861421173,94.77294,17.262743742594743,3009.841061727056,238.53293240390602
Greece,2023,58.9062,145151.2,0.1347,4.966,93500,10,137.328,136.075,6.027,58.0189,-16322000000,165.1958,31.359,43.7095,23388.611,21139.1917,2.6399,36854.5042,41181.9912,32.9,57.5472,99,96,97,3.2,85,81.5366,95.2339,5,93.9311,8.3,0.19,3.7,3.4,4,59.5326,2.3,-135666.92,0,100,99.0006,98.8796,87.37540000000001,97.3509,14.4089,54.0284,0.6,18.8,6,6,92.1604,23,4.5972,2.332,70.7547,40.5425,25.269,1.486,4926.7808000000005,57.0755,1.0076,0.98,0.9549,6,12.505,4.68,95.6069,50.8705,11.066,11.023,26.642,26.618,79.4118,48.15,35782424,147209821,4.114025953076851,10405588,14.14718908724812,3.4387700147267024,131694,271.7088401901377,1117.8172202226374,93.07246,17.392967409041667,3438.7700147267024,271.7088401901377
Hungary,2000,46.5135,64598.52,0.2631,5.8249,72700,13,57.864,60.001,4.967,75.5319,-4015000000,28.6147,34.193,0.046183999999999996,4624.923,8967.6963,4.7509,22142.3343,11854.6834,29.9,81.9672,99,87.5,99,8.7,7,71.2463,95.174,14,76.5433,12.7,0.58,10.1,9.1,11,56.5747,5.7,13414,0,99.9646,98.0437,86.6313,63.7774,66.7609,20.6558,78.836,0.1,13.5,7,4,65.704,8.6667,4.6664,4.409,82.0652,0.6905,5.2,0.791,1411.9982,73.1343,0.9811,0.9989,1.0079,8,15.388,33.26,97.512200000000007,82.3957,6.563,6.563,12.848,12.261,85.0746,40.24,6731870,20429967,3.0348130608582755,10210971,2.000785919380243,0.6592781430874693,93012,72.37636003956479,219.6487227454522,82.49824,15.722363671898897,659.2781430874694,72.37636003956479
Hungary,2001,46.0797,68268.95,0.2592,5.9878,74800,13,63.16,64.091,3.979,74.2739,-3131000000,30.8914,37.647,0.3087,5274.516,9354.4808,4.3131,23097.3523,13211.8271,29.9,81.7944,99,87.5,99,8.1,14.5,72.2488,95.174,13,76.909,13.5,0.95,9.5,8.6,10.4,57.2604,5.4,10386,0,99.9647,98.043,86.6396,63.3919,66.5381,20.8202,84.92065,0.1,13.5,7,4,65.4265,8.6667,4.5668,4.062,84.27585,0.7058,5.1,0.9131,1440.8611,76.1194,0.9815,0.9988,1.0073,8,13.766,29.7,97.2321,84.7994,5.671,5.671,11.026,10.707,85.5721,36.84,6072820,18648371,3.0707926465793487,10187576,1.8305012890210586,0.5961005836913511,93012,65.29071517653637,200.49424805401455,88.86379,15.619333799721135,596.1005836913511,65.29071517653637
Hungary,2002,45.7484,71081.26,0.2433,5.9037,73100,13,66.483,67.179,4.114,73.0159,-4289000000,35.0343,37.86,1.0994,6647.318,9825.9432,5.04,24261.4505,14526.3883,29.9,81.6216,99,88,99,7.6,16.7,72.3488,95.174,13,77.0429,16.1,0.71,9,8.1,9.8,57.5462,5.1,2822,0,99.9651,98.0396,86.6756,63.0064,66.3152,21.1522,91.0053,0.1,13.5,7,4,65.1598,9.0674,4.9306,4.73,86.4865,0.6555,5.2,0.9836,1473.6954,79.1045,0.9822,0.9988,1.0067,8,13.745,28.52,97.1584,84.3366,5.608,5.608,11.744,11.419,86.0696,36.26,6175880,18449935,2.987417987396128,10158608,1.8161873162149775,0.607945498044614,93012,66.39874424805402,198.36080290715176,96.6815,15.6361621023664,607.9454980446139,66.39874424805402
Hungary,2003,45.5261,77104.64,0.2443,6.187,76100,13,69.584,71.028,3.578,74.0741,-6811000000,43.7397,37.191,2.6146,8399.771,10255.6101,4.3728,25322.3504,15479.1011,29.9,76.7568,99,91,99,7.2,21.6,72.3,95.174,13,77.2006,15.1,1.23,8.4,7.7,9.2,56.9955,4.8,13879,0,99.9655,98.0363,86.7113,62.6208,66.0924,21.5345,86.4322,0.1,13.5,7,4,64.8943,9.8446,5.6831,3.939,81.0811,0.984,5,0.9188,1499.6759,73.1343,0.9845,0.9957,1.0007,8,12.153,27.99,98.3119,82.9938,5.79,5.79,13.162,12.855,87.0647,36.54,6315494,18611114,2.9468975823585613,10129552,1.8373086983511215,0.6234721930446677,93012,67.89977637294112,200.09368683610717,95.72971,15.658516695492901,623.4721930446677,67.89977637294112
Hungary,2004,45.2883,77663.22,0.2258,6.0164,75200,13,74.282,74.9,4.073,73.8916,-8880000000,56.399,36.649,4.0761,10281.244,10792.7374,5.2374,26648.5832,16269.3088,29.9,77.1144,99,93,99,6.8,27.7,72.6488,95.174,12,77.3976,15.2,1.05,8,7.2,8.7,57.2255,4.4,16637,0,99.9659,98.033,86.7469,63.3863,67.6122,21.8498,75.2427,0.1,13.5,7,4,66.171,9.0909,5.4015,4.963,83.5821,2.7745,4.6,0.8599,1476.2664,75,0.9842,0.9883,0.9903,8,12.378,27.46,97.6105,81.7473,5.832,5.832,14.599,14.4,85.5769,37.19,6616443,18899483,2.8564415955823996,10107146,1.8699129309104667,0.6546301992669346,93012,71.13536962972519,203.19402872747602,100.94539,15.705068623470162,654.6301992669346,71.13536962972519
Hungary,2005,45.115,77466.1,0.2179,6.0676,75100,13,76.928,77.396,3.875,72.1951,-8138000000,63.879,39.4,6.4744,11200.063,11278.616,4.5019,27848.2766,17108.3406,34.7,73.5294,99,94,99,6.4,39,72.6488,95.174,13,79.6935,14.8,1,7.5,6.9,8.2,57.1875,4.1,16925,0,99.9664,98.0291,86.788,64.2077,69.1579,21.981,80.0971,0.7,15.9,7,4,67.4929,9.0909,5.6018,4.3,78.9216,5.2306,7.3,0.9195,1575.8483,75.1196,0.9796,0.9866,0.9898,8,18.792,26.35,96.2491,76.153,7.189,7.189,19.656,19.377,86.5385,35.44,7064007,19737358,2.7940739583072327,10087065,1.9566997932500683,0.7003035075118481,93012,75.94726486904915,212.20227497527202,102.84032,15.770523153768123,700.3035075118481,75.94726486904915
Hungary,2006,44.9805,74217.93,0.2078,6.0237,73900,13,79.932,82.444,3.779,73.1707,-8624000000,76.3825,40.939,11.9323,11472.076,11741.9477,4.1081,28992.2989,18383.6322,28.3,77.561,99,94,99,6.1,47.1,73.0976,95.174,12,79.9221,15.3,1.12,7.2,6.5,7.8,58.2571,3.9,19890,0,99.9669,98.0248,86.8344,65.085,70.7294,21.8234,80.6763,0.1,12.3,7,4,68.8608,10.3627,5.4722,3.934,85.2941,4.1638,7.9,0.9774,1745.0032,79.9043,0.9823,0.9879,0.9904,8,12.435,24.93,92.9421,75.91,7.494,7.494,19.377,19.147,78.8462,36.62,7182550,19652026,2.73607924762097,10071370,1.9512763407560243,0.713165140393015,93012,77.22175633251624,211.2848449662409,97.85899,15.787165170402089,713.165140393015,77.22175633251624
Hungary,2007,44.9579,74049.06,0.202,5.8805,72100,13,86.288,88.528,5.195,73.301,-10334000000,96.8287,39.04,14.4957,13920.455,11792.7713,0.4328,29117.7886,19098.6263,27.9,73.7864,99,94,99,5.8,53.3,73.1512,95.174,13,79.9411,14.7,0.94,6.8,6.2,7.4,58.1817,3.8,13697,0,99.9674,98.0205,86.8805,66.0181,72.3267,21.4476,71.9807,0.1,12.4,7,4,70.2715,11.1399,4.8834,0.332,85.9223,4.7129,9,0.9545,1731.4269,80.3828,0.9822,0.9908,0.9945,8,11.458,24.95,92.6898,76.8734,7.406,7.406,18.158,18.026,80.7692,38.02,7474329,20128534,2.6930222097528755,10055780,2.001687984422889,0.7432868459731617,93012,80.35876015997935,216.40792585902895,107.92397,15.826985041116803,743.2868459731618,80.35876015997935
Hungary,2008,45.0549,72907.99,0.1955,5.7605,70300,13,91.513,91.627,4.581,69.9029,-11838000000,110.1292,40.778,17.6763,15751.94,11932.0384,1.181,29461.656,20721.5024,27.5,73.301,99,94.5,99,5.5,61,73.7024,95.174,13,80.1708,12.3,0.72,6.5,5.9,7.1,58.2627,3.6,16166,0,99.968,98.0163,86.9262,67.0072,73.95,20.9991,71.6346,0,12.4,7,4,71.7243,11.1399,4.8022,0.993,85.4369,5.8871,9,0.9776,1845.998,80.2885,0.9869,0.9861,0.9858,8,11.463,25.34,91.8495,75.1969,7.817,7.817,19.617,19.506,76.4423,37.06,7651250,19974414,2.6106079398791047,10038188,1.989842589120666,0.7622142561984294,93012,82.2608910678192,214.75093536317894,109.88561,15.850379721845007,762.2142561984294,82.2608910678192
Hungary,2009,45.2408,66094.59,0.1871,5.1572,64200,13,95.355,96.72,3.16,69.378,-1724000000,84.2514,39.904,19.7645,13040.321,11162.056,-6.4531,27560.4756,20722.0653,27,72.2488,99,95,99,5.3,62,73.9049,95.174,13,80.3982,10.4,0.74,6.2,5.7,6.7,58.4836,3.5,17281,0,99.9685,98.0121,86.9715,68.0521,75.5991,20.6234,63.981,0.1,12.3,7,4,73.2187,11.1399,4.9098,-6.74,81.3397,8.0619,12.3,1.128,2004.5022,71.564,0.9915,0.99,0.9895,8,13.605,25.3,94.5157,66.9932,10.03,10.03,26.395,26.424,74.8815,33.16,7150612,18709746,2.616523732514084,10022650,1.8667464193601493,0.7134452465166398,93012,76.87838128413539,201.1541091472068,103.77086,15.782708645260952,713.4452465166397,76.87838128413539
Hungary,2010,45.3474,64818.12,0.1874,5.2335,64500,13,100,101.24,4.151,65.7143,-346000000,96.9127,39.963,21.6394,13171.433,11307.7162,1.305,27920.1285,21738.8966,29.4,71.7703,99,94.5,99,5.1,65,74.2073,95.174,13,82.6801,9.2,0.91,6,5.5,6.5,58.1184,3.4,10592,0,99.9689,98.0084,87.011,69.1529,77.274,20.4658,69.1943,0.1,14.1,7,4,74.7492,9.0674,4.9627,1.068,80.3828,8.0812,13.5,1.1286,2135.6335,72.0379,0.9935,0.9889,0.987,8,12.555,25.56,96.7321,65.5224,11.172,11.172,26.393,26.415,73.4597,36.17,7304010,19030734,2.6055186123786798,10000023,1.9030690229412472,0.7303993200815638,93012,78.52760934073022,204.60514772287448,107.91567,15.803934207279903,730.3993200815638,78.52760934073022
Hungary,2011,45.4921,62850.62,0.1808,5.1573,63000,13,103.929,105.364,4.669,67.7725,454000000,113.9939,38.223,23.2549,14191.149,11551.4989,2.1559,28522.0577,23029.4472,29.2,70.6161,99,95,99,5,68,74.8585,95.174,14,82.8345,8.5,0.56,5.9,5.4,6.3,58.6444,3.3,1859,0,99.9694,98.0048,87.0502,70.3096,78.9748,21.3089,70.1422,0.1,14.3,7,4,76.3196,8.8083,4.9539,1.917,80.0948,7.5187,14.7,1.1793,2309.9922,71.831,0.9953,0.986,0.982,8,13.213,25.23,97.1982,66.0645,11.029,11.029,25.957,25.978,73.2394,33.38,7586727,19434914,2.561699399490716,9971727,1.9490018128254012,0.7608237770648956,93012,81.5671848793704,208.95060852363136,107.4642,15.84191096288014,760.8237770648956,81.5671848793704
Hungary,2012,45.9183,59097.04,0.1696,4.8026,59200,13,109.812,110.609,3.842,65.4028,1459000000,105.121,36.255,24.1618,12934.984,11466.1419,-0.7389,28311.3008,23267.4484,30.8,69.6682,99,95,99,4.8,70.6,75.0634,95.174,13,83.019,8.2,0.76,5.7,5.3,6.2,58.6391,3.2,15286,0,99.9697,98.0022,87.0782,71.5222,80.7014,18.932,68.7204,0.3,15,7,4,77.9181,8.8083,4.8051,-1.339,78.673,7.6392,16.5,1.2542,2400.8943,68.0751,0.9945,0.9862,0.9826,8,14.785,25.04,96.7955,64.409,11.003,11.003,28.185,28.199,70.892,32.9,8808152,23169533,2.630464710418258,9920362,2.3355531784021593,0.8878861477030777,93012,94.69909259020342,249.10262116716123,107.25293,15.991188327805993,887.8861477030778,94.69909259020342
Hungary,2013,46.5519,57080.91,0.1566,4.5272,56500,11,111.693,111.066,3.191,64.9289,4184000000,109.1134,38.259,26.2622,13708.545,11705.0093,2.0832,28901.0934,24547.9805,31.5,71.564,99,95,99,4.7,72.6,75.5659,95.174,13,83.2252,7.8,0.55,5.6,5.1,6,58.5335,3,5635,0,99.97,97.9999,88.5991,72.7906,82.4539,17.853,70.6161,0.2,15,7,4,79.5504,8.8083,4.7899,2.032,77.7251,9.2007,17.2,1.3841,2527.8494,67.6056,0.9922,1.0015,1.0055,8,15.466,22.3,98.8242,66.7596,10.177,10.177,26.546,26.565,70.4225,29.9,9317445,24426148,2.621550006466365,9893082,2.4690129931198386,0.9418141889453661,93012,100.17465488324088,262.612867156926,104.77234,16.04739911477274,941.814188945366,100.17465488324088
Hungary,2014,47.3832,55785.86,0.1504,4.5429,57100,11,111.437,110.033,2.813,61.0577,1243000000,112.2791,37.587,26.1642,14327.786,12233.2994,4.5134,30205.506,25691.5273,30.9,72.1154,99,95,99,4.5,75.7,75.7634,95.2981,13,83.3161,8,0.51,5.3,4.9,5.8,58.3075,2.9,11581,0,99.9703,97.9977,90.114,74.115,84.2323,17.9398,68.5714,0.7,14.9,7,4,81.2201,10.0503,4.7017,4.334,75,10.7167,15.7,1.3446,2654.7954,70.6731,0.9931,1.0019,1.0059,8,13.619,20.6,99.3364,74.6954,7.725,7.725,20.378,20.393,66.5025,30.38,10132916,26053873,2.571211781485211,9866468,2.640648406298992,1.027005408622417,93012,108.94202898550725,280.1130284264396,100.57701,16.13129979133799,1027.005408622417,108.94202898550725
Hungary,2015,48.2517,58287.5,0.1538,4.8293,60100,13,111.364,110.993,2.79,60,2712000000,100,39.062,27.6322,12759.182,12717.0386,3.9543,31399.9171,26806.0446,30.4,70.9524,99,94,99,4.2,72.8,75.5683,93.6413,13,84.9348,7.8,0.41,5.1,4.6,5.5,58.1586,2.7,13856,0,99.9705,97.9955,91.6231,75.4952,86.0365,17.9803,69.5238,0.6,14.5,7,4,82.9268,10.101,4.646,3.66,74.2857,10.6358,15.6,1.3396,2569.6689,64.7619,0.9968,1.003,1.0059,8,11.581,20.01,100,78.2681,6.813,6.813,17.272,17.28,66.5025,29.92,10913250,27542898,2.523803449934712,9843028,2.7982139236015584,1.108728939915644,93012,117.33163462778997,296.1219842600955,100,16.20548829692236,1108.7289399156439,117.33163462778997
Hungary,2016,49.142,67227.66,0.1528,4.9181,60100,13,111.806,112.954,2.932,58.5714,5639000000,103.4458,37.725,28.6888,13188.503,13035.3529,2.5031,32185.8738,27941.9269,30.3,68.5714,99,94.5,99,4,79.3,76.0634,93.4739,13,85.1696,7.8,0.59,4.7,4.3,5.1,57.6671,2.5,68,0,99.9708,97.9932,93.1267,76.9473,87.8666,16.2389,66.1905,1.3,13.4,7,4,84.6758,10.101,4.7315,2.439,70,10.2126,15.3,1.1799,2625.9419,65.2381,0.9975,0.9936,0.9916,8,11.047,18.82,101.168,83.8194,5.115,5.115,12.922,12.926,59.1133,31.56,11648144,29291168,2.5146639670663413,9814023,2.9846239406612356,1.1868877829204192,93012,125.23270115683998,314.91816109749277,99.99299,16.270657497830133,1186.887782920419,125.23270115683998
Hungary,2017,49.9595,79677.41,0.1553,5.2271,60100,13,114.438,115.371,3.326,57.619,2559000000,115.5105,37.636,30.2136,14716.129,13628.4045,4.5496,33650.1905,29496.1637,30.6,68.0952,99,93.5,99,3.7,76.8,75.8171,93.6585,14,85.1426,8,0.57,4.5,4.1,4.9,57.3483,2.4,20200,0,99.9711,97.9909,94.6244,79.4093,89.9568,17.0237,74.2857,0.6,12.8,7,4,86.9046,10.0503,4.6169,4.124,72.381,10.5727,14.6,1.317,2902.2424,69.5238,0.9942,0.9991,1.0014,8,11.039,17.42,102.0222,86.7669,4.156,4.156,10.698,10.706,65.0246,29.45,12459373,31608719,2.5369429906304273,9787966,3.2293449936381062,1.2729276950900728,93012,133.95446824065712,339.8348492667613,101.35783,16.337983829291005,1272.9276950900728,133.95446824065712
Hungary,2018,50.7744,58745.54,0.1467,5.2077,60100,13,117.687,118.529,3.579,58.0952,391000000,126.5724,37.051,31.5063,16593.03,14377.4242,5.496,35499.6113,31908.8635,29.6,68.0952,99,93.5,99,3.6,76.1,76.0659,94.8708,14,85.3292,8.1,0.4,4.3,3.9,4.7,57.0533,2.3,34190,0,100,97.9885,96.1434,80.6859,90.5475,17.5019,70.7547,0.2,12.3,7,4,87.7222,12.5628,4.5547,5.606,70.9524,11.7442,13.6,1.5078,3846.4866,70.4762,0.993,0.9946,0.9955,8,10.73,17.75,101.6714,87.7548,3.708,3.709,10.149,10.169,64.0777,30.01,13116056,32830120,2.503048172407925,9775564,3.358386278275095,1.3417185954692743,93012,141.0146647744377,352.9664989463725,99.38506,16.389347762774378,1341.7185954692743,141.0146647744377
Hungary,2019,51.8662,57860.91,0.1395,5.1965,60100,13,121.656,123.264,3.831,57.619,-1055000000,125.6507,35.904,32.6466,17002.758,15083.5992,4.9117,37243.2434,35152.6037,30,68.0952,99,94,99,3.5,80.4,76.3195,95.2885,13,85.3292,7.7,0.49,4.1,3.7,4.5,57.0953,2.2,34339,0,100,97.9861,97.6296,80.6859,90.5475,14.6412,71.6981,0.3,12.3,7,4,87.7511,12.5628,4.292,5.077,72.381,13.6771,13.6,1.4729,4021.1528,68.5714,0.9866,0.9934,0.9966,8,11.002,16.65,102.0454,87.3125,3.419,3.419,11.4,11.404,58.086149999999996,31.56,13454090,33199961,2.467648202145221,9771141,3.3977568228725796,1.376921078101319,93012,144.64897002537307,356.94277082526986,99.41003,16.414793781332534,1376.921078101319,144.64897002537307
Hungary,2020,53.0183,57494.16,0.141,5.0259,60100,13,125.676,126.642,2.914,58.5714,-1498000000,122.4612,36.777,33.4922,16355.505,14437.8088,-4.2814,35648.7084,35029.9132,29.7,70,99,94,99,3.4,84.8,75.4195,93.7645,18,85.3292,7.7,0.47,4,3.6,4.4,57.2558,2.2,9147,0,100,97.9837,99.1095,80.6859,90.5475,14.1365,74.0566,0.4,12.6,7,4,87.7805,12.0603,5.1358,-4.339,66.6667,15.8288,14.8,1.5925,4309.6157,66.1905,0.9792,0.9899,0.9949,8,11.713,18.22,105.7601,87.3125,4.25,4.25,12.757,12.763,58.9372,30.79,5630715,14598682,2.5926870743768777,9750149,1.4972778364720376,0.5775004053784204,93012,60.53751128886595,156.95482303358708,94.78724,15.543747167873406,577.5004053784204,60.53751128886595
Hungary,2021,53.7759,57168.42,0.135,5.1755,60100,13,132.092,135.966,6.251,55.2381,-7524000000,144.0463,36.018,34.8392,18991.056,15521.3816,7.5051,38324.1815,38324.1815,29.2,70.4762,99,93.5,99,3.3,88.6,74.0659,98.2827,30,85.3292,7.7,0.46,4,3.6,4.3,57.5605,2.2,20372,0,100,97.9812,100,80.6859,90.5475,14.1365,73.1132,0.4,12.1,7,4,87.8104,13.0653,5.3322,7.223,67.619,19.1445,15.3,1.6438,4452.4868,67.619,0.9792,0.9899,0.9949,8,10.608,16.45,103.6967,87.3125,4.045,4.045,13.459,13.482,58.9372,31.79,6565870,17370771,2.645616041743135,9709891,1.788976930842993,0.6762042951872477,93012,70.59164408893476,186.75838601470778,94.87887,15.697395730186042,676.2042951872477,70.59164408893476
Hungary,2022,54.2214,57168.42,0.1223,4.9356,60100,13,151.404,169.345,8.797,51.4151,-15140000000,144.0463,37.056,36.5338,18555.74,16343.0587,5.2938,40353.0023,43701.9129,29.2,68.8679,99,93.5,99,3.2,89.1,75.8683,95.9374,14,85.3292,7.7,0.46,3.9,3.5,4.3,57.0648,2.2,41871,0,100,97.9787,100,80.6859,90.5475,14.1365,69.8113,0.4,12.1,7,4,87.8406,14.0704,4.8392,4.27,64.6226,19.1445,15.128,1.3947,4725.1504,63.2075,0.9792,0.9899,0.9949,8,9.897,16.45,103.6967,87.3125,3.609,3.609,10.558,10.564,59.9034,32.89,11287199,29446040,2.608799579062972,9644377,3.053182180663406,1.170339877837625,93012,121.35207285081495,316.58323657162515,91.53702,16.239179898281083,1170.339877837625,121.35207285081495
Hungary,2023,54.5703,57168.42,0.1136,4.5688,60100,13,172.87630999999993,171.36364999999998,6.027,54.717,675000000,144.0463,37.056,36.7902,22301.861,16282.8303,-0.3685,40204.2912,45021.301,29.2,62.7358,99,93.5,99,3.2,91.5,76.7707,95.9374,12,85.3292,7.7,0.46,3.8,3.4,4.2,57.0648,2.1,49213,0,100,97.9787,100,80.6859,90.5475,14.1365,72.0379,0.4,12.1,7,4,87.8406,14.0704,4.8392,-0.843,62.7358,19.1445,17.117,1.3947,4725.1504,63.2075,0.9792,0.9899,0.9949,8,9.78,16.45,103.6967,87.3125,4.107,4.107,12.802,12.806,59.3137,30.46,12202877,30488308,2.498452455105464,9592186,3.1784525446024503,1.2721685129958906,93012,131.19680256311014,327.78897346578935,103.1035,16.31718238352241,1272.1685129958905,131.19680256311014
Ireland,2000,49.1856,67768.15,0.2143,11.5166,66700,10,77.117,78.5,4.967,89.8936,615000000,62.5982,35.245,0.2698,26187.426,42643.6344,7.9548,53744.5427,30209.4656,33,89.071,86,46,79,6,17.9,76.5366,97.0164,8,88.6167,11.4,0.59,7.2,6.4,7.8,60.1925,4,31298,0,97.2117,90.5452,68.88195400000001,64.5319,55.842803,12.5488,97.8836,0.2,13.8,1,8,54.7689,12.0482,4.5726,9.403,96.7391,6.214,2,1.0838,2255.6968,92.5373,0.9869,1.028,1.0853,5,41.475079999999394,12.45,110.1933,89.8215,4.318,4.318,6.253,6.527,93.0348,14.1,6646000,29924000,4.5025579295817035,3805174,7.864029345307205,1.7465692764640985,69947,95.01479691766623,427.8096272892333,101.13081,15.709525878363111,1746.5692764640985,95.01479691766623
Ireland,2001,48.2896,70530.73,0.2138,11.9096,68700,10,80.2,81.9,3.979,89.39125000000001,195000000,67.1483,39.894,0.2698,28120.751,44196.916,3.6425,55702.1715,32576.9246,32.65,89.1301,84,46,74,5.8,23.1,77.1341,97.0038,7,88.7405,11.1,0.61,6.9,6.2,7.5,60.3025,3.9,39220,0,97.1473,90.4819,68.88195400000001,64.8751,55.842803,12.4265,97.08995,0.2,13.8,1,8,56.1241,12.0482,5.0142,5.306,97.01820000000001,5.4135,2,1.0519,2336.6511,92.78605,0.9916,1.0317,1.0886,5,41.475079999999394,12.92,109.9345,90.932,3.684,3.684,5.97344,6.177,91.2935,12.43,6353000,31547000,4.96568550291201,3866243,8.159600935585269,1.6431972848059473,69947,90.82591104693553,451.0129097745436,102.8284,15.664437857654608,1643.1972848059472,90.82591104693553
Ireland,2002,47.5613,70909.46,0.1972,11.4393,66600,10,83.958,85.6,4.114,88.8889,317000000,71.5503,38.659,0.2698,32482.159,46022.1411,4.1298,58002.5357,35222.0287,32.3,89.1892,83,46,74,5.5,25.9,77.6341,97.9726,7,89.0091,10,0.64,6.5,5.9,7.1,60.4906,3.7,34286,0,97.0826,90.4176,68.88195400000001,65.2243,55.842803,12.3041,96.2963,0.2,13.8,1,8,57.4908,13.253,5.2708,5.9,97.2973,6.8823,2.2,1.0558,2406.4954,93.0348,0.9953,1.0358,1.0945,5,13.077,11.97,109.2667,89.0177,4.216,4.216,7.354,7.818,89.5522,15.76,6476000,31609900,4.8810840024706605,3931947,8.039248748775098,1.6470211831441268,69947,92.58438532031396,451.9121620655639,105.27603,15.683613748195958,1647.0211831441268,92.58438532031396
Ireland,2003,47.1542,75488.45,0.1892,11.1228,66900,10,87.317,88.2,3.578,90.4762,810000000,75.19,40.803,1.0469,40939.423,46643.158,1.3494,58785.2145,36285.1087,32.9,89.1892,86,46,78,5.1,34.3,78.139,98.3236,6,89.2547,8.7,0.51,6,5.5,6.6,60.3667,3.5,32220,0,97.0174,90.3514,68.88195400000001,65.5796,55.842803,12.1728,96.9849,0.1,13.8,1,8,58.8633,13.253,5.5194,3.014,93.5135,5.932,2,1.1243,2534.6121,90.5473,0.9921,1.0308,1.0872,5,8.856,11.96,108.2338,88.4221,4.478,4.478,7.703,8.131,90.0498,21.91,6764000,33036000,4.884092253104672,3996521,8.26618951833357,1.6924720275459582,69947,96.70178849700487,472.300456059588,107.71778,15.72712513684211,1692.472027545958,96.70178849700487
Ireland,2004,46.8097,78192.18,0.1793,11.0514,67000,10,89.333,90.3,4.073,87.1921,-190000000,84.944,39.72,3.7407,47387.991,48906.9632,4.8535,61638.3291,38734.4439,33.6,90.5473,89,46,81,4.7,37,78.539,97.8605,6,89.4635,9.6,0.48,5.6,5.1,6.1,60.2268,3.3,49102,0,96.9518,90.2843,68.88195400000001,65.9409,56.4796,12.0242,91.2621,0.1,13.8,1,8,60.2451,13.253,5.6976,6.789,93.0348,6.8364,2.3,1.1778,2735.3318,92.3077,0.9919,1.0273,1.0791,5,10.367,11.64,104.7801,88.2745,4.491,4.491,7.87,8.287,93.2692,23.91,6953000,32436000,4.665036674816626,4070262,7.969020176096772,1.708243842779654,69947,99.4038343317083,463.7225327748152,108.05453,15.754683922903954,1708.243842779654,99.4038343317083
Ireland,2005,46.2405,79958.26,0.1774,11.3154,68500,10,91.3,92.1,3.875,92.1951,-7505000000,88.8912,42.764,7.7612,50475.16,50599.6045,3.4609,63771.5955,40466.2344,33.8,93.6274,90,46,84,4.4,41.6,78.9439,99.3232,6,92.0837,9.9,0.57,5.2,4.7,5.6,60.8851,3,63983,0,96.8858,90.2166,69.5667,66.3083,58.5831,11.8494,94.1748,0,13.8,1,8,61.6363,13.253,6.0274,5.739,91.6667,8.5381,2.9,1.192,2821.2649,92.3445,0.9963,1.0335,1.0888,5,10.526,11.89,105.0782,88.2725,4.237,4.237,7.82,8.249,97.5962,24.61,7333000,32097000,4.377062593754261,4159914,7.715784509006677,1.76277682663632,69947,104.83651907873104,458.8760061189186,107.94094,15.807895403445762,1762.77682663632,104.83651907873104
Ireland,2006,45.47,83288.11,0.1712,11.1581,68200,10,93.742,94.9,3.779,92.1951,-12430000000,88.1359,41.787,13.1583,53737.841,51710.3622,2.1952,65171.5035,44232.1017,32.7,88.7805,91,46,86,4.1,54.8,79.2415,98.512,6,92.2678,8.9,0.47,4.9,4.4,5.3,63.743,2.8,94513,0,96.8196,90.1487,74.1724,66.7248,60.8701,11.5711,91.7874,0.4,13.8,1,8,63.1688,13.253,5.8497,4.988,99.0196,10.3299,3.2,1.1989,2895.6511,93.7799,0.9948,1.0273,1.0769,5,9.4,11.12,104.8147,88.1501,4.355,4.355,7.908,8.27,95.1923,27.26,8001000,33655000,4.2063492063492065,4273591,7.875110182513956,1.8721960056542613,69947,114.3866070024447,481.15001358171185,108.48526,15.895077216816631,1872.1960056542612,114.3866070024447
Ireland,2007,45.0914,85247.55,0.1601,10.6725,67100,10,96.45,98,5.195,93.2039,-17587000000,98.5264,40.26,17.2691,60769.642,52904.4733,2.3092,66676.4633,46784.0861,31.9,90.7767,92,46,87,3.9,61.2,79.6415,98.5222,6,92.3579,8,0.36,4.6,4.2,5,64.5437,2.6,76465,0,96.7535,90.0832,78.7041,67.151,63.1657,11.1834,93.2367,0.1,13.8,1,8,64.7223,13.253,6.1863,5.31,98.5437,10.9781,3.5,1.2341,2929.0889,93.7799,0.9904,1.021,1.0687,5,10.07,11.37,103.3283,86.8383,4.98,4.98,9.159,9.157,95.6731,27.8,8332000,35993000,4.31985117618819,4398942,8.182194718639163,1.894091806620774,69947,119.11876134787768,514.5753213147098,109.05379,15.935614201382196,1894.091806620774,119.11876134787768
Ireland,2008,45.5578,83800.04,0.1652,10.3092,66400,10,99.458,99.3,4.581,92.7184,-17227000000,101.9114,42.221,19.8672,60989.707,49512.4262,-6.4116,62401.405,44169.0943,30.9,88.835,93,46,89,3.8,65.3,80.0951,97.7907,6,92.5112,6.5,0.45,4.4,4,4.8,64.4556,2.5,18979,0,96.6871,90.0171,83.1945,67.5869,65.4698,10.7847,93.2692,0.2,13.8,1,8,66.2925,13.253,7.2386,-4.484,99.48229,12.9818,4.2,1.3913,3256.6692,93.75,0.9952,1.0229,1.0669,5,12.525,12.15,101.6406,81.1571,6.774,6.774,13.471,13.467,95.6731,30.22,8026000,34873000,4.3450037378519815,4489544,7.767604015018006,1.7877093976582032,69947,114.74402047264357,498.5631978498006,108.61161,15.898196954404057,1787.7093976582032,114.74402047264357
Ireland,2009,46.6773,75031.94,0.1548,9.0772,60800,10,97.792,96.8,3.16,93.7799,-11022000000,93.9743,40.972,21.5358,51943.659,46514.5426,-6.0548,58623.1182,41469.8379,32.7,87.0813,94,46,90,3.7,67.4,80.1902,98.6772,6,92.5448,6,0.58,4.3,3.9,4.7,64.2038,2.5,-18524,0,96.6205,89.9505,87.6441,68.0326,67.7825,10.4733,86.2559,0.5,13.8,1,8,67.8792,13.9394,8.1101,-5.096,96.1722,15.7929,5.3,1.6137,3139.8657,95.2607,0.9973,1.0259,1.0725,5,18.298,14.03,105.776,65.0562,12.609,12.609,24.509,24.5,93.8389,30.66,7189000,30567544,4.251988315481986,4535375,6.739805198026624,1.585094948047295,69947,102.77781749038557,437.0100790598596,107.3324,15.788062777067404,1585.0949480472948,102.77781749038557
Ireland,2010,48.0749,73036.98,0.1514,8.974,60900,10,96.192,96.6,4.151,92.8571,-2859000000,94.4352,40.705,22.3721,48636.309,47040.3544,1.1304,59285.8083,43216.9847,32.3,87.0813,94,46,90,3.6,69.9,80.7439,99.9088,6,94.6514,4.8,0.32,4.2,3.8,4.5,64.1198,2.5,-26974,0,96.5536,89.8833,92.0528,68.4881,70.1036,10.3476,84.8341,0.5,13.8,1,8,69.4823,13.9394,8.017,1.683,94.2584,13.7751,5.3,1.5948,3116.6174,95.2607,1.0008,1.0236,1.0602,5,19.454,12.08,105.6092,59.794,14.534,14.534,28.157,28.144,93.3649,28.21,7134000,29282163,4.1045925147182505,4560155,6.421308705515492,1.5644205076362536,69947,101.99150785594807,418.63357971035214,103.25499,15.78038278507478,1564.4205076362537,101.99150785594807
Ireland,2011,49.4173,68149.82,0.1352,8.1098,56200,10,97.358,98,4.669,91.9431,-4057000000,101.9281,30.424,23.3814,52631.463,47607.8853,1.2065,60001.0777,45525.7181,32.9,88.6256,95,95,92,3.5,74.9,80.7463,100.3378,6,94.8019,4.2,1.62,4.1,3.7,4.4,64.003,2.5,-26529,0,96.4864,89.8155,94.9312,68.9536,72.4331,10.5404,77.7251,0.5,13.8,1,8,71.1019,15.0602,7.6381,1.65,93.3649,19.9661,7,1.5515,3341.4019,96.2441,0.9989,1.014,1.0383,5,19.164,12.71,97.7112,57.6448,15.354,15.354,29.579,29.587,92.4883,28.44,7630000,29417942,3.8555625163827,4580084,6.423013639051161,1.6659083108519408,69947,109.08259110469355,420.5747494531574,101.57478,15.84759853432223,1665.9083108519408,109.08259110469355
Ireland,2012,50.5369,68030.04,0.1374,8.1739,56800,10,99.2,99.7,3.842,90.0474,-7629000000,94.6595,30.601,24.175,49386.473,47217.4434,-0.8201,59508.9968,46726.2158,33.2,92.4171,95,95,92,3.4,76.9,80.8463,100.5085,6,94.9367,3.6,0.48,4,3.6,4.3,63.355,2.5,-22411,0,96.419,89.7472,95.0212,69.429,74.771,9.5889,77.7251,0.3,13.8,1,8,72.738,15.0602,7.6388,-0.399,94.3128,19.9892,6.9,1.5603,4873.6636,94.3662,1.0001,1.0105,1.0273,5,19.201,12.37,97.6226,56.5764,15.451,15.451,30.792,30.797,92.0188,32.57,7550000,28884907,3.8258154966887417,4599533,6.279965161680544,1.6414709928160098,69947,107.93886800005718,412.95419388965934,100.95301,15.83705825367553,1641.4709928160098,107.93886800005718
Ireland,2013,51.398,67913.48,0.1299,7.8574,56700,10,99.733,100,3.191,92.4171,5828000000,94.506,30.49,25.7144,52544.104,47999.1238,1.6555,60494.1627,48838.772,33.5,90.0474,96,95,93,3.3,78.2,80.9488,100.67920000000001,5,95.0722,4.2,0.39,3.9,3.5,4.2,64.1957,2.5,-12309,0,96.3512,89.6784,95.1106,69.8378,77.1173,9.1941,75.3555,0.7,13.8,1,8,74.3613,15.6627,7.2832,2.192,93.8389,23.0414,7.7,1.5691,5141.7378,94.8357,0.9963,1.00895,1.02685,5,16.44,11.12,95.819,61.9114,13.735,13.735,26.732,26.736,92.0188,32.51,8260000,28286434,3.4245077481840194,4623816,6.1175518229964165,1.7864032651818325,69947,118.08941055370495,404.3981014196463,100.07994,15.926935266562529,1786.4032651818325,118.08941055370495
Ireland,2014,52.0465,65682.67,0.1182,7.7592,56300,10,100.033,99.7,2.813,92.7885,5501000000,98.1321,31.617,27.0222,57175.016,52098.105,8.5397,65660.1827,52640.7844,31.9,91.8269,96,95,93,3.3,83.5,81.3488,100.8499,5,95.1476,4.3,0.16,3.8,3.5,4.1,65.5185,2.4,448,0,96.2832,89.6089,95.1996,70.2581,79.4718,8.8447,87.1429,0.4,13.8,1,8,76.0019,15.6627,6.7603,9.336,95.1923,25.5734,8.8,1.518,5290.9507,92.7885,0.9957,1.0074,1.0264,5,15.287,10.88,96.2541,66.8944,11.858,11.858,23.416,23.416,92.6108,30.42,8813000,29166382,3.309472597299444,4657740,6.261917152954008,1.8921193540214782,69947,125.99539651450384,416.9783121506283,100.21862,15.99173857555053,1892.1193540214783,125.99539651450384
Ireland,2015,52.5047,66750.9,0.0988,8.0062,58400,10,99.983,100,2.79,92.381,18547000000,100,30.885,27.8463,64154.626,64311.8235,12.592866999999991,81053.3527,71607.4568,31.8,90.9524,95,95,93,3.2,83.5,81.4537,98.8519,5,95.7585,3.6,0.36,3.7,3.4,3.9,65.9582,2.4,13376,0,96.215,89.539,95.2881,70.6902,81.8345,8.8116,77.619,0.4,13.8,1,8,77.6596,16.2651,5.2561,11.506899999999995,97.619,28.7078,9.5,1.1797,5242.0664,92.8571,0.996,1.0085,1.0281,5,14.293,9.43,100,71.882,9.908,9.908,20.235,20.229,92.6108,26.98,9528000,29710054,3.1181836691855582,4701957,6.318657103839954,2.0263902881289644,69947,136.21742176219138,424.7509399974266,100,16.069745494971087,2026.3902881289644,136.21742176219138
Ireland,2016,52.7775,66397.62,0.1025,8.3111,58400,10,99.8,99.8,2.932,92.381,-3798000000,106.082,32.369,28.6148,63933.925,64367.4069,0.0864,81123.4055,73126.2389,32.8,88.0952,95,95,92,3.1,83.5,81.6537,99.4022,4,96.1248,4.1,0.23,3.6,3.3,3.8,65.0107,2.3,18967,0,96.1464,89.4685,95.3761,71.0236,83.7529,8.1102,73.3333,0.1,13.8,1,8,79.0095,22.1519,5.422,1.223,94.7619,25.5821,8.6,1.1772,5143.8555,89.0476,0.9943,1.0069,1.0268,5,12.629,9.63,101.2124,76.5371,8.374,8.374,16.797,16.8,92.6108,29.47,10100000,31105668,3.079769108910891,4755335,6.541214867091383,2.1239302804113693,69947,144.3950419603414,444.70338970935137,99.58677,16.128046080821385,2123.9302804113695,144.3950419603414
Ireland,2017,52.9416,63441.53,0.0902,7.9651,58400,10,100.058,100.3,3.326,91.4286,3983000000,111.347,31.902,29.0795,71869.427,70069.0996,8.858,88309.3518,80786.0015,31.4,86.1905,95,95,92,3,84.1,82.1561,100.1122,4,96.2638,3.4,0.22,3.5,3.2,3.7,64.8236,2.3,28883,0,96.0774,89.3966,95.4635,70.9361,83.9242,8.3843,84.2857,0.2,13.8,5,8,79.1117,22.1519,5.1873,10.049,91.9048,29.4297,10.1,1.2487,5114.1943,88.0952,0.9969,0.9919,0.9843,5,10.979,8.47,98.6483,80.5482,6.713,6.713,14.402,14.409,90.6404,26.44,10338000,35071345,3.392469046237183,4807388,7.295301523405225,2.150440114257472,69947,147.7976181966346,501.3988448396643,98.19002,16.151337081468625,2150.440114257472,147.7976181966346
Ireland,2018,53.0287,64544.32,0.0814,7.6366,58400,10,100.758,101,3.579,90.4762,16977000000,133.5866,33.528,29.3513,80411.7,74427.5521,6.2202,93802.3882,86843.7709,30.6,89.0476,94,94,92,3,87,82.2049,99.0576,5,96.3161,3.0469999999999997,0.19,3.4,3.2,3.7,64.6811,2.3,33387,0,96.0079,89.3233,95.5501,70.8509,84.0949,8.2986,85.8491,0,13.8,5,8,79.2171,22.1519,4.7298,7.545,93.3333,33.5381,10.8,1.107,4656.7769,88.5714,0.9949,1.0602,1.1405,5,10.113,9.29,94.3205,82.3066,5.741,5.741,13.756,13.754,91.7476,22.45,10926000,35071345,3.209897949844408,4867316,7.2054793648080375,2.2447689856175352,69947,156.20398301571188,501.3988448396643,97.30508,16.206655919462598,2244.7689856175352,156.20398301571188
Ireland,2019,53.0372,63333.39,0.0739,7.1781,58400,10,101.65,102.1,3.831,90,-64614980000,137.5025,31.262,29.6453,81504.874,77117.1898,3.6138,97192.1872,92808.0379,30.8,85.7143,94,93,91,3,87,82.7024,101.1749,4,96.345,3.1,0.23,3.4,3.2,3.7,64.1194,2.3,29663,0,96.0041,89.3074,95.7019,70.8407,84.3455,7.8924,80.6604,0.1,13.8,5,8,79.4034,22.1519,4.9862,5.041,93.3333,38.9135,12.3,1.1607,4961.439,88.0952,0.999,1.0401,1.0952,5,10.182,8.07,95.7844,84.1518,4.95,4.95,12.457,12.458,93.2367,26.13,10951000,32580794,2.9751432745867956,4934340,6.6028676580859855,2.2193444310687953,69947,156.56139648591076,465.7925858149742,96.88562,16.208941425573755,2219.3444310687955,156.56139648591076
Ireland,2020,53.0536,62979.91,0.0652,6.72,58400,10,101.183,101.1,2.914,91.4286,-30841000000,145.9973,32.252,30.4353,86309.503,81791.0935,6.0608,103082.7924,98866.4191,29.2,90,94,94,92,3.1,92,82.4561,100.3171,6,96.3493,3.1,0.35,3.5,3.2,3.7,64.3274,2.3,15746,0,96.0001,89.2907,95.8535,70.8305,84.5961,8.1706,80.1887,0.1,12.9,5,8,79.5927,22.5,5.5119,7.158,91.9048,42.6417,13.7,1.1455,5196.1104,89.5238,0.9965,1.0417,1.1026,5,12.103,8.62,93.8653,84.1518,5.623,5.623,15.263,15.262,95.1691,25.57,4824004,16140254,3.3458210233656525,4985382,3.2375160017828124,0.9676297623732745,69947,68.9665603957282,230.74976768124438,96.0708,15.389115053872867,967.6297623732745,68.9665603957282
Ireland,2021,53.0448,62406.09,0.0592,7.0297,58400,10,103.625,106.8,6.251,92.8571,64676000000,154.278,34.156,31.3616,103766.935,94184.0378,12.592866999999991,118701.844,118701.844,30.1,91.4286,94,93,90,3.2,96.4,82.2537,100.0477,6,96.3493,3.1,0.26,3.6,3.3,3.8,64.3945,2.4,27419,0,95.9958,89.2732,95.9958,70.8203,84.8467,8.1706,75.9434,0.1,14,5,8,79.7849,22.5,5.1052,11.506899999999995,93.3333,37.3489,12.7,1.1106,5213.4316,90.4762,0.9965,1.0417,1.1026,5,7.285,8.55,87.9352,84.1518,6.364,6.364,15.592,15.616,95.1691,19.26,3838622,14930451,3.8895340567526575,5033164,2.9664145654701497,0.7626657903457944,69947,54.87900839206828,213.4537721417645,95.63247,15.160624266503795,762.6657903457944,54.87900839206828
Ireland,2022,52.9466,62406.09,0.058246000000000006,6.7239,58400,10,111.992,115.5,8.797,93.8679,48103000000,154.278,35.127,31.5363,104717.913,99677.4731,5.8327,125625.3198,120133.89324099993,30.1,93.3962,93,93,90,3.3,96.6,82.5098,102.804,7,96.3493,3.1,0.26,3.7,3.4,4,64.4956,2.5,93535,0,95.9914,89.2549,95.9914,70.7475,84.8467,8.1706,78.3019,0.1,14,5,8,79.7968,23.125,4.734,8.62,95.283,37.3489,13.068,0.9626,5511.6582,91.5094,0.9965,1.0417,1.1026,5,6.53,8.55,87.9352,84.1518,4.501,4.501,9.315,9.339,96.1353,17.61,9924012,34930828,3.5198292787231615,5165700,6.762070580947403,1.9211359544689006,69947,141.87902268860708,499.38993809598696,94.81478,16.110467933748634,1921.1359544689005,141.87902268860708
Ireland,2023,52.8088,62406.09,0.058246000000000006,6.12,58400,10,117.817,119.2,6.027,92.9245,44631000000,154.278,35.127,31.8399,103456.813,91647.7689,-8.0557,115505.3385,120133.89324099993,30.1,94.3396,89,93,89,3.4,96.5,82.861,102.804,4,96.3493,3.1,0.26,3.8,3.5,4.1,64.4956,2.5,43873,0,95.9914,89.2549,95.9914,70.7475,84.8467,8.1706,78.673,0.1,14,5,8,79.7968,23.125,4.734,-5.53,96.2264,37.3489,15.253,0.9626,5511.6582,93.8679,0.9965,1.0417,1.1026,5,6.445,8.55,87.9352,84.1518,4.288,4.288,10.56,10.654,95.5882,15.51,11287679,40636150,3.600044792202188,5307600,7.656219383525511,2.1267011455271687,69947,161.3747408752341,580.9562954808641,94.45682,16.23922242342408,2126.7011455271686,161.3747408752341
Italy,2000,48.1294,687705.7,0.1586,7.9856,553000,8,74.217,75.1,4.967,75,-3130000000,52.6309,14.324,0.2008,20205.515,32609.6675,3.835,50353.4201,27146.3212,35.2,77.0492,87,94,74,4.7,23.1,79.778,102.4937,11,93.9921,13.9,0.54,5.6,5.2,6,57.4421,3.5,56065,0,99.5571,99.8859,94.7684,78.026,79.3585,26.2473,78.3069,1.2,18.9,3,5,78.9218,11.1111,5.4963,3.882,76.6304,20.8138,5.1,1.0036,1154.702,73.6318,0.998,0.9762,0.9625,8,19.132,7.67,96.4708,62.0811,10.834,10.834,31.46,31.466,79.602,36.18,80031637,338885143,4.2343897451454104,56942108,5.951397918039845,1.405491293016409,302072,264.94225548875767,1121.8687696972906,98.08485,18.197932589458528,1405.491293016409,264.94225548875767
Italy,2001,48.7075,688275.2,0.1553,7.9698,560000,8,75.942,76.8,3.979,73.74340000000001,1806000000,53.5,18.757,0.6806,20576.46,33245.2804,1.9492,51334.8862,28138.4787,34.95,75.8219,93,95,77,4.5,27.2,80.1268,102.4937,10,94.1442,13.9,0.47,5.3,4.9,5.7,57.5611,3.3,48903,0,99.5828,99.8859,94.9871,78.026,79.3585,25.8127,76.98415,1.35,18.9,3,5,78.9226,9.8413,5.774,2.006,76.15305000000001,22.029,5.4,1.0407,1164.256,72.13929999999999,0.9913,0.9833,0.9783,8,18.29,7.49,98.2691,66.5265,9.599,9.599,27.806,27.834,78.85575,33.47,81773368,350323133,4.284073672983605,56974100,6.148813811889964,1.435272658980133,302072,270.7082020180619,1159.7338813263063,97.91097,18.219462186218863,1435.272658980133,270.7082020180619
Italy,2002,49.3474,698253.5,0.1573,8.0858,560000,8,77.925,79.1,4.114,72.4868,-6353000000,55.6745,20.188,1.4803,22473.552,33285.4149,0.1207,51396.8589,28848.5942,34.7,74.5946,93,95,81,4.3,28,80.2293,101.7747,10,94.3408,13.3,0.37,5.1,4.7,5.4,57.7572,3.1,223861,0,99.6085,99.8859,95.2059,78.026,79.3585,25.2572,75.6614,1.5,18.9,3,5,78.9239,9.8413,5.8969,0.27,75.6757,19.6508,5.6,1.0812,1242.8822,70.6468,0.978,0.9709,0.9665,8,16.651,7.57,100.3874,67.5539,9.211,9.211,27.171,27.14,78.1095,34.55,82030312,345247050,4.2087740687856945,57059007,6.050702039031279,1.4376400206193565,302072,271.5588071718001,1142.929665775047,98.14984,18.222599407648843,1437.6400206193564,271.5588071718001
Italy,2003,49.8629,748841.1,0.164,8.3952,575000,12,80.117,81.1,3.578,70.8995,-12417000000,65.5011,20.838,3.8968,27673.263,33159.8416,-0.3773,51202.958,29296.7853,34.9,75.6757,96,95,84,4.1,29,79.9829,101.3754,8,94.422,11.8,0.32,4.8,4.5,5.2,57.7203,2.9,478578,0,99.6342,99.8859,95.4249,78.026,79.3585,24.6282,59.799,0.8,18.9,3,5,78.9255,11.4887,5.9009,0.067,80,18.5355,6.2,1.0589,1222.7184,69.6517,0.9887,0.9803,0.9751,8,17.379,7.45,101.5681,68.2013,8.869,8.869,26.983,26.803,77.6119,31.26,82724652,344413317,4.16336978969703,57313203,6.009318952214205,1.4433786225488043,302072,273.8573982361821,1140.1696185015494,99.45644,18.23102821714242,1443.3786225488043,273.8573982361821
Italy,2004,50.3372,750096.5,0.1654,8.5403,579000,12,81.925,83,4.073,66.5025,-8702000000,77.4157,18.769,8.1209,31451.559,33431.5599,0.8194,51622.5252,29658.0665,34.3,73.1343,94,96,86,3.9,33.2,80.7805,100.6507,8,94.5008,10.9,0.32,4.6,4.3,5,57.6956,2.8,417970,0,99.6599,99.8859,95.6439,78.0296,79.3622,23.9733,54.8544,0.6,19.2,3,5,78.9307,11.526,6.2257,1.474,81.0945,20.2534,5.9,1.0503,1242.4846,68.2692,0.9911,0.9933,0.9946,8,16.366,7.22,100.3773,71.4,7.866,7.866,24.424,24.443,86.5385,30.42,85956568,345616227,4.020823946809975,57685327,5.991406220164098,1.4900941447380545,302072,284.5565560528616,1144.1518147991208,99.57716,18.269352715028553,1490.0941447380544,284.5565560528616
Italy,2005,50.9499,743711.1,0.1645,8.513,579000,12,83.733,84.7,3.875,67.8049,-16424000000,81.6507,19.673,11.658,32148.046,33521.3202,0.2685,51761.1263,30240.3395,33.8,69.6078,95,96,87,3.8,35,80.7829,100.875,8,95.5936,10.3,0.32,4.5,4.1,4.8,58.3515,2.7,258702,0,99.6856,99.8858,95.863,78.0331,79.3658,23.3403,63.1068,0.6,19.3,3,5,78.9358,11.526,6.462,0.762,78.4314,18.2075,6.7,1.0444,1412.594,64.5933,0.9865,0.9905,0.993,8,17.284,6.76,98.5323,71.81,7.73,7.731,24.113,24.118,81.7308,31.28,88268463,355016650,4.022010103427314,57969484,6.124198897475092,1.5226711867920024,302072,292.2100128446198,1175.271623983686,99.03729,18.29589345568947,1522.6711867920023,292.2100128446198
Italy,2006,51.5615,738698.9,0.1597,8.3918,569000,12,85.6,86.5,3.779,71.2195,-28773000000,91.222,21.762,14.4626,33602.692,34022.119,1.494,52534.4226,32603.4045,33.7,64.8781,96,96,88,3.7,38,81.2829,101.6046,7,95.6781,10.3,0.3,4.3,4,4.7,58.7076,2.6,215995,0,99.7113,99.8858,96.0823,78.0366,79.3694,22.6227,62.3188,0.7,19.5,3,5,78.941,17.3016,6.5596,1.799,78.9216,18.166,7.5,1.084,1507.9041,61.7225,0.9858,0.9889,0.9908,8,16.804,6.77,95.3773,74.8566,6.777,6.777,21.792,21.763,83.1731,31.63,93044399,366764778,3.941825428954622,58143979,6.3078720154325865,1.6002413422720863,302072,308.0206010487566,1214.1634378558754,98.89561,18.34858735654401,1600.2413422720863,308.0206010487566
Italy,2007,51.9029,725381.3,0.1551,8.2261,560000,12,87.333,88.9,5.195,67.4757,-30267000000,109.3859,22.014,17.1246,37989.367,34345.7599,0.9513,53034.1647,34294.3431,32.9,58.7379,97,97,90,3.6,40.8,81.4341,101.9614,7,95.7818,9.7,0.33,4.2,3.9,4.6,58.9061,2.5,495092,0,99.737,99.8858,96.1323,78.0401,79.3731,21.7883,60.3865,0.7,18.9,3,5,78.9462,17.3016,6.3045,1.462,78.1553,17.0067,8.7,1.129,1579.8928,63.6364,0.9875,0.989,0.9899,8,16.162,6.75,96.9853,76.8582,6.076,6.076,20.384,20.361,86.0577,34.17,96150083,376641751,3.9172275181499323,58438310,6.445117098697755,1.6453262080987625,302072,318.301871739188,1246.8608510553775,98.27628,18.381420903633625,1645.3262080987624,318.301871739188
Italy,2008,52.0471,711182.2,0.1517,7.9113,546000,12,90.383,91,4.581,64.0777,-64614980000,118.766,21.62,18.9321,40968.981,33769.8974,-1.6767,52144.9606,35653.8379,33.8,62.6214,96,96,90,3.5,44.5,81.4854,100.4193,7,95.9947,8.9,0.32,4.1,3.8,4.5,58.3573,2.5,422534,0,99.7628,99.8858,95.9007,78.0436,79.3767,20.9957,65.3846,0.7,18.4,3,5,78.9513,21.2698,6.6279,-1.023,79.1262,19.9806,10.8,1.1597,1613.5142,62.5,0.9881,0.9894,0.9902,8,16.591,6.99,93.8764,75.366,6.723,6.723,21.217,21.205,81.25,33.19,95546086,373666712,3.9108531562454583,58826731,6.351988384328206,1.624195061935364,302072,316.302358378135,1237.0120765910115,98.04472,18.375119275431032,1624.195061935364,316.302358378135
Italy,2009,52.3276,655666.2,0.1426,7.0092,492000,12,91.075,92,3.16,64.1148,-40207000000,89.0412,21.572,20.1732,37143.445,31832.986,-5.7356,49154.1264,34752.2054,33.8,66.9856,96,96,90,3.4,48.8,81.6366,100.1488,8,96.0439,8,0.32,4.1,3.7,4.4,58.1951,2.5,283676,0,99.7885,99.8857,95.6689,78.0472,79.3803,20.4038,54.5024,0.9,18.7,3,5,78.9565,21.2698,7.0096,-5.305,78.4689,25.1354,12.5,1.2179,1703.8469,62.5592,0.9886,0.9908,0.9922,8,17.566,7.1,98.5328,70.8504,7.749,7.749,25.352,25.34,81.5166,34.93,95499801,370762377,3.8823366448690297,59095365,6.273967120771655,1.6160286174727916,302072,316.14913331920866,1227.3973655287482,99.73533,18.37463473215038,1616.0286174727917,316.14913331920866
Italy,2010,52.6601,650406.3,0.1438,7.1535,501000,12,92.55,93.9,4.151,64.2857,-64614980000,97.8799,21.164,21.7705,35963.743,32220.4861,1.2173,49752.4751,35297.8078,34.7,67.4641,96,96,91,3.4,53.7,82.0366,99.8289,8,96.5506,7.3,0.31,4,3.6,4.3,58.2588,2.4,274387,0,99.8142,99.8857,95.437,78.0507,79.3839,20.1712,62.5592,1.3,19.8,3,5,78.9617,21.2698,6.9949,1.529,77.512,26.5709,12.8,1.218,1722.6681,63.981,0.9905,0.99,0.9896,8,18.997,7,94.2452,68.0728,8.363,8.363,27.91,27.903,75.8294,37.13,98813845,375542550,3.8005053846452386,59277417,6.335339308053858,1.666972854097202,302072,327.12017333615825,1243.2219801901533,98.95565,18.40874829459957,1666.972854097202,327.12017333615825
Italy,2011,53.1271,610417,0.1397,6.9874,488000,12,95.267,97.4,4.669,65.8768,-63255000000,114.5011,21.588,22.3939,38475.823,32388.818,0.5224,50012.4008,36789.0543,35.1,65.8768,96,96,90,3.3,54.4,82.1878,101.9782,8,96.7719,7.2,0.29,3.9,3.5,4.2,58.0817,2.4,198544,0,99.8399,99.8857,95.205,78.0542,79.3876,21.3354,62.5592,1.2,19.5,3,5,78.9668,21.5873,6.7572,0.695,74.8815,28.0582,11.9,1.2016,1760.6448,64.3193,0.9886,0.9871,0.9862,8,19.675,7.46,91.4089,67.1037,8.359,8.359,29.145,29.157,75.1174,35.19,103723869,386894732,3.730045318691303,59379449,6.515633582251664,1.746797431549087,302072,343.3746557112212,1280.8030270928784,99.09056,18.457242829932493,1746.7974315490872,343.3746557112212
Italy,2012,53.7708,588601.3,0.1373,6.6318,468000,12,98.425,99.9,3.842,62.0853,-4216000000,109.6975,22.214,22.7375,34926.415,31292.1311,-3.386,48318.9786,36678.1175,35.2,66.3507,97,96,90,3.2,55.8,82.239,100.1583,8,96.8687,6.5,0.38,3.8,3.5,4.1,57.5431,2.3,252524,0,99.8656,99.8856,94.9728,78.0577,79.3912,18.7657,63.0332,1.2,19.3,3,5,78.9736,21.4286,6.6647,-3.125,74.4076,31.4795,14.4,1.2622,1831.3428,64.3193,0.9922,0.9899,0.9886,8,20.971,7.65,91.5352,59.3647,10.655,10.655,35.294,35.316,74.6479,38.63,103733157,380711483,3.6701040825355387,59539717,6.3942440808040795,1.7422514285716206,302072,343.40540334754627,1260.333572790593,100.0565,18.45733237136761,1742.2514285716206,343.40540334754627
Italy,2013,54.4364,559017.9,0.1282,6.0116,438000,12,99.65,100.5,3.191,60.1896,22170000000,113.375,22.018,23.1032,35722.542,30369.1294,-2.9496000000000002,46893.748,36506.3052,34.9,68.7204,96,96,90,3.1,58.5,82.6902,100.688,8,96.5145,5.8,0.34,3.7,3.4,4,57.5579,2.2,158090,0,99.8913,99.8856,94.7406,78.0612,79.3948,18.0541,63.981,1.4,19.4,3,5,78.9811,31.4286,6.6481,-1.818,74.8815,39.3087,16.3,1.3011,1916.3037,63.8498,0.9952,0.9937,0.9929,8,22.166,7.6,94.1776,53.7783,12.149,12.149,40.022,40.041,76.0563,36.79,103862530,376785615,3.627733842031385,60233948,6.255369729375866,1.724318817687328,302072,343.8336886570089,1247.337108371514,99.96633,18.458578765426868,1724.3188176873282,343.8336886570089
Italy,2014,55.0999,537724.5,0.1216,5.6483,422000,12,99.883,100.5,2.813,56.7308,38140000000,115.9319,21.912,23.7084,36022.564,30091.3482,-0.9147,46464.8189,36383.1449,34.7,70.6731,95,95,87,3.1,55.6,83.0902,99.9829,8,96.5748,5.8,0.3,3.6,3.3,3.9,58.3725,2.2,52679,0,99.917,99.8855,94.5082,78.0647,79.3985,16.8937,60.4762,1.2,19.9,3,5,78.9886,31.4286,6.6886,-0.001,71.1538,43.7427,17.1,1.3384,1947.3444,67.7885,0.9951,0.9946,0.9944,8,22.183,7.3,97.2173,51.0592,12.683,12.683,42.669,42.681,77.8325,36.81,106552352,377770806,3.5454009124078274,60789140,6.214445639467839,1.752818875213566,302072,352.73826107682936,1250.5985526629413,100.04558,18.48414699979392,1752.8188752135661,352.73826107682936
Italy,2015,55.6066,544147.9,0.1242,5.8294,430000,12,99.992,100.6,2.79,57.1429,22933000000,100,21.757,24.5978,30609.504,30387.1293,0.9829,46921.5422,37085.9802,35.4,70.4762,93,93,85,3,58.1,82.5439,98.7268,8,96.6312,5.9,0.31,3.5,3.2,3.8,58.5886,2.1,39389,0,99.917,99.8855,94.2514,78.0683,79.4021,17.76,58.5714,1.9,20.6,3,5,78.9961,30.9524,6.5927,0.886,73.8095,38.994,16.6,1.3385,2075.8083,63.3333,0.9957,0.9965,0.9971,8,21.457,7.2,100,53.9046,11.896,11.896,40.316,40.324,81.2808,35.94,113392137,392874070,3.464738211962616,60730582,6.469130659739108,1.8671340412973483,302072,375.38115747239067,1300.597440345348,100,18.54636261704851,1867.1340412973482,375.38115747239067
Italy,2016,55.9198,605938.3,0.1211,5.7638,430000,12,99.942,101.1,2.932,59.0476,46421000000,101.0388,22.046,25.7337,31357.601,30815.0869,1.4084,47582.3624,40140.5036,35.2,71.9048,94,93,87,2.9,61.3,83.2439,99.1613,8,96.7453,5.5,0.27,3.4,3.1,3.7,58.2778,2.1,84568,0,99.917,99.8854,93.9946,78.0718,79.4057,15.7011,58.5714,1.6,20.3,3,5,79.0036,30.9524,6.4917,1.236,73.8095,37.9133,16.1,1.3664,2209.5925,62.8571,1,1.0027,1.0045,8,19.974,6.62,102.6615,56.151,11.688,11.688,37.758,37.769,81.7734,36.36,116944243,402962113,3.4457627212995856,60627498,6.646523876014148,1.9288977255831998,302072,387.1402943669059,1333.9935942424322,99.84102,18.57720783216887,1928.8977255831999,387.1402943669059
Italy,2017,56.13,656841.6,0.118,5.7145,430000,12,101.267,102.1,3.326,60.4762,48052000000,111.035,22.356,27.4653,32797.298,31356.224,1.7561,48417.9461,41770.2838,35.9,69.0476,95,94,92,2.8,63.1,82.9463,99.3915,8,96.8969,5.7,0.22,3.3,3,3.6,58.059,2,95147,0,99.917,99.8853,93.7378,78.0753,79.4094,15.966,57.619,1.4,20.3,3,5,79.0111,30.9524,6.3986,1.604,74.7619,35.7423,16.4,1.3701,2322.4238,62.381,0.97,0.984,0.993,8,20.2,7.06,99.7406,59.1002,11.211,11.211,34.726,34.742,78.8177,34.25,123195556,420629155,3.4143208461188324,60536709,6.948332044280768,2.0350553909364315,302072,407.8350724330623,1392.4797895865886,99.48558,18.629283545101707,2035.0553909364314,407.8350724330623
Italy,2018,56.3079,554839.3,0.1153,5.6372,430000,12,102.525,103.3,3.579,60.9524,52535000000,120.2492,23.161,28.4649,35042.793,31675.5758,1.0185,48911.0653,43190.5958,35.2,67.619,95,95,93,2.7,74.4,83.3463,99.1708,7,96.9894,5.6,0.34,3.2,2.9,3.4,58.7575,1.9,83686,0,99.917,99.8853,93.481,78.0753,79.4094,16.3354,57.0755,1.5,20.1,3,5,79.015,35.7143,6.4125,0.827,75.2381,40.0899,17.1,1.4244,2524.3127,60,0.9674,0.979,0.9863,8,19.356,6.89,98.5529,61.8395,10.61,10.61,32.168,32.19,78.1553,32.61,128100932,428844937,3.3477112953401464,60421760,7.09752474936182,2.1201125554767026,302072,424.07416774808655,1419.6778814322413,99.06211,18.668329050212805,2120.1125554767027,424.07416774808655
Italy,2019,56.5633,554608.7,0.112,5.5666,430000,12,103.175,103.8,3.831,61.4286,63767000000,117.6652,23.271,29.0545,33767.024,32180.4341,1.5938,49690.6299,46661.9105,34.6,68.5714,96,95,94,2.6,67.9,83.352766,99.0693,7,97.0678,5.3,0.28,3.1,2.8,3.3,58.8269,1.8,46634,0,99.917,99.8852,93.2242,78.0753,79.4094,14.8937,58.9623,1,20,3,5,79.019,35.7143,6.3836,0.429,77.1429,40.0522,17.3,1.4616,2670.6536,60.4762,0.9811,0.9834,0.9848,8,18.242,6.77,100.9416,65.0237,9.951,9.952,29.152,29.156,76.8116,32.19,131381653,436739271,3.3242028930782292,59729081,7.312003862908924,2.1996262256236623,302072,434.934893005641,1445.811829630022,98.37684,18.69361703478458,2199.6262256236623,434.934893005641
Italy,2020,56.7526,557902.8,0.1094,4.9778,430000,12,103.025,103.5,2.914,67.1429,71680000000,109.3662,22.988,30.2586,31956.874,29469.7989,-8.4232,45505.0689,44435.6434,35.2,65.2381,94,94,92,2.5,70.5,82.1951,99.7246,8,97.1085,5.3,0.29,3,2.7,3.2,58.9616,1.8,85281,0,99.917,99.8852,92.9674,78.0753,79.4094,14.6586,58.0189,0.8,20.1,3,5,79.023,35.7143,7.308,-8.61561,68.0952,42.3735,18.7,1.5066,2614.6819,57.619,0.9992,0.9904,0.9853,8,19.019,6.77,104.7151,65.0237,9.164,9.164,29.39,29.381,81.1594,34.69,55702138,208447085,3.7421738641342635,59438851,3.5069164610870422,0.9371334920320045,302072,184.40020260070446,690.0576187134193,97.89554,17.835529106314567,937.1334920320045,184.40020260070446
Italy,2021,56.9284,561117.2,0.1135,5.6529,430000,12,105.025,107.8,6.251,67.619,45792000000,133.5445,24.046,31.2853,36812.887,32267.7091,9.4942,49825.3934,49825.3934,34.8,63.8095,94,94,94,2.5,74.9,82.6463,99.6601,7,97.1085,5.3,0.31,2.9,2.6,3.1,59.3572,1.7,157327,0,99.917,99.8851,92.7106,78.0753,79.4094,14.6586,63.6792,0.8,20.1,3,5,79.0271,35.7143,6.9564,8.931,68.5714,40.9736,17.5,1.4266,2658.895,58.0952,0.9992,0.9904,0.9853,8,19.768,6.99,99.1369,65.0237,9.497,9.497,29.665,29.676,83.5749,33.04,78670967,289178142,3.6757923923828213,59133173,4.8902862357817325,1.330403274656004,302072,260.43779959744694,957.3152824492174,96.95918,18.18078475079309,1330.403274656004,260.43779959744694
Italy,2022,57.0326,561117.2,0.1079,5.6388,430000,12,114.2,121.1,8.797,68.8679,-36326000000,133.5445,23.145,31.1914,35671.989,33840.3432,4.8737,52253.7379,56218.7665,34.8,67.4528,95,95,94,2.4,85.1,82.7,95.9287,10,97.1085,5.3,0.31,2.8,2.6,3,59.5777,1.7,231228,0,99.917,99.885,92.7106,78.0753,79.4094,14.6586,60.3774,0.8,20.1,3,5,79.0312,32.25,6.7201,4.821,68.8679,40.9736,19.131,1.3901,2795.5342,58.4906,0.9992,0.9904,0.9853,8,15.858,6.99,99.1369,65.0237,8.069,8.069,23.704,23.703,83.0918,37.01,118514633,412008532,3.4764359604438044,59013667,6.98157821644942,2.008257392308802,302072,392.3390218226118,1363.9414841494743,96.8169,18.59054700458563,2008.2573923088019,392.3390218226118
Italy,2023,57.1418,561117.2,0.0984,5.1784,430000,12,120.942,121.7,6.027,67.9245,3178000000,133.5445,23.145,33.7932,39074.242,34088.0881,0.7321,52636.2871,57801.3663,34.8,70.283,95,95,95,2.3,87,83.352766,95.9287,6,97.1085,5.3,0.31,2.8,2.5,3,59.5777,1.6,150189,0,99.917,99.885,92.7106,78.0753,79.4094,14.6586,64.9289,0.8,20.1,3,5,79.0312,32.25,6.7201,0.715,72.6415,40.9736,19.594,1.3901,2795.5342,60.8491,0.9992,0.9904,0.9853,8,12.672,6.99,99.1369,65.0237,7.627,7.627,22.727,22.726,85.7843,35.14,133636709,447170049,3.3461617870281435,58993475,7.579991668570126,2.2652794906555345,302072,442.40018604835933,1480.3425971291613,96.815,18.71063555677206,2265.2794906555346,442.40018604835933
Latvia,2000,48.4933,13259.38,0.2098,3.294553,10700,11,57.771249999999995,58.80199999999999,4.967,56.9149,-374000000,17.589826,37.074,0.046183999999999996,3260.181,6336.3831,6.8662,15731.428205999999,7840.8815,36.4,60.6557,96,95,97,11.6,6.8092,70.93126699999999,104.6512,34,73.07381900000001,24.129999999999974,6.117799999999994,14.2,12.9,15.6,53.6661,7.2,-15679,0,97.8027,87.5354,92.3845,78.1955,88.99185,22.4971,63.4921,2.5,19.4,6,4,66.7726,17,2.7576,5.841,71.1957,68.2684,35.8,0.4348,1600.9967,56.2189,0.9796,1.0122,1.0291,8,41.475079999999394,34.82,94.584,65.522,14.211,14.211,21.266,21.272,70.1493,36.09,513567,1483854,2.8893094766602996,2367550,0.6267466368186522,0.2169191780532618,64585,7.951799953549586,22.975210962297748,92.81728,13.149137724120882,216.9191780532618,7.951799953549586
Latvia,2001,47.7783,14130.31,0.209,3.294553,11200,11,57.771249999999995,58.80199999999999,3.979,57.0289,-628000000,17.589826,39.979,0.1383,3480.782,6833.4353,7.8444,15731.428205999999,8861.6535,36.4,63.841350000000006,97,96,98,10.8,7.22,70.93126699999999,104.6512,32,73.07381900000001,24.129999999999974,5.23,13.3,12,14.5,54.4702,6.6,-18634,0,97.7993,87.5096,92.3653,78.2021,89.0575,21.6068,72.75135,2.5,19.4,6,4,66.7605,17,2.8118,6.461,72.6249,66.3444,35.4,0.4026,1485.33,58.4577,0.9766,1.0026,1.0145,8,41.475079999999394,32.29,95.6358,63.8072,13.821,13.821,24.165,24.19,71.39304999999999,36.39,584969,1615645,2.761932683612294,2337170,0.691282619578379,0.2502894526286064,64585,9.057350778044437,25.015793140822172,93.09018,13.279315842847742,250.28945262860643,9.057350778044437
Latvia,2002,47.1744,14320.11,0.1941,3.3177,11200,11,57.771249999999995,58.80199999999999,4.114,57.1429,-619000000,18.5987,38.089,0.4326,3987.891,7443.2294,8.9237,17096.6149,9756.298,36.4,67.027,97,98,98,10.3,21.9,70.961,104.6512,29,73.07381900000001,24.129999999999974,5.65,12.6,11.4,13.7,55.4909,6.2,-9160,0,97.8486,87.929,92.394,78.2087,89.08335,20.508,82.0106,2.5,19.4,6,4,66.9575,18,2.8572,7.665,74.0541,62.5117,34.4,0.4084,1486.0632,60.6965,0.9727,0.9926,1.0007,8,12.828,31.6,98.9135,62.9644,13.829,13.829,25.252,25.289,72.6368,35.98,666218,1692929,2.5411036627650407,2310173,0.7328148151675221,0.28838446298177667,64585,10.31536734535883,26.212417744058218,89.31755,13.409373724299005,288.38446298177666,10.31536734535883
Latvia,2003,46.731,14965.76,0.1848,3.4591,11400,11,59.385,60.13,3.578,62.963,-915000000,23.5423,44.98155,0.8533,4892.173,8149.0019,9.4821,18717.7287,10565.7335,36.4,71.3513,98,98,98,9.7,27,71.2659,104.6512,30,73.07381900000001,24.129999999999974,5.04,11.9,10.8,12.9,55.7474,5.8,-11422,0,97.8996,88.2627,92.431,78.10495,89.10915,19.4158,81.9095,2.5,19.4,6,4,67.086,21,2.7304,8.429,77.2973,58.8337,34.3,0.3593,1392.3308,67.6617,0.9701,0.9848,0.9905,8,12.735,29.37,98.3627,68.9856,12.061,12.061,20.418,20.442,71.6418,32.65,759476,1807337,2.3797157513864824,2287955,0.7899355538024131,0.33194533983404395,64585,11.75932492064721,27.983850739335757,82.30167,13.540385317478448,331.945339834044,11.75932492064721
Latvia,2004,46.4199,15615.74,0.1709,3.5159,11400,11,63.059,64.54,4.073,59.6059,-1767000000,32.6307,42.475,2.1706,6075.411,8957.2339,9.9182,20574.185,11761.3142,36.4,71.6418,99,98,98,9.2,38.6,72.0268,104.6512,28,73.07381900000001,23.5,4.03,11.2,10.2,12.1,55.7137,5.6,-15136,0,97.9544,88.5448,92.4921,77.98495,89.13505,18.5452,66.0194,2.5,19.4,6,4,67.1667,21,3.4841,8.725,78.607,68.1708,36.1,0.3984,1459.4893,66.8269,0.9727,0.9862,0.9909,8,12.34,26.96,100.8391,68.3878,11.708,11.708,21.798,21.82,71.1538,35.49,901420,2065904,2.2918328858911496,2263122,0.9128557806428464,0.3983081778180761,64585,13.957110784237827,31.987365487342263,82.70264,13.711727686060723,398.3081778180761,13.957110784237827
Latvia,2005,46.1935,15988.84,0.1545,3.5863,11600,11,67.404,69.14,3.875,65.8537,-2007000000,42.0079,41.997,2.7132,7259.743,10106.2625,12.592866999999991,23213.4291,13343.8894,39,69.1176,99,99,98,8.6,46,71.3561,104.6512,27,73.07381900000001,21.4,5.98,10.5,9.5,11.4,56.1213,5.4,-11134,0,98.0089,88.8242,92.553,77.86495,89.09764999999999,18.1113,71.3592,2.4,23.5,6,4,67.2461,21,3.2486,11.506899999999995,75.4902,69.5707,36.3,0.5271,1458.1229,66.9856,0.9763,0.9902,0.9948,8,10.891,26.72,98.0006,75.6824,10.033,10.033,15.141,15.146,72.1154,33.06,1154657,2634207,2.2813762008977556,2238799,1.1766161231981969,0.5157483990300157,64585,17.87809862971278,40.78666873112952,82.39828,13.959314754194512,515.7483990300157,17.87809862971278
Latvia,2006,46.1655,17801.2,0.1456,3.8488,12100,11,71.833,73.8,3.779,68.2927,-4484000000,50.0941,40.856,4.9424,9180.485,11507.4647,12.592866999999991,26431.8996,15024.6361,35.6,72.1951,96,94,98,8.1,53.6,70.93126699999999,104.6512,28,73.07381900000001,20,4.53,9.9,9,10.7,56.9074,5.2,-9211,0,98.0602,89.0756,92.6363,77.7449,89.01355,18.0087,72.9469,1.6,21.2,6,4,68.3272,19,3.5102,11.506899999999995,77.451,56.9726,34,0.6469,1765.5811,66.9856,0.978,0.9946,0.9997,8,11.464,23.22,97.0188,80.7727,7.03,7.03,13.615,13.616,74.0385,33.74,1329890,3113846,2.3414312461932942,2218357,1.4036721772014153,0.5994932285470733,64585,20.591313772547807,48.21314546721375,85.70572,14.100607541952233,599.4932285470733,20.591313772547807
Latvia,2007,46.2383,19377.91,0.1377,4.0504,12600,11,79.075,84.15,5.195,68.4466,-6426000000,67.6218,42.105,15.3836,13338.82,12810.0408,11.3194,29423.8324,17281.0423,37.5,67.4757,94,91,95,7.7,59.2,71.0195,104.6512,27,73.1627,20.1,4.77,9.3,8.5,10.1,57.8613,5,-8027,0,98.1109,89.3197,92.8995,77.6248,89.24225000000001,17.9604,64.2512,0.6,24.6,6,6,69.4141,20,3.3555,10.415,79.1262,59.2817,33.1,0.5511,1881.5608,71.2919,0.9671,0.9999,1.0208,6,11.94,20.95,102.7608,84.3912,6.052,6.052,10.56,10.553,72.1154,33.39,1487379,3324690,2.2352675410907374,2200325,1.5109995114358106,0.6759815027325509,64585,23.02979019896261,51.477742509870716,91.0673,14.212526740878832,675.9815027325509,23.02979019896261
Latvia,2008,46.5574,18618.89,0.1355,3.8934,12200,11,91.137,92.9,4.581,63.1068,-4416000000,82.5641,41.245,18.9239,15647.205,12506.6945,-2.368,28727.0657,18634.731,37.2,69.4175,94,93,96,7.3,63.4,72.4195,104.6512,25,73.7391,18.5,3.51,8.8,8.1,9.5,58.518,4.8,-22445,0,98.1617,89.5635,93.1643,77.5047,89.471,17.9236,51.4423,1.3,24.6,6,6,70.51,20,3.3691,-3.389,78.6408,60.9052,33.7,0.5772,1993.4167,73.0769,0.9661,0.9965,1.0163,6,11.822,26.54,98.6558,79.8295,7.739,7.739,13.648,13.622,71.1538,33.96,1555936,3501063,2.2501330388910596,2177322,1.607967494013288,0.7146099658203977,64585,24.091290547340712,54.20860881009522,99.70933,14.25758849446892,714.6099658203977,24.091290547340712
Latvia,2009,47.2807,16042.31,0.1476,3.619,11400,11,94.107,91.63,3.16,64.5933,2028000000,62.6867,41.456,21.2281,11909.596,10675.4252,-8.471642,24520.759,16559.5228,35.9,70.8134,94,92,92,6.9,66.8,73.0805,104.6512,24,74.0054,12.3,3.78,8.3,7.6,9,58.6577,4.5,-34807,0,98.2136,89.8144,93.437,77.38465,89.554,17.8557,54.9763,1.7,20.9,6,6,71.6184,22,3.6371000000000002,-8.61561,77.512,63.8569,38.4,0.4486,1673.9036,72.5118,0.9707,0.9916,1.0072,6,17.487,26.42,98.5716,51.9475,17.515,17.515,33.432,33.338,72.0379,27.57,1113898,2543111,2.2830734950596914,2141669,1.1874435311899272,0.5201074489101724,64585,17.247007819153055,39.37618642099559,103.62249,13.923377031086222,520.1074489101724,17.247007819153055
Latvia,2010,47.9985,16817.34,0.1755,4.2328,12600,11,92.955,93.83,4.151,63.3333,407000000,77.5849,39.082,20.7298,11086.477,10500.8666,-1.6351,24119.8092,17343.4659,35,72.7273,92,91,95,6.5,68.4,73.4829,104.6512,22,79.4741,11.8,2.3,7.8,7.2,8.4,58.1949,4.2,-36128,0,98.2664,90.0718,93.7167,77.2645,89.58715000000001,17.7138,64.455,1.7,19,6,6,72.7388,20,3.6697,-3.661,78.9474,54.86,33.1,0.6057,1836.9751,71.09,0.9808,0.9841,0.9866,6,17.814,22.72,101.0086,47.2451,19.482,19.482,36.24,36.151,72.0379,30.05,1311538,2834104,2.1609011709916146,2097555,1.3511464538474558,0.6252698975712199,64585,20.307161105519857,43.88176821243323,98.93241,14.086711814789364,625.2698975712199,20.307161105519857
Latvia,2011,48.6243,16868.91,0.1579,3.9966,11800,11,96.88,97.47,4.669,65.4028,-945000000,106.8682,44.345,22.2056,12933.575,11018.5154,4.9296,25308.8148,18618.7015,35.8,72.0379,92,89,92,6,69.8,73.5756,104.6512,22,79.6089,9,1.28,7.2,6.6,7.8,57.9575,3.9,-20202,0,98.319,90.3274,93.9967,77.14435,89.94659999999999,15.5256,57.8199,1,19.2,6,6,73.8674,23,3.6346,3.036,78.1991,50.4983,35.5,0.7156,1902.3667,70.892,0.9853,0.9775,0.9711,6,16.035,22.78,99.8335,55.471,16.206,16.206,31.069,31,69.953,31.04,1584996,3294232,2.07838505586134,2059709,1.599367677667088,0.7695242386181738,64585,24.541240226058683,51.00614693814353,100.23457,14.276093072547248,769.5242386181737,24.541240226058683
Latvia,2012,49.3404,16690.92,0.1435,3.9451,11700,11,99.094,99.02,3.842,64.455,-1051000000,114.8547,44.639,23.4018,13270.873,11971.0109,8.6445,27496.6352,20494.0465,35.2,74.8815,91,90,90,5.5,73.1,73.778,104.6512,20,80.0102,10.1,1.83,6.6,6.1,7.1,59.3191,3.5,-11914,0,98.3716,90.5813,94.277,77.02414999999999,90.30735,14.9825,61.1374,1.1,19.4,6,6,75.004,23,3.2651,7.305,79.6208,66.6327,40.4,0.6631,1908.954,71.831,0.9902,0.981,0.9729,6,14.895,23.62,97.0897,58.88,15.047,15.047,28.564,28.53,71.831,32.01,1644758,3546736,2.1563877482280067,2034319,1.7434512483047153,0.8085054507183976,64585,25.466563443524038,54.915785399086474,101.08889,14.313104426889497,808.5054507183976,25.466563443524038
Latvia,2013,50.3816,16584.77,0.1362,3.8643,11500,11,99.105,98.62,3.191,66.8246,-843000000,117.8291,42.225,24.6397,14407,12353.5389,3.1955,28375.2771,21850.1266,35.5,75.8294,94,94,96,5,75.2,73.9829,104.6512,24,79.7955,9.9,1,6,5.6,6.5,60.1269,3.2,-14386,0,98.4242,90.8332,94.5575,77.80799999999999,90.6147,15.4094,65.4028,1.2,21.2,6,6,76.1485,23,3.246,2.096,80.0948,56.9196,39.6,0.6132,1790.8593,72.3005,0.9936,0.9804,0.9693,6,13.03,20.75,98.2273,67.0953,11.867,11.867,23.237,23.218,71.3615,31.32,1839241,3775192,2.052581472466088,2012647,1.875734791048803,0.9138418212433675,64585,28.47783541069908,58.45307733993961,99.17285,14.42486408818603,913.8418212433676,28.47783541069908
Latvia,2014,51.717,15765.41,0.1299,3.7977,11500,11,99.789,98.89,2.813,66.8269,-444000000,119.7627,42.054,25.3241,15131.397,12731.6774,3.061,29243.8368,22973.6933,35.1,77.8846,92,92,95,4.6,75.8,74.1244,99.8736,22,80.061,12.4,1.44,5.5,5.1,5.9,60.6713,2.9,-8799,0,98.4766,91.0832,94.8381,78.64185,90.84344999999999,16.0993,61.9048,0.8,22.5,6,6,77.3009,18,3.2601,2.095,85.0962,54.533,40.2,0.6891,1872.2662,77.8846,0.9985,0.9859,0.9746,6,12.024,20.92,98.5776,71.2041,10.846,10.846,19.595,19.621,72.4138,30.32,2098381,4158418,1.9817268646637574,1993782,2.0856934208454083,1.0524626062428089,64585,32.49022218781451,64.3867461484865,99.728,14.556677129533847,1052.4626062428088,32.49022218781451
Latvia,2015,53.0022,15916.47,0.1264,3.8665,11600,11,100.002,99.29,2.79,65.2381,-28000000,100,44.261,25.4569,13265.841,13321.9753,4.6365,30599.7128,24137.8764,34.2,82.381,94,94,96,4.3,79.2,74.4805,95.5756,22,82.9635,11.2,0.85,5.1,4.7,5.5,60.7043,2.7,-10826,0,98.529,91.5193,95.119,79.48134999999999,91.13624999999999,13.6554,60.4762,0.7,21.8,6,6,78.6224,18,3.3168,3.783,80.9524,50.1851,38.1,0.6194,1818.8262,75.2381,1.0007,0.9902,0.9797,6,10.518,21.68,100,74.996,9.873,9.873,16.316,16.326,73.399,28.61,2139393,4109910,1.9210635914018603,1977527,2.0783079067946986,1.0818527382938388,64585,33.12523031663699,63.635673918092436,100,14.576033169325601,1081.8527382938387,33.12523031663699
Latvia,2016,54.2758,17306.18,0.1205,3.8165,11600,11,100.101,101.38,2.932,64.7619,482000000,100.0577,44.98155,26.4893,13768.519,13787.3367,3.4932,31668.6178,25802.1556,34.3,78.0952,98,98,93,4,79.8,74.5805,96.2135,23,83.086,9.3,1.4,4.7,4.4,5.1,60.2282,2.6,-12327,0,98.5814,91.9568,95.4013,80.3264,92.02785,12.6031,61.9048,0.6,22.1,6,6,79.9576,18,3.4251,2.552,82.8571,54.1842,38.5,0.4351,1600.5785,79.0476,1.0008,0.9931,0.985,6,11.205,21.04,101.6219,74.5699,9.643,9.643,17.271,17.286,73.8916,26.71,2303643,4416597,1.9172228509365383,1959537,2.253898242288867,1.1756057680972598,64585,35.668390493148564,68.38425330959201,100.1632,14.65000277497053,1175.60576809726,35.668390493148564
Latvia,2017,55.4798,17348.13,0.1158,3.8256,11600,11,102.998,103.57,3.326,66.6667,433000000,114.9734,44.98155,27.0886,15066.124,14382.8613,4.3194,33036.4992,27645.8226,35.6,77.619,98,98,96,3.7,80.1,74.6293,98.8086,23,83.5252,8.1,1.27,4.5,4.1,4.8,60.5161,2.4,-7867,0,98.6338,92.3954,95.6848,82.28684999999999,93.6802,11.668,62.8571,0.8,23.3,6,6,81.3065,16,3.4102,3.399,82.381,72.5229,42.6,0.511,1785.24,78.5714,1.0019,0.9961,0.9901,6,11.956,21.04,100.4207,76.0078,8.715,8.715,16.971,16.986,73.8916,27.04,2577338,4950929,1.9209467287565698,1942248,2.549071488296036,1.3269870788900284,64585,39.906139196407835,76.65756754664396,101.075,14.762268029294772,1326.9870788900284,39.906139196407835
Latvia,2018,56.3256,15966.39,0.1211,4.2061,11600,11,105.628,106.21,3.579,62.381,-131000000,131.574,43.63,27.2877,17195.706,15120.0696,5.1256,34729.8187,29817.8047,35.1,79.5238,96,96,98,3.6,83.6,74.7829,99.359,23,83.7577,9.1,1.03,4.2,3.9,4.5,60.1268,2.3,-4972,0,98.6861,92.4035,95.9693,84.40225000000001,95.12190000000001,14.2076,59.9057,0.4,22.9,6,6,82.4506,31,3.6956,4.31,83.3333,52.0315,41,0.6387,1786.2773,78.5714,1.0048,0.9974,0.9898,6,7.897,18.06,102.0893,81.3575,7.412,7.412,12.192,12.201,73.301,26.17,2808808,5368739,1.9113940860322243,1927174,2.78580916928103,1.4574750385798065,64585,43.49009832004335,83.12671672989084,102.22796,14.84827110804655,1457.4750385798066,43.49009832004335
Latvia,2019,57.1028,15799.95,0.1166,4.104,11600,11,108.53,108.48,3.831,66.6667,-57000000,127.8211,41.739,26.5859,17241.515,15328.3862,1.3777,35208.3083,32199.096,34.5,82.381,99,99,99,3.4,86.1,75.3878,96.8945,22,83.7577,8.1,0.65,4,3.7,4.3,60.3052,2.2,-3416,0,98.7383,92.4131,96.2544,85.37275,95.38755,12.4866,59.9057,0.2,21.6,6,6,83.6061,30,3.9727,0.675,83.8095,49.5823,41.5,0.6385,1891.2471,80,1.0004,0.9999,0.9994,6,9.24,17.16,102.5547,82.539,6.312,6.312,12.415,12.422,73.913,24.65,2853333,5509682,1.9309635433368626,1913822,2.8788894682995596,1.4909082453854121,64585,44.179499883873966,85.30900363861578,103.75228,14.863998693094647,1490.908245385412,44.179499883873966
Latvia,2020,57.9031,15734.68,0.111,3.8006,11600,11,108.618,107.95,2.914,74.7619,1012999999.9999999,132.9646,44.98155,25.8042,17483.696,14900.7295,-2.79,34226.0087,32741.4208,35.7,76.1905,99,99,99,3.2,88.9,75.1854,98.3484,21,83.7577,8.1,1.02,3.7,3.4,4,60.5039,2,-3147,0,98.7903,92.4244,96.54,86.2114,95.64035,11.602,60.8491,0.5,23.4,6,6,84.6766,30,4.6218,-3.469,84.2857,63.7584,43.8,0.7344,2134.0601,79.5238,1.0013,1.003,1.0045,6,8.547,18.01,103.8164,82.539,8.098,8.098,14.868,14.874,73.43,21.89,1462965,2889342,1.9749905158359906,1900449,1.520347033779912,0.7697996631322388,64585,22.651776728342494,44.73704420531083,103.40882,14.195976439814233,769.7996631322388,22.651776728342494
Latvia,2021,58.3537,15639.58,0.1068,3.9412,11600,11,112.136,116.46,6.251,76.1905,-1554000000,169.4754,42.822,25.9762,20181.834,16070.8729,7.8529,36913.7521,36913.7521,34.3,76.6667,94,94,97,2.9,91.2,72.9805,96.9954,36.58999999999992,83.7577,8.1,0.8,3.5,3.2,3.7,61.0482,1.8,-280,0,98.842,92.4372,96.8257,86.73435,95.83494999999999,11.602,67.9245,0.4,22.5,6,6,85.2434,29,6.3159,6.943,85.2381,63.5961,44,0.7462,2395.2734,81.9048,1.0013,1.003,1.0045,6,8.687,15.21,104.6708,82.539,7.513,7.513,14.785,14.791,74.8792,26.05,1306588,2379777,1.8213675619246465,1884490,1.262822832702747,0.69333772001974,64585,20.23051792211814,36.84720910428118,103.40954,14.08293048255647,693.33772001974,20.23051792211814
Latvia,2022,58.5735,15639.58,0.094,3.5426,11600,11,131.473,140.57,8.797,75.4717,-2080000000,169.4754,44.495,25.9748,20282.275,16406.6491,2.0893,37685.0082,39965.2511,34.3,75,95,95,96,2.7,91,74.278,95.3424,29,83.7577,8.1,0.8,3.2,2.9,3.5,60.8317,1.6,22027,0,98.8935,92.4372,97.1113,87.37540000000001,95.96495,11.602,60.8491,0.4,22.5,6,6,85.2434,30,4.9334,1.807,84.9057,63.5961,43.72,0.7638,2270.0793,79.717,1.0013,1.003,1.0045,6,7.767,15.21,104.6708,82.539,6.815,6.815,15.27,15.275,76.3285,28.75,2172069,3882922,1.7876605209134702,1879383,2.066062106553055,1.1557351535051663,64585,33.631168227916696,60.12111171324611,110.32494,14.591191187877598,1155.7351535051664,33.631168227916696
Latvia,2023,58.791,15639.58,0.0909,3.4894,11600,11,143.382,141.77,6.027,74.5283,-1661000000,169.4754,44.495,25.9925,22615.109,16703.9019,1.8118,38367.7786,41491.5107,34.3,74.0566,98,97,96,2.5,92.2,75.678,95.3424,19,83.7577,8.1,0.8,3,2.7,3.2,60.8317,1.5,7966,0,98.8935,92.4372,97.1113,87.37540000000001,95.96495,11.602,66.8246,0.4,22.5,6,6,85.2434,32,4.9334,2.854,86.3208,63.5961,43.223,0.7638,2270.0793,83.0189,1.0013,1.003,1.0045,6,7.165,15.21,104.6708,82.539,6.465,6.465,12.323,12.323,78.4314,25.77,2435795,4370854,1.7944260498112525,1877445,2.3280863087866757,1.2973988585551108,64585,37.714562204846324,67.67599287760316,113.4459,14.70578416046285,1297.3988585551108,37.714562204846324
Lithuania,2000,51.0452,23816.7,0.2112,3.3307,19300,10,68.678,68.98,4.967,67.0213,-675000000,17.589826,42.479,0.0699,3297.87,6384.3086,4.1486,15771.4272,8465.9433,37,59.5628,94,98,97,8.6,6.8092,72.0195,80.3434,16,75.0186,22.8,5.39,10.7,9.6,11.8,52.8401,4.5,-16077,0,91.04459800000001,84.6392,68.88195400000001,63.2898,88.8792,18.083,64.0212,2.7,20.5,6,4,80.4311,10.6383,4.1696,3.361,73.3696,5.6368,17.2,0.5855,2215.1155,58.7065,0.9931,0.9927,0.9926,8,17.195,40.060299999999955,99.1998,57.6933,15.931,15.931,28.535,28.557,73.6318,37.51,517810,1406018,2.7153164288059326,3499536,0.40177269215118805,0.147965330260926,65284,7.931652472274983,21.536946265547453,85.62401,13.157365589797376,147.965330260926,7.931652472274983
Lithuania,2001,50.5333,25140.68,0.2108,3.5699,20100,10,69.743,70.38,3.979,64.46305,-574000000,18.0487,44.98155,0.0699,3532.166,6854.5251,7.3652,16933.0226,9456.8733,37,63.565200000000004,95,95,97,8.2,7.18,71.6585,90.5331,16,74.9438,22,5.59,10.3,9.2,11.3,53.6408,4.4,-24733,0,91.04459800000001,85.0639,68.88195400000001,64.2247,89.0105,17.3276,70.63495,2.7,20.5,6,4,80.8111,10.6383,4.2217,6.635,77.4956,4.7703,17.6,0.6676,2313.8027,60.9453,0.9857,0.9909,0.9935,8,15.331,40.060299999999955,98.1148,54.1982,16.84,16.84,31.526,31.581,73.38305,33.63,571942,1503463,2.6286983645194795,3470818,0.4331725259002345,0.1647859380699305,65284,8.760829606029043,23.029578457202376,87.30688,13.256794615046859,164.7859380699305,8.760829606029043
Lithuania,2002,49.9788,26256.98,0.1988,3.6217,20500,10,69.977,69.75,4.114,61.9048,-734000000,21.5615,44.98155,0.5807,4148.234,7374.0978,7.58,18216.545,10497.2666,37,67.5676,95,94,98,7.9,17.7,71.761,96.3496,14,75.3575,22.7,5.3,9.9,8.9,10.9,54.5266,4.3,-12627,0,91.04459800000001,85.4836,69.0612,65.1596,89.1417,16.4295,77.2487,2.7,20.5,6,4,81.1863,10.6383,4.474,6.531,81.6216,4.4298,17.9,0.6575,1830.3964,63.1841,0.986,0.983,0.9817,8,11.146,40.060299999999955,98.4723,67.7375,13.008,13.008,20.422,20.445,73.1343,33.66,635330,1656063,2.606618607652716,3443067,0.4809848312565512,0.1845244370789183,65284,9.731787267937014,25.36705777832241,89.11088,13.361901401908629,184.5244370789183,9.731787267937014
Lithuania,2003,49.473,28063.25,0.1802,3.6576,20700,10,69.223,68.84,3.578,68.254,-1278000000,28.2052,41.494,1.9556,5505.057,8218.6932,11.4535,20302.9849,12085.9567,37,74.5946,94,95,98,7.7,25.9,72.061,96.5251,14,75.225,23.5,6.117799999999994,9.6,8.6,10.5,54.8701,4.4,-22701,0,91.04459800000001,85.9049,69.4007,66.0944,89.2729,15.5426,83.9196,2.7,20.5,6,4,81.5631,10.6383,4.5973,10.532,79.4595,5.0903,18.1,0.6641,1924.8146,64.6766,0.9865,0.9788,0.9757,8,9.779,40.060299999999955,102.5598,62.9441,12.874,12.875,26.932,26.922,74.1294,33.66,716418,1660032,2.317127710359036,3415213,0.4860698293195769,0.2097725676260895,65284,10.973868022792722,25.42785368543594,87.70365,13.482020470313376,209.7725676260895,10.973868022792722
Lithuania,2004,49.2018,29289.01,0.1769,3.8686,21500,10,70.023,70.8,4.073,66.9951,-1724000000,36.6312,44.98155,3.8218,6724.743,8851.926,7.7048,21867.2865,13097.4376,37,75.1244,94,94,98,7.5,31.2,71.961,96.5251,12,75.3315,23.6,5.77,9.3,8.3,10.2,55.0729,4.3,-32312,0,91.452,86.3278,71.2137,67.0293,89.4042,14.8205,72.8155,2.7,20.5,6,4,81.9413,21.9858,3.4517,6.318,79.602,4.9289,18.1,0.7514,2164.4607,67.3077,0.9896,0.9912,0.9918,8,9.876,40.060299999999955,103.8482,70.9085,10.684,10.684,20.252,20.262,77.8846,33.32,956858,2167879,2.265622485259046,3377075,0.6419398443919664,0.2833392802943376,65284,14.656853133999142,33.20689602352797,87.03786,13.771411324156965,283.3392802943376,14.656853133999142
Lithuania,2005,48.9993,30675.4,0.1754,4.2007,22700,10,71.893,72.92,3.875,64.3902,-1929000000,46.4964,44.963,7.0458,7861.04,9692.8684,9.5001,23944.7019,14514.7833,35.3,74.0196,94,95,97,7.3,36.2,71.2537,96.5251,13,74.9496,24.129999999999974,6.117799999999994,9,8.1,9.9,56.0985,4.2,-51357,0,91.9139,86.7707,73.0533,67.9641,89.5354,14.4172,69.9029,1.8,20,6,4,82.3382,21.9858,3.4286,8.185,77.451,5.6074,17.5,0.7482,2276.3984,67.9426,0.992,0.9933,0.9938,8,8.77,40.060299999999955,100.2969,77.436,8.325,8.325,15.766,15.764,74.5192,31.35,1152505,2622957,2.2758747250554228,3322528,0.7894461687004594,0.3468759330244922,65284,17.653713007781384,40.1776392377918,87.02162,13.957449259913142,346.8759330244922,17.653713007781384
Lithuania,2006,48.7239,32010.94,0.1661,4.3404,23000,10,74.594,76.24,3.779,59.5122,-3207000000,55.6922,42.763,11.2764,9216.84,10577.2142,9.1237,26129.3388,16446.9778,34.4,73.6585,94,95,97,7,43.9,71.0561,96.5251,14,75.3206,24.129999999999974,6.117799999999994,8.6,7.8,9.4,58.102,4,-24730,0,92.3892,87.232,74.9187,68.899,89.6667,14.2766,74.8792,1.5,19.1,6,4,82.7523,24.8227,3.6485,7.301,78.4314,6.7297,17.5,0.792,2425.7788,69.378,0.9934,0.9938,0.9937,8,8.316,35.4,97.728,85.1866,5.78,5.78,9.984,9.985,74.5192,30.72,1340927,2935729,2.1893279798229135,3269909,0.8978014372877043,0.4100808309956026,65284,20.539902579498804,44.96858342013357,87.97814,14.10887246954722,410.0808309956026,20.539902579498804
Lithuania,2007,48.3194,34875.82,0.164,4.8171,25200,10,78.934,82.49,5.195,58.7379,-6096000000,67.5165,40.283,17.3003,12306.172,11889.3545,12.4053,29370.7744,19113.9861,34.8,72.8155,95,96,97,6.5,49.9,70.93126699999999,96.5251,14,75.4403,24.129999999999974,6.117799999999994,8,7.3,8.8,58.61,3.7,-21815,0,92.8634,87.692,76.7985,69.8339,89.7979,14.2039,76.3285,1.3,20.9,6,4,83.1653,22.695,3.7947,11.1,81.068,7.9817,17.1,0.8017,2605.27,69.8565,0.9912,0.9958,0.9972,8,7.071,34.51,99.3581,88.3983,4.25,4.25,8.394,8.397,74.0385,29.97,1550636,3263661,2.1047241261005163,3231294,1.01001673013969,0.47988081554943623,65284,23.75215979413026,49.99174376570063,90.18404,14.254176372213252,479.88081554943625,23.75215979413026
Lithuania,2008,47.9557,34767.69,0.1626,4.9491,24200,10,87.689,89.47,4.581,60.6796,-6353000000,93.1228,41.447,18.4495,15009.647,12324.5195,3.6601,30445.7808,20735.708,35.7,70.3884,96,96,97,6,55.2,71.8122,96.5251,13,75.7183,18.3,6.117799999999994,7.4,6.7,8,59.0726,3.4,-16482,0,93.3364,88.1509,78.6925,70.7687,89.9292,14.1446,70.6731,1.4,20.3,6,4,83.5771,17.7305,4.4516,2.18,81.068,8.5394,18.3,0.7893,2624.8157,70.6731,0.987,0.9976,1.001,8,8.85,38.16,96.604,82.534,5.826,5.826,13.353,13.347,72.5962,31.92,1591128,3249339,2.042160655836614,3198231,1.015980083990181,0.4975025256149415,65284,24.372403651737027,49.77236382574597,95.32006,14.279954385114111,497.50252561494153,24.372403651737027
Lithuania,2009,47.7636,28790.24,0.1593,4.1757,19700,10,91.338,90.52,3.16,65.0718,763000000,64.7995,40.286,20.0357,11884.94,10612.9203,-8.471642,26217.5451,18167.6379,37.2,73.2057,98,95,96,5.4,59.8,72.9146,96.5251,11,76.4118,13.6,5.9,6.7,6.1,7.2,59.2741,3.1,-32186,0,93.7977,88.6464,80.5916,71.7999,90.0879,14.0443,69.1943,2.2,20.5,6,4,84.024,19.1489,5.2943,-8.61561,77.9904,9.1098,20.1,0.8308,2666.3201,69.6682,0.9854,0.9962,0.9999,8,12.121,39.26,98.1163,59.7128,13.785,13.785,29.584,29.553,74.4076,28.42,1247951,2548114,2.0418381811465354,3162916,0.8056217743373519,0.39455711122268183,65284,19.115725139390968,39.03121744991116,100.51188,14.037014365633384,394.55711122268184,19.115725139390968
Lithuania,2010,48.2184,29550.41,0.1686,4.5327,20500,10,92.426,93.8,4.151,68.5714,81000000,81.71,41.978,21.9297,11846.807,10884.116,2.5553,26887.4913,19827.9487,33.6,73.6842,95,94,96,4.9,62.1,73.2683,96.5251,10,79.1413,12.1,6.117799999999994,6,5.5,6.5,59.1941,2.9,-78887,0,94.2487,89.1284,82.4967,72.8336,90.2514,13.8485,70.6161,1.5,19.2,6,4,84.4612,19.1489,4.8445,0.274,79.4258,28.9805,21.5,0.7833,2736.4922,72.9858,0.9886,0.9842,0.9825,8,13.174,37.47,95.9851,49.745,17.814,17.814,35.744,35.712,75.3555,28.35,1361422,2792135,2.050896048396456,3097282,0.9014791032912082,0.43955377650469024,65284,20.853838612830096,42.769055204950675,99.01352,14.12404103422672,439.55377650469023,20.853838612830096
Lithuania,2011,48.8587,30824.99,0.1617,4.7284,21100,10,96.238,97.06,4.669,67.2986,-1600000000,110.4658,36.469,24.0272,14266.787,11836.72,8.7522,29240.749,22701.5546,32.5,72.9858,92,95,94,4.5,63.6,73.5634,103.0433,10,79.3108,11.8,3.71,5.6,5.1,6,59.078,2.7,-38518,0,94.7096,89.6251,84.425,74.3786,91.0675,12.3195,68.7204,0.7,18.6,7,4,85.5169,19.1489,4.563,6.343,77.7251,35.0118,22.7,0.9027,2748.031,72.3005,0.9882,0.9775,0.9736,8,11.825,38.32,95.2906,55.3259,15.39,15.39,32.587,32.576,74.6479,30.48,1576910,3266858,2.071683228592627,3028115,1.0788421179512666,0.5207563120951483,65284,24.154616751424545,50.040714417008765,100.09824,14.270978428081188,520.7563120951482,24.154616751424545
Lithuania,2012,49.0656,30293.68,0.1568,4.8492,21100,10,99.283,99.89,3.842,68.2464,-675000000,116.6145,35.3,25.7288,14303.541,12522.3409,5.7923,30934.4673,24578.1306,35.1,74.4076,93,93,93,4.3,67.2,73.8634,102.8974,10,79.4633,12.9,4.06,5.3,4.8,5.7,59.6903,2.6,-21387,0,95.1864,90.1463,86.3826,75.9508,91.8862,12.3731,72.5118,0.9,20.6,7,4,86.6059,24.4604,4.1808,4.376,82.9384,33.6506,23.9,0.893,2670.6052,75.5869,0.9946,0.9718,0.9636,8,11.171,35.08,95.1162,62.4876,13.365,13.365,26.684,26.674,75.1174,28.82,2238245,5741252,2.565068614025721,2987773,1.9215823959852372,0.7491348907698142,65284,34.28474051835059,87.94271184363703,100.59427,14.62120308138434,749.1348907698142,34.28474051835059
Lithuania,2013,49.2679,29622.85,0.1389,4.5175,19800,10,100.438,100.419,3.191,67.7725,784000000,128.4227,36.458,28.2657,15661.051,13161.6343,5.1052,32513.7407,26595.3567,35.3,74.4076,93,93,93,4.2,68.5,73.9146,106.4439,10,79.2271,9.7,4.17,5.1,4.7,5.6,60.1886,2.5,-16769,0,95.661,90.6659,88.3536,77.5548,92.7128,12.4132,80.5687,0.7,19.1,7,4,87.7085,24.1135,4.018,4.079,84.8341,43.5531,26.3,0.9487,2878.7498,73.2394,0.9983,0.9668,0.9554,8,11.144,40.060299999999955,95.7754,68.2306,11.77,11.77,21.896,21.891,75.5869,28.26,2460250,6089056,2.4749744944619447,2957689,2.058720845903677,0.8318149744614799,65284,37.685344035291955,93.27026530237117,100.5319,14.715773935223908,831.8149744614799,37.685344035291955
Lithuania,2014,49.6748,28169.8,0.1324,4.5044,19800,10,100.682,100.23,2.813,70.1923,1740000000,127.2765,35.362,27.3378,16501.197,13776.1053,4.6687,34031.6945,28052.4565,37.7,78.8462,93,94,93,4.2,72.1,74.5171,96.0649,9,79.5827,11.2,3.44,5.1,4.6,5.5,61.5307,2.4,-12387,0,96.1336,91.1842,90.338,79.219,93.542,12.7577,70.4762,1.3,22.2,7,4,88.8309,24.1135,4.1231,3.769,85.5769,50.0341,27.7,1.0301,3082.2791,78.8462,0.9973,0.9693,0.9588,8,9.911,35.51,97.8251,71.654,10.698,10.698,19.258,19.252,76.3547,24.68,2673531,6465004,2.418151874805267,2932367,2.2047049363193625,0.911731376052179,65284,40.95231603455671,99.02891979658109,100.74697,14.798911002627888,911.731376052179,40.95231603455671
Lithuania,2015,50.3619,28543.19,0.1331,4.7016,20000,10,100,99.98,2.79,70,-1041000000,100,38.099,28.6774,14302.653,14300.2554,3.8048,35326.5245,28915.5715,37.4,84.2857,93,94,94,4.1,71.4,74.322,97.2142,10,80.9205,10.5,3.91,5,4.6,5.4,61.1934,2.4,-22560,0,96.6041,91.7011,92.3356,80.8944,94.3739,11.3029,70.4762,0.7,21.9,7,4,89.9567,23.4043,4.2894,2.845,86.6667,47.6992,29,1.0434,2794.9211,80.4762,0.9973,0.9701,0.9594,8,9.196,34.49,100,75.9886,9.12,9.12,16.302,16.299,77.3399,28.44,2805808,6581192,2.345560351955658,2904910,2.2655407568564945,0.9658846573559938,65284,42.978493964830584,100.80865143067214,100,14.84720246890298,965.8846573559938,42.978493964830584
Lithuania,2016,51.3269,31769.34,0.1283,4.7125,20000,10,100.678,101.94,2.932,72.8571,-433000000,98.4921,38.823,29.8964,14975.135,14870.1049,3.9849,36734.248,30870.2405,38.4,80.4762,94,95,94,4,74.4,74.6707,97.3588,9,83.4472,8.1,3.79,4.9,4.5,5.3,60.7258,2.4,-30612,0,97.0737,92.2184,93.9929,82.581,95.2085,10.2329,72.8571,1.3,22.9,7,4,91.0876,21.2766,4.3646,2.614,84.2857,62.9395,31.5,0.8424,2950.3967,81.9048,0.9973,0.9688,0.9567,8,9.405,32.34,100.8723,79.0494,7.862,7.862,14.455,14.455,78.3251,27.55,3064514,6992674,2.2818215221075837,2868231,2.437974486713239,1.0684334699680744,65284,46.94127198088353,107.11160468108572,100.84298,14.935399876658549,1068.4334699680744,46.94127198088353
Lithuania,2017,52.4697,32497.54,0.1267,4.936,20000,11,104.422,105.82,3.326,67.619,490000000,117.7543,37.92,28.2319,16880.448,15775.0006,6.0853,38969.6499,33760.6294,37.3,79.0476,94,94,94,3.8,77.6,75.4805,89.2218,10,83.7014,8.2,3.73,4.6,4.2,5,60.4442,2.3,-28027,0,97.5421,92.7357,94.4423,84.2789,96.0457,9.7999,72.381,1,22.9,7,4,92.2234,21.2766,4.2188,4.705,82.8571,74.4411,33.8,0.8963,3068.3342,80,0.9997,0.9714,0.9585,8,9.149,29.53,100.2301,80.9921,7.073,7.073,13.266,13.264,78.3251,23.88,3253204,7364924,2.2638986058052306,2828403,2.6039160614664882,1.150191114915378,65284,49.831566693217326,112.81361436186508,102.67772,14.995151222221812,1150.191114915378,49.831566693217326
Lithuania,2018,53.3219,30057.44,0.1212,5.0029,20000,11,107.065,107.68,3.579,66.6667,194000000,131.2868,38.155,28.1445,19380.188,16709.5562,5.9243,41278.322,36721.9326,35.7,80.4762,92,93,92,3.5,79.7,75.6805,89.5468,9,83.8992,7.5,3.45,4.2,3.9,4.6,60.6028,2.3,-3459,0,97.9905,93.2525,94.8733,85.8725,96.75,11.0839,69.8113,0.9,20.6,7,4,93.2343,21.2766,4.3095,4.832,82.381,77.8468,33.7,0.9366,3180.9551,78.0952,1.0003,0.9758,0.9638,8,8.039,27.4,99.7795,83.8423,6.147,6.147,11.117,11.114,77.1845,20.7,3620390,8091647,2.2350208126748776,2801543,2.8882822787299713,1.2922842876229277,65284,55.45600759757368,123.94533116843331,103.80165,15.102092589018904,1292.2842876229276,55.45600759757368
Lithuania,2019,53.7688,29941.16,0.1181,5.1157,20000,11,109.466,110.62,3.831,73.3333,2071000000.0000002,130.5562,38.591,28.2792,19731.247,17537.482,4.9548,43323.582,40809.9308,35.3,80.4762,92,92,93,3.3,81.6,76.2829,92.8431,9,83.8992,8.1,1.66,3.9,3.6,4.2,60.9088,2.2,10665,0,98.0015,93.7683,94.8975,87.0329,96.9399,10.2465,72.1698,0.5,20.9,7,4,93.7553,21.2766,4.5461,4.723,82.8571,77.3458,33.5,0.9927,3445.3052,80.4762,0.9959,0.977,0.9671,8,8.649,26.33,100.4425,82.8624,6.255,6.255,11.85,11.854,80.1932,19,4037749,8946758,2.2157786430013355,2794137,3.2019754221070764,1.4450791067152398,65284,61.84898290545922,137.04365541327124,104.77248,15.21119816410076,1445.0791067152397,61.84898290545922
Lithuania,2020,53.9636,30088.48,0.1177,5.099,20000,11,110.628,110.54,2.914,78.5714,4134000000.0000005,129.376,37.335,28.4989,20520.439,17540.2949,0.016,43330.5308,41491.3282,36,81.4286,91,91,90,3.1,83.1,75.0293,99.8412,8,83.8992,8.1,1.99,3.7,3.4,4,61.1503,2.1,19884,0,98.0134,94.2831,94.9238,88.1961,97.1299,9.2189,78.7736,0.2,20,7,4,94.2752,26.9504,5.1346,0.048,83.3333,60.8066,31.7,1.1326,3643.2454,80.9524,1.0007,0.9837,0.9746,8,10.76,24.52,102.3484,82.8624,8.487,8.487,19.556,19.561,80.6763,19.1,2126714,4931757,2.318956380594664,2794885,1.764565268338411,0.760930771749106,65284,32.57634336131365,75.5431192941609,105.53265,14.57008909366733,760.9307717491059,32.57634336131365
Lithuania,2021,53.9812,30156.68,0.1112,5.116,20000,11,115.745,122.37,6.251,79.5238,972000000,160.786,36.181,28.7127,23945.755,18619.7027,6.1539,45997.0376,45997.0376,36.7,80.9524,90,90,88,3,86.9,74.0366,96.5388,9,83.8992,8.1,1.17,3.6,3.2,3.8,61.6774,2.1,19657,0,98.026,94.796,94.9518,89.3621,97.3201,9.2189,73.5849,0.3,20.9,7,4,94.7933,27.6596,5.2304,6.361,86.1905,65.6144,33.2,1.1044,3946.5107,82.8571,1.0007,0.9837,0.9746,8,11.314,22.12,97.8989,82.8624,7.112,7.112,14.304,14.311,80.6763,19.73,2467994,5542548,2.245770451629947,2800839,1.9788884687766772,0.8811623945539176,65284,37.80396421787881,84.89902579498805,107.14989,14.718916638073434,881.1623945539177,37.80396421787881
Lithuania,2022,53.6328,30156.68,0.0995,4.644,20000,11,137.572,146.82,8.797,76.4151,-4336000000,160.786,37.009,28.7251,25170.24,18884.5149,1.4222,46651.2142,50498.3824,36.7,79.717,90,90,87,2.9,87.7,75.6439,100.2845,9,83.8992,8.1,1.17,3.5,3.1,3.7,61.6632,2,72100,0,98.0394,95.3067,94.9815,90.5286,97.5075,9.2189,68.8679,0.3,20.9,7,4,95.3067,28.3688,4.7315,2.516,87.7358,65.6144,29.599,1.0532,4153.6582,83.0189,1.0007,0.9837,0.9746,8,9.653,22.12,97.8989,82.8624,5.955,5.956,11.873,11.927,81.6425,24.29,3825203,8073130,2.1105102134448814,2831639,2.8510449248650693,1.3508794729836677,65284,58.5932694075118,123.66169352368115,114.92898309999993,15.157122357153934,1350.8794729836677,58.5932694075118
Lithuania,2023,53.241,30156.68,0.0989,4.567,20000,11,149.52,149.17,6.027,77.8302,877000000,160.786,37.009,28.231,27684.698,18685.5519,-1.0536,46159.7078,50914.8638,36.7,81.6038,90,89,87,2.8,88.5,76.9878,100.2845,8,83.8992,8.1,1.17,3.4,3.1,3.7,61.6632,1.9,44935,0,98.0394,95.3067,94.9815,90.5286,97.5075,9.2189,72.5118,0.3,20.9,7,4,95.3067,28.3688,4.7315,0.428,88.2076,65.6144,31.926,1.0532,4153.6582,86.7924,1.0007,0.9837,0.9746,8,13.547,22.12,97.8989,82.8624,6.841,6.841,13.712,13.812,81.8627,19.81,3992050,8473828,2.12267581818865,2871585,2.95092361883768,1.3901904348991934,65284,61.14897984192145,129.79946081735187,114.92898309999993,15.199815691882987,1390.1904348991934,61.14897984192145
Luxembourg,2000,49.2001,17196.14,0.1777,20.1712,9670,11,70.429,71.86,4.967,94.1489,2688000000,48.7608,24.131,0.275,48984.173,92527.7118,5.5104,113539.1036,55124.2923,30.1,96.7213,99,77,93,3.9,22.9,77.8732,96.9471,18,90.58,17.9,0.91,4.7,4.2,5.1,64.4857,2.4,4516,0,100,97.7114,99.8316,85.9096,93.3291,14.2553,98.9418,0,17.3,6,6,92.158,16.6667,4.933,8.442,98.913,78.7067,6.8,1.5831,3800.2073,98.5075,1.0114,1.0348,1.0584,7,5.034,15.06,114.508941,92.4318,2.5518799999999997,2.55241,6.376,6.381,95.0249,7.321,890267,2595949,2.9159218526576858,436300,5.949917487966995,2.0404927801971122,2595,343.07013487475916,1000.3657032755299,92.39445,13.699277819975217,2040.4927801971123,343.07013487475916
Luxembourg,2001,48.943,17226.72,0.1828,21.1406,10200,11,72.123,72.56,3.979,94.6935,1770000000,56.9388,14.02373,0.275,48718.906,94243.7073,1.8546,115644.7711,56141.7752,30.9,97.8201,99,86,94,3.7,36.2,77.8244,96.9471,19,90.4742,16.4,0.83,4.4,4,4.8,62.6656,2.3,3427,0,100,97.7022,99.8303,85.9044,93.3291,14.0914,99.20635,0,17.3,6,6,92.2037,16.6667,5.3615,3.074,99.18625,56.8007,3.4,1.5965666666666667,3981.9713666666667,98.5075,0.9963,1.0309,1.0664,7,5.521,15.77,114.508941,93.1648,2.5518799999999997,2.55241,6.336,6.34,94.5274,7.321,878666,2610378,2.9708421630061936,441525,5.91218617292339,1.9900707774191722,2595,338.5996146435453,1005.9260115606936,92.38461,13.686161265299024,1990.0707774191721,338.5996146435453
Luxembourg,2002,48.9987,17812.34,0.1903,22.312820999999992,10900,11,73.605,74.61,4.114,95.2381,1798000000,59.596,14.972,1.3054,53227.765,96269.5794,2.1496,118130.6825,58575.6793,31,98.9189,99,95,94,3.5,39.8,77.9659,96.9471,17,90.7857,14.4,0.91,4.2,3.7,4.5,62.2137,2.1,2759,0,100,97.6953,99.8294,85.8992,93.3291,13.9364,99.4709,0,17.3,6,6,92.2368,16.6667,5.6751,3.225,99.4595,28.136,1.3,1.6100333333333332,4163.735433333333,98.5075,0.9932,1.0281,1.0643,7,5.016,15.14,114.508941,91.6325,2.621,2.621,6.951,6.96,94.0299,13.15,934642,2669973,2.856679883848575,446175,5.984138510674063,2.0947879195382977,2595,360.1703275529865,1028.8913294797687,92.19432,13.747919917177883,2094.7879195382975,360.1703275529865
Luxembourg,2003,48.8352,19169.8,0.1933,22.312820999999992,11400,11,75.466,76.45,3.578,91.5344,2119000000.0000002,77.5828,14.02373,3.3975,66160.476,97597.9969,1.3799,119760.7599,60199.8508,30.2,95.1351,98,95,95,3.3,54.6,77.7268,96.9471,15,90.9838,12.3,0.92,3.9,3.5,4.3,60.447,2,5581,0,100,97.6887,99.8285,85.894,93.3291,13.7909,97.4874,0.1,17.3,6,6,92.2691,16.6667,5.8364,2.62,98.9189,26.8622,1.3,1.6235,4345.4995,95.5224,0.9977,1.0257,1.054,7,5.138,15.06,114.508941,87.2256,3.675,3.675,10.891,10.927,97.0149,12.08,918551,2736134,2.9787502272601087,451630,6.058353076633527,2.0338573611141864,2595,353.9695568400771,1054.3868978805394,92.97379,13.730553796079441,2033.8573611141865,353.9695568400771
Luxembourg,2004,48.6414,20943.57,0.2107,22.312820999999992,12800,11,77.914,79.14,4.073,93.1034,2479000000,94.8101,14.02373,7.9643,77030.646,100292.5685,2.7609,123067.2206,64694.4334,30.2,94.5274,99,94,95,3.1,65.9,79.122,96.9471,17,91.3321,11.5,0.82,3.7,3.3,4,61.3246,1.9,4566,0,100,97.6814,99.8276,85.8888,93.3282,13.6552,95.1456,0,17.3,6,6,92.2999,23.3333,6.1519,4.231,99.48229,22.8809,1.4,1.5882,4461.6689,96.6346,0.9982,1.0237,1.0497,7,6.251,11.57,114.508941,80.7837,5.113,5.113,16.818,16.911,96.6346,12.08,932795,2721730,2.917822243901393,458095,5.941409532957138,2.0362479398378066,2595,359.4585741811175,1048.8362235067436,94.07538,13.745941806404506,2036.2479398378066,359.4585741811175
Luxembourg,2005,48.4274,20788.12,0.2097,22.312820999999992,13000,11,80.844,81.92,3.875,92.6829,2615000000,109.6738,14.02373,15.0635,81728.362,101222.0457,0.9268,124207.7655,68787.8547,30.8,95.5882,99,95,95,2.9,70,79.4317,96.9471,17,92.846,10.5,1.18,3.5,3.1,3.8,62.3133,1.8,6310,0,100,97.6741,99.8268,85.8836,93.327,13.5299,95.1456,0,17.3,6,6,92.3295,23.3333,5.9942,2.483,97.549,24.0625,1.9,1.5587,4826.353,96.6507,1.0015,1.0276,1.0541,7,5.498,12.86,114.508941,84.0452,4.488,4.488,13.64,13.689,96.1538,14.47,974104,2682040,2.7533405057365536,465158,5.765868801568499,2.094135756022685,2595,375.3772639691715,1033.5414258188825,95.38313,13.789274379689104,2094.135756022685,375.3772639691715
Luxembourg,2006,48.0688,20979.41,0.195,22.312820999999992,12900,11,83.239,83.78,3.779,94.1463,2850000000,133.63,21.164,20.9214,91478.072,105614.1799,4.3391,129597.2749,78878.0275,30.9,90.2439,99,95,95,2.7,72.5,79.2878,96.9471,16,92.7781,9.4,1.32,3.3,3,3.6,66.2015,1.7,5557,0,100,97.6669,99.826,85.8784,93.3258,13.4267,99.0338,0,17.3,6,6,92.3583,23.3333,5.5611,6.016,96.5686,24.2684,2.1,1.6489,4377.1387,93.3014,1.0053,1.0215,1.0376,7,6.694,14.14,114.366,81.857,4.731,4.731,15.986,16.176,99.5192,15.24,967881,2611142,2.6977923938996633,472637,5.524624606198838,2.0478316340024163,2595,372.97919075144506,1006.2204238921001,96.08233,13.782865458001758,2047.8316340024162,372.97919075144506
Luxembourg,2007,47.6802,21183.39,0.1713,22.312820999999992,12300,11,85.449,87.41,5.195,94.1748,3379000000,130.6385,14.02373,26.7933,108344.425,106861.03451199998,6.442,131127.26804199998,85129.1888,31.1,91.2621,99,87,96,2.6,78.9,79.3829,94.811,14,92.9004,9.7,1.76,3.1,2.8,3.4,63.025,1.6,6244,0,100,97.66,99.8252,85.8732,93.3246,13.3437,99.0338,0,17.3,6,6,92.3864,23.3333,5.257,8.099,97.0874,26.6478,3.6,1.5717,4618.9365,94.7368,0.9998,1.0165,1.0327,7,5.659,13.46,113.4114,83.5005,4.065,4.065,14.843,15.189,99.5192,15.1,979214,2527820,2.5814786144805937,479993,5.26636846787349,2.0400589175258808,2595,377.34643545279386,974.111753371869,96.37392,13.79450650925032,2040.0589175258808,377.34643545279386
Luxembourg,2008,47.213,22071.87,0.1698,22.312820999999992,12100,11,88.946,88.04,4.581,95.1456,3606000000,149.9149,15.307,29.2849,119402.39327999993,106861.03451199998,-2.0665,131127.26804199998,90970.7212,32.6,92.7184,99,94,96,2.5,82.2,80.539,93.4297,13,93.2863,7.4,1.26,3,2.7,3.3,65.0071,1.6,7969,0,100,97.6531,99.8244,85.868,93.3234,13.2608,100,0,17.3,6,6,92.4138,23.3333,5.4615,-0.302,96.1165,31.3554,4,1.5466,4725.3726,95.6731,1.0101,1.018,1.0255,7,6.206,13.03,109.2519,80.1882,5.06,5.06,17.784,17.868,99.5192,14.6,936646,2432004,2.5965028409879505,488650,4.976985572495651,1.9168034380435894,2595,360.94258188824665,937.1884393063584,96.83907,13.75006175598011,1916.8034380435895,360.94258188824665
Luxembourg,2009,46.7542,21198.87,0.1661,21.3139,11600,12,88.953,90.24,3.16,94.7368,3147000000,124.5028,15.021,31.3376,110249.419,104574.3499,-5.0143,128321.3181,86873.2562,31.2,96.1722,99,95,96,2.4,87.3,80.6366,96.8288,15,93.3551,9.9,1.21,2.9,2.6,3.2,65.638,1.6,6855,0,100,97.6465,99.8236,85.8628,93.3221,13.1583,98.5782,0,17.3,6,6,92.4403,20,6.0268,-3.239,95.2153,25.6496,3.7,1.5884,4852.2793,97.6303,1.01025,1.01955,1.0277,7,6.124,11.02,110.4365,80.5893,5.194,5.194,16.781,16.82,99.525189,16.6,907531,2256166,2.486048410467521,497783,4.532428789251541,1.8231458286040303,2595,349.72292870905585,869.4281310211946,97.52681,13.718484106207452,1823.1458286040304,349.72292870905585
Luxembourg,2010,46.303,22267.28,0.1692,22.119,12200,12,91.439,93.02,4.151,95.7143,3251000000,115.224,19.988,33.1818,112049.15,106544.0572,1.8835,130738.3109,90346.0688,30.5,94.2584,99,94,96,2.4,90.6,80.6317,100.2279,17,94.2701,6.5,0.67,2.8,2.5,3.1,67.0523,1.5,7909,0,100,97.64,99.8229,85.8576,93.3209,13.0162,99.0521,0,17.3,6,6,92.4662,20,5.7247,3.76,95.6938,35.4685,3.7,1.4237,5200.1387,97.6303,1.0104,1.0211,1.0299,7,5.215,11.69,106.2908,83.8086,4.423,4.423,13.917,13.959,98.5782,17.99,854717,1859564,2.175648781994508,506953,3.6681191353044564,1.6859886419451113,2595,329.37071290944124,716.5949903660886,98.03652,13.65852686895341,1685.9886419451113,329.37071290944124
Luxembourg,2011,45.5971,23515.68,0.1656,21.3947,12100,12,94.848,96.16,4.669,98.1043,3479000000,121.7461,17.619,32.7339,119402.39327999993,105290.249,-1.1768,129199.7852,94475.0302,32.1,95.2607,99,95,96,2.3,90,80.9878,99.4516,13,94.6787,6.5,0.43,2.7,2.5,3,67.4181,1.5,10918,0,100,97.6337,99.8222,85.8524,93.3197,12.728,96.2085,0.1,17.3,6,6,92.4913,25,4.9649,1.045,98.5782,35.3412,3.8,1.4245,5525.728,97.6526,1.0205,1.0265,1.0311,7,4.999,11.99,102.9717,81.1438,5.122,5.122,18.048,18.101,99.061,18.37,934995,2237724,2.3933004989331494,518347,4.31703858612088,1.8038013145634102,2595,360.3063583815029,862.321387283237,98.958,13.748297530186807,1803.8013145634102,360.3063583815029
Luxembourg,2012,44.9939,22443.05,0.1596,20.4684,11800,12,97.588,98.5,3.842,96.6825,2985000000,109.8849,16.878,31.9618,113953.492,104487.7442,-0.7622,128215.0459,96636.4266,34.3,94.3128,99,94,99,2.3,91.9,81.3927,108.8,13,94.8887,6.4,0.36,2.7,2.4,2.9,68.354,1.5,10273,0,99.9872,97.6276,99.7765,85.8472,93.3185,11.3765,95.7346,0,17.3,6,6,92.5152,21.6667,4.4276,1.65,96.6825,35.88,4.2,1.2066,4401.9814,96.2441,1.0028,1.0205,1.0347,7,5.736,11.29,99.7183,79.3726,5.03,5.03,16.578,16.639,98.5916,16.88,1021673,2543830,2.489867110122319,530946,4.791127534626874,1.9242503004071978,2595,393.7082851637765,980.2813102119461,99.36028,13.836953016472608,1924.2503004071978,393.7082851637765
Luxembourg,2013,44.8006,22722.14,0.147,18.9992,11200,12,99.246,99.98,3.191,97.1564,2566000000,107.725,14.714,32.4834,119402.39327999993,105338.9561,0.8147,129259.5527,100925.012,32,93.8389,99,94,99,2.2,93.8,81.8,102.3722,15,94.0896,8.3,0.36,2.6,2.4,2.9,68.6984,1.5,10535,0,99.9652,97.6218,99.7238,86.1038,93.6282,11.7081,95.2607,0.1,17.3,6,6,92.8437,28.3333,4.3906,3.171,96.6825,48.7757,5.7,1.2338,4661.6021,96.7136,1.0056,1.0168,1.0252,7,5.364,11.28,99.0999,80.9079,6.045,6.045,16.289,16.344,98.5916,16.15,1044336,2637481,2.5255099891222748,543360,4.854021275029447,1.9219964664310953,2595,402.4416184971098,1016.3703275529865,99.71166,13.858892792271865,1921.9964664310953,402.4416184971098
Luxembourg,2014,44.6593,20978,0.1362,17.6514,10800,12,99.934,98.98,2.813,96.6346,2818000000,111.4345,17.731,33.5803,119402.39327999993,105583.937,0.2326,129560.1645,105296.2846,31.2,93.2692,99,94,99,2.2,94.7,82.2293,100.1749,13,94.1005,6.5,0.53,2.6,2.4,2.8,69.3617,1.5,11217,0,99.9446,97.6161,99.6743,86.3609,93.9388,9.9978,97.619,0.1,17.3,6,6,93.1723,28.3333,4.4073,2.623,92.3077,49.1977,6.8,1.217,4782.9395,95.6731,1.0026,1.0138,1.0222,7,6.344,12.57,96.9757,75.6254,6.044,6.044,24.278,24.497,98.5222,15.06,1142892,2867811,2.509258092628175,556319,5.154975832211375,2.054382467613006,2595,440.4208092485549,1105.129479768786,100.16289,13.949073325096611,2054.382467613006,440.4208092485549
Luxembourg,2015,44.4196,20697.5,0.1263,16.3435,10300,12,99.993,99.78,2.79,97.1429,3367000000,100,15.462,34.2911,106710.076,105462.0126,-0.1155,129410.5532,107888.5784,32.9,93.8095,99,94,99,2.2,96.4,82.2927,94.9367,13,94.6216,6.5,0.38,2.6,2.3,2.8,69.7942,1.5,11377,0,99.9252,97.6107,99.6279,86.6184,94.2502,10.3915,98.0952,0.3,17.3,6,6,93.5006,28.3333,4.2939,2.268,92.8571,67.3232,9.1,1.2523,4636.3804,96.6667,0.999,1.0204,1.0372,7,5.808,12.34,100,78.4182,6.796,6.796,17.5,17.521,97.0443,15.01,1264384,3202737,2.533041386161166,569604,5.62274316893842,2.219759692698787,2595,487.23853564547204,1234.1953757225433,100,14.050096395918843,2219.759692698787,487.23853564547204
Luxembourg,2016,44.08,21438.6,0.1168,15.5345,10300,12,100.036,101.33,2.932,97.619,4603000000,92.1633,25.398,34.8068,107948.007,106861.03451199998,2.7398,131127.26804199998,113365.1761,31.7,92.8571,99,94,99,2.1,98.053,82.6854,101.1752,13,95.7105,6.2,0.24,2.5,2.3,2.8,69.2867,1.6,12760,0,99.9069,97.6055,99.5843,86.8764,94.562,9.6132,98.0952,0.1,17.3,6,6,93.8288,28.3333,4.2818,4.978,93.8095,85.1138,13.5,1.2669,4802.1787,95.2381,0.9969,1.0161,1.0311,7,6.219,10.22,97.4202,77.7725,6.669,6.669,21.987,22.042,96.5517,13.74,1283173,3269221,2.5477632400307675,582014,5.617083094221101,2.2047115705120497,2595,494.4789980732177,1259.8154142581889,99.83326,14.064847254043727,2204.7115705120495,494.4789980732177
Luxembourg,2017,43.8629,21727.93,0.1172,15.4078,10300,12,102.15,102.92,3.326,96.1905,4232999999.9999995,91.9575,14.02373,35.9768,111211.579,106861.03451199998,-1.1161,131127.26804199998,114985.8422,34.5,93.8095,99,94,99,2.1,97.4,82.0951,98.4104,15,95.8531,4.8,0.09,2.5,2.3,2.8,68.8504,1.6,9643,0,99.8896,97.6005,99.5432,87.1364,94.8743,9.6085,94.7619,0.3,17.3,6,6,94.1568,28.3333,4.3538,1.317,93.8095,85.53403699999998,15.3,1.239,4969.23,95.2381,0.9945,1.0095,1.0213,7,6.195,9.96,96.0953,81.4295,5.523,5.523,15.477,15.44,97.5369,13.62,1290979,3233979,2.505059338687926,596336,5.423081953797859,2.1648516943468112,2595,497.48709055876685,1246.2346820809248,100.27574,14.07091217784201,2164.851694346811,497.48709055876685
Luxembourg,2018,43.827,21005.74,0.1193,15.575,10300,12,104.212,104.93,3.579,97.1429,5912000000,95.758,23.675,36.8853,118135.07,106376.7836,-0.7143,130533.0523,116498.5121,35.4,95.7143,99,96,99,2.1,97.1,82.2951,109.43525799999996,9,95.955,6.7,0.053,2.5,2.3,2.7,68.7617,1.6,10145,0,99.8733,97.5973,99.5046,87.4003,95.1877,9.2918,95.7547,0.3,17.3,6,6,94.4854,20,4.4837,1.611,94.7619,85.53403699999998,16,1.1718,4754.9219,96.1905,0.9758,1.0003,1.02,7,5.599,10.07,94.0203,82.2587,5.589,5.589,14.182,14.183,97.0874,13.73,1276749,3173857,2.485889552292581,607950,5.220588864215808,2.1000888230940045,2595,492.0034682080925,1223.066281310212,100.5876,14.05982834450989,2100.0888230940045,492.0034682080925
Luxembourg,2019,43.8631,20704.48,0.1178,15.5138,10300,12,105.932,106.98,3.831,97.619,5960000000,95.9874,26.563,37.3611,113830.259,106861.03451199998,0.9155,131127.26804199998,120133.89324099993,34.2,95.2381,99,96,99,2.1,97.1,82.639,109.43525799999996,12,96.0447,4.1,0.001,2.5,2.2,2.7,67.9608,1.6,10503,0,99.8767,97.5943,99.5125,87.6647,95.5017,8.4591,95.283,0.1,17.3,6,6,94.8139,25,4.6929,2.749,95.2381,85.53403699999998,16.4,1.1818,5090.8154,96.1905,0.9873,0.9927,0.9969,7,4.775,11.16,92.3744,81.0155,5.592,5.592,16.977,16.985,97.1014,13.24,1325663,3164756,2.3873005431998933,620001,5.104436928327535,2.1381626803827736,2595,510.85279383429673,1219.5591522157997,100.9071,14.097424023953188,2138.1626803827735,510.85279383429673
Luxembourg,2020,44.0085,20678.6,0.0982,12.6042,10300,12,105.94,106.81,2.914,96.6667,3620000000,80.7452,29.126,37.2961,117570.398,104616.0347,-2.5473,128372.4688,120133.89324099993,33.4,96.6667,99,96,99,2.1,98.053,82.1439,100.277,6,96.0643,4.1,0.055,2.5,2.2,2.7,68.2126,1.7,6967,0,99.8799,97.5914,99.5201,87.9295,95.8162,8.6748,93.3962,0,17.3,6,6,95.1421,30,5.0362,-0.51,98.5714,85.53403699999998,20.8,1.0958,4688.8047,95.7143,0.986,0.9926,0.998,7,6.712,9.69,93.3135,81.0155,6.766,6.766,23.182,23.196,96.6184,15.33,625171,1693382,2.70867010785849,630419,2.6861214525577433,0.9916753778042857,2595,240.91368015414258,652.5556840077071,100.52957,13.345782090857965,991.6753778042857,240.91368015414258
Luxembourg,2021,44.1975,20603.92,0.096,13.0068,10300,12,109.621,112.83,6.251,96.1905,5546000000,96.9912,20.204,38.04,119402.39327999993,106861.03451199998,5.5535,131127.26804199998,120133.89324099993,32.7,95.7143,99,96,99,2.1,98.053,82.5976,99.3981,6,96.0643,4.1,0.081,2.4,2.2,2.6,67.3818,1.7,8724,0,99.883,97.5886,99.5272,88.1948,96.1312,8.6748,93.3962,0.1,17.3,6,6,95.4702,35,4.9273,6.93,99.48229,85.53403699999998,20.5,1.0412,4939.0864,96.6667,0.986,0.9926,0.998,7,9.827,8.22,95.3626,81.0155,5.571,5.571,18.666,18.684,97.5845,13.35,837044,2223776,2.6567014398287307,640064,3.474302569743026,1.3077504749525048,2595,322.5603082851638,856.9464354527938,101.13158,13.63763311146727,1307.7504749525049,322.5603082851638
Luxembourg,2022,44.3444,20603.92,0.0826,11.1208,10300,12,118.553,120.02,8.797,96.2264,7693000000,96.9912,26.463,38.327,119402.39327999993,106861.03451199998,-0.6438,131127.26804199998,120133.89324099993,32.7,97.6415,99,96,99,2,98.053,82.9463,98.3279,6,96.0643,4.1,0.081,2.4,2.2,2.6,67.3451,1.7,13194,0,99.8859,97.5859,99.5341,88.4604,96.4467,8.6748,86.7924,0.1,17.3,6,6,95.7983,33.3333,4.8344,-1.095,98.1132,85.53403699999998,14.262,0.9765,4879.2427,98.5849,0.986,0.9926,0.998,7,9.969,8.22,95.3626,81.0155,4.588,4.588,17.599,17.601,97.1014,14.01,1313630,3296351,2.509345097173481,653103,5.047214604740753,2.011367272849765,2595,506.2157996146436,1270.2701348747592,100.5427,14.088305616671027,2011.367272849765,506.2157996146436
Luxembourg,2023,44.7725,20603.92,0.0806,10.515,10300,12,122.023,123.93,6.027,96.6981,9841000000,96.9912,26.463,38.327,119402.39327999993,106342.7575,-3.0736,130491.2995,120133.89324099993,32.7,98.1132,99,96,99,2,98.053,83.352766,98.3279,11,96.0643,4.1,0.081,2.3,2.1,2.5,67.3451,1.6,5905,0,99.8859,97.5859,99.5341,88.4604,96.4467,8.6748,87.6777,0.1,17.3,6,6,95.7983,33.3333,5.0399,-0.694,99.0566,85.53403699999998,14.355,0.9765,4879.2427,97.6415,0.986,0.9926,0.998,7,8.834,8.22,95.3626,81.0155,5.184,5.184,18.847,18.817,98.0392,15.94,1442035,3485954,2.417385153619711,666430,5.230787929715049,2.163820656332998,2595,555.6974951830443,1343.3348747591522,97.79728,14.18156656184134,2163.820656332998,555.6974951830443
Malta,2000,46.9564,4475.776,0.1764,5.4726,2830,11,72.338,71.52,4.967,81.9149,-209000000,94.087,21.393,0.4141,10397.838,17178.2855,12.592866999999991,31025.5608,18210.5672,28,83.0601,94,89,74,6.7,13.1,78.3488,85.9975,13,92.1732,4.6,0.44,7.6,7,8.3,57.5787,5.1,1591,0,100,99.9654,100,78.1955,88.99185,17.5417,98.4127,0.5,14.3,2,6,99.2774,9.2308,4.7191,-0.756,84.2391,0,0.2,0.297842,682.155665,89.5522,1.0088,0.9908,0.9749,7,12.221,6.8,86.0167,83.031,6.324,6.324,11.838,11.844,86.5672,31.03,988026,7737121,7.830888053553246,390087,19.83434720972501,2.5328349829653387,316,3126.6645569620255,24484.560126582277,100.50688,13.803465304291826,2532.834982965339,3126.6645569620255
Malta,2001,46.5669,4136.475,0.2077,6.3476,2740,11,74.157,74.07,3.979,79.5818,-64000000,69.8755,21.393,2.2734,10403.09,16920.7309,-1.4993,30560.3936,18437.1492,28,83.15165,95,89,74,6.5,17.9,78.8439,84.9426,12,92.1957,4.8,0.49,7.4,6.8,8,57.9297,4.9,1678,0,100,99.9653,100,78.2021,89.0575,17.3739,98.14815,0.5,14.3,2,6,99.2773,9.2308,4.8066,-0.756,82.6601,0,0.2,0.297842,682.155665,90.29849999999999,0.9987,0.9734,0.9512,7,12.221,7.28,87.7281,77.5084,7.107,7.107,17.739,17.648,86.5672,29.23,988026,7737121,7.830888053553246,393028,19.68592822903203,2.513881962608262,316,3126.6645569620255,24484.560126582277,101.06469,13.803465304291826,2513.881962608262,3126.6645569620255
Malta,2002,46.2354,4141.84,0.1883,5.8694,2720,11,76.095,75.59,4.114,77.2487,45000000,77.7727,21.393,4.3591,11307.263,17255.4274,1.978,31164.8861,19532.0015,28,83.2432,95,89,74,6.3,28.9,78.739,91.7381,13,92.2757,4,0.43,7.2,6.6,7.8,57.9582,4.8,1821,0,100,99.9652,100,78.2087,89.08335,17.1608,97.8836,0.5,14.3,2,6,99.2772,9.2308,5.4256,2.74,81.0811,0,0.2,0.297842,682.155665,91.0448,0.9901,0.9865,0.9835,7,12.221,5.62,91.1002,79.5607,6.902,6.902,15.429,15.313,86.5672,26.56,1159227,7737121,6.674379565003231,395969,19.539713967507556,2.9275700875573594,316,3668.4398734177216,24484.560126582277,99.88499,13.963264824286265,2927.5700875573593,3668.4398734177216
Malta,2003,45.7978,4248.917,0.2042,6.5567,2950,11,77.564,77.44,3.578,80.4233,-67000000,86.3913,21.393,5.5695,13654.823,17775.5868,3.0145,32104.3418,20815.3529,28,79.4595,94,89,90,6.2,31.6,78.5463,95.8029,13,92.3588,4.5,0.17,7.1,6.5,7.6,58.2429,4.7,1626,0,100,99.9651,100,78.10495,89.10915,16.9497,99.4975,0.5,14.3,2,6,99.2771,8.6667,5.5144,3.694,82.7027,0,0.2,0.297842,682.155665,92.5373,0.9845,0.9906,0.996,7,12.221,5.43,89.1717,77.2075,7.488,7.488,17.567,17.365,92.0398,27.61,1159227,7737121,6.674379565003231,398582,19.41161668113462,2.908377698942752,316,3668.4398734177216,24484.560126582277,95.96392,13.963264824286265,2908.377698942752,3668.4398734177216
Malta,2004,45.2401,4215.132,0.2029,6.4962,2870,11,79.678,78.9,4.073,77.8325,-332000000,96.5412,21.393,9.1631,15276.944,17728.4915,-0.2649,32019.2834,21568.723,28,76.1194,89,85,94,6.1,34.6,79.2537,96.4704,11,92.4139,3.5,0.081,7,6.4,7.5,57.7179,4.6,1662,0,100,99.965,100,77.98495,89.13505,16.7882,95.6311,0.5,14.3,2,6,98.4232,9.2308,5.597,0.407,82.0896,0,0.2,0.4897,1064.6299,89.4231,0.9871,0.9627,0.9448,7,12.221,5.66,86.3563,76.7,7.317,7.317,18.579,18.297,90.3846,31.38,1159227,7737121,6.674379565003231,401268,19.28167957574489,2.888909656389246,316,3668.4398734177216,24484.560126582277,96.16126,13.963264824286265,2888.909656389246,3668.4398734177216
Malta,2005,44.6071,4270.138,0.1993,6.5242000000000004,3000,11,81.688,81.56,3.875,78.0488,-523000000,92.0118,21.393,12.4381,15873.473,18123.2975,2.227,32732.3392,22227.4755,28,75.4902,92,85,86,6.1,41.2,79.3,94.7673,11,94.0257,4.2,0.001,6.9,6.4,7.4,59.1046,4.6,1626,0,100,99.9649,100,77.86495,89.09764999999999,16.7238,96.6019,0.5,14.2,2,6,97.5692,9.2308,5.9892,2.882,79.4118,0.0036,0.2,0.5282,1162.4436,90.9091,0.9753,0.9678,0.9622,7,11.904,5.5,85.068411,78.9693,6.923,6.923,16.116,16.121,88.9423,32.12,1135771,7567827,6.6631627326283205,403834,18.7399451259676,2.8124699752868754,316,3594.2120253164558,23948.819620253165,96.02335,13.942823153894093,2812.4699752868755,3594.2120253164558
Malta,2006,43.8568,4434.008,0.1966,6.5627,3060,11,83.792,82.19,3.779,80.4878,-635000000,107.2261,21.393,12.7446,16748.278,18479.2305,1.964,33375.1869,23223.9488,28,80.9756,85,86,94,6,40.4,79.439,98.7943,12,94.1361,3.0469999999999997,0.001,6.9,6.3,7.4,62.6953,4.6,997,0,100,99.9648,100,77.7449,89.01355,16.7591,92.7536,0.5,15.1,2,6,96.7153,9.2308,6.0337,2.335,83.8235,0.0035,0.2,0.5784,1256.7057,91.3876,0.9989,0.9887,0.9811,7,10.337,6.38,85.068411,79.637200000000007,6.798,6.798,15.459,15.487,89.9038,31.8,1148012,7405218,6.450470901001035,405308,18.270594214770004,2.832443475085614,316,3632.9493670886077,23434.23417721519,96.6042,13.953543179839345,2832.443475085614,3632.9493670886077
Malta,2007,43.0042,4522.764,0.1917,6.6972,3150,11,84.376,84.7,5.195,81.068,-307000000,118.043,21.393,20.1301,19655.101,19342.3919,4.671,34934.1357,25012.609,29.2,84.466,82.47,82,79,6,46.9,79.7927,98.2114,10,94.1259,3.9,7.35e-4,6.9,6.3,7.4,63.0759,4.6,926,0,100,99.9648,100,77.6248,89.24225000000001,16.8432,95.1691,0.4,15.3,2,6,95.8614,9.2308,5.4574,5.038,85.4369,0.0035,0.2,0.5454,1181.7463,92.3445,0.9956,0.9732,0.9572,7,11.542,5.46,85.068411,81.5705,6.472,6.472,13.489,13.538,90.8654,27.23,1193033,8082229,6.774522582359415,406724,19.87153204630167,2.9332741613477444,316,3775.4208860759495,25576.67405063291,95.06211,13.992010200254837,2933.274161347744,3775.4208860759495
Malta,2008,42.4462,4529.431,0.1842,6.6747,3160,11,88.328,88.92,4.581,80.5825,-95000000,133.5325,21.393,23.4406,22487.727,20064.4398,3.733,36238.2204,26653.8975,29,86.8932,82.47,86,78,6,50.1,79.6366,97.0014,10,94.0324,4.3,0.002,6.9,6.3,7.4,63.4231,4.6,869,0,100,99.9648,100,77.5047,89.471,16.9437,95.1923,0.1,14.9,2,6,95.0075,8.6957,5.0918,4.409,85.9223,0.0065,0.2,0.5267,1294.0726,91.8269,0.9961,0.9792,0.9673,7,8.271,6.38,85.068411,83.6629,5.977,5.977,11.617,11.657,90.8654,33.97,1221378,7917563,6.482483719208959,409379,19.3404229332721,2.9834896269715836,316,3865.1202531645567,25055.57911392405,96.19682,14.015491106238724,2983.4896269715837,3865.1202531645567
Malta,2009,42.7039,4262.236,0.1722,6.1056,2940,11,89.953,88.53,3.16,73.6842,-563000000,109.6011,21.393,27.0098,21318.804,19635.8765,-2.1359,35464.1957,26767.8947,30.2,84.2105,82.47,86,82,6,58.9,80.2415,94.6771,11,94.2841,5.3,0.001,6.9,6.3,7.4,63.14,4.6,836,0,100,99.9647,100,77.38465,89.554,17.0279,92.891,0.4,15.5,2,6,94.1536,8.6957,5.1441,-1.395,88.9952,0.0314,0.3,0.5074,1176.5322,90.5213,1.0013,0.960629,0.9422109999999999,7,9.881,7.06,89.368,80.2677,6.889,6.896,14.491,14.526,87.6777,38.66,1116457,6903106,6.183046906419146,412477,16.73573556828623,2.7067133440167574,316,3533.0917721518986,21845.272151898735,98.30228,13.925671731999932,2706.7133440167577,3533.0917721518986
Malta,2010,43.4631,4365.109,0.1671,6.2609,2980,11,91.789,92.11,4.151,74.7619,-408000000,137.5427,22.705,29.7856,21989.786,20750.6054,5.677,37477.4985,28912.442,29,84.2105,82.47,75,74,6,63,81.3976,103.7044,9,94.9975,3.9,0.062,6.9,6.3,7.4,64.6374,4.6,741,0,100,99.9647,99.984,77.2645,89.58715000000001,17.0632,91.9431,0.2,15.6,2,6,93.2998,8.6957,5.1351,6.197,91.3876,0.0322,1.2,0.5874,1391.9485,89.0995,1.0029,0.960629,0.9422109999999999,7,9.534,7.61,94.9832,81.292,6.847,6.861,13.229,13.243,88.6256,35.74,1276983,7560834,5.920857207965963,414508,18.240501992723903,3.0807197931041137,316,4041.0854430379745,23926.689873417723,98.31442,14.060011605570482,3080.7197931041137,4041.0854430379745
Malta,2011,44.3362,4430.519,0.1646,6.2035,3040,11,94.096,93.47,4.669,72.9858,-19000000,168.2129,22.705,30.3037,23585.252,20867.8391,0.565,37689.2332,29425.975,29.1,84.3602,96,82,84,6,68,80.7463,102.8116,11,95.2108,4.8,0.073,6.8,6.3,7.3,64.2781,4.6,999,0,100,99.9647,99.9664,77.14435,89.94659999999999,16.1027,84.8341,0.2,15.1,2,6,92.4459,8.6957,5.4444,0.992,89.0995,0.4585,2,0.6651,1761.137,87.3239,1.0117,1.0049,0.9999,7,10.175,7.06,98.4088,81.8369,6.378,6.388,13.325,13.341,87.7934,31.03,1342460,7681557,5.722000655513013,416268,18.453393006428552,3.224989670116367,316,4248.291139240507,24308.724683544304,97.98754,14.11001505466386,3224.989670116367,4248.291139240507
Malta,2012,45.4522,5697.922,0.1668,6.4874,3240,11,97.133,96.04,3.842,78.673,157000000,163.0233,22.705,31.8224,23028.989,21529.4928,3.1707,38884.2406,30716.1291,29.4,84.8341,99,93,93,6,68.2,80.7463,104.1055,9,94.9482,3.0469999999999997,0.078,6.8,6.3,7.3,59.2989,4.6,911,0,100,99.9647,99.9488,77.02414999999999,90.30735,14.1064,87.2038,0.1,15.8,2,6,91.592,8.6957,5.4994,4.101,89.0995,1.1234,2.7,0.8043,1968.675,87.7934,1.001,1.0126,1.0213,7,10.818,6.06,86.4729,81.6825,6.197,6.203,13.825,13.85,88.2629,31.99,1350986,7832229,5.797416849619463,420028,18.64692115763711,3.2164189054063064,316,4275.272151898735,24785.53481012658,98.74491,14.11634599439419,3216.4189054063063,4275.272151898735
Malta,2013,46.7005,4068.609,0.1372,5.5934,2890,11,98.083,97.01,3.191,80.5687,270000000,139.3428,22.705,33.3783,25617.752,22565.0086,4.8098,40754.4772,33048.1843,28.8,86.2559,99,94,99,5.9,68.9,81.7463,100.5229,7,95.0819,4.7,7.35e-4,6.7,6.2,7.2,59.4363,4.5,861,0,100,99.9646,99.9311,77.80799999999999,90.6147,13.3767,83.8863,0,15.8,2,6,90.7381,14.2857,5.74,6.292,88.1517,1.5797,3.2,0.7434,1880.4642,87.7934,1.0051,1.018,1.0281,7,9.915,7.06,90.4401,82.6518,6.106,6.115,12.71,12.732,87.7934,32.51,1460645,8501147,5.820132201869722,425967,19.957290118718117,3.4290097589719393,316,4622.294303797468,26902.363924050635,98.40426,14.194389361578837,3429.0097589719394,4622.294303797468
Malta,2014,47.6797,3917.667,0.1268,5.4522,2910,11,98.84,97.38,2.813,78.3654,989000000,112.3456,22.705,34.882,27772.945,23806.8319,5.5033,42997.3242,35118.4861,29,80.7692,99,90,98,5.9,73.1,82.0463,99.8421,8,95.1907,3.0469999999999997,7.35e-4,6.7,6.2,7.2,59.3063,4.5,9192,0,100,99.9646,99.9135,78.64185,90.84344999999999,13.4805,90.4762,0,16.6,2,6,89.8843,14.2857,5.5977,7.632,82.2115,3.3604,4.5,0.6918,1835.3282,86.0577,1.0141,1.0266,1.0368,7,10.269,7.05,90.6856,83.9513,5.725,5.737,11.677,11.688,89.1626,27.51,1554679,8780948,5.6480778347170055,434558,20.20661913944744,3.5776098932708638,316,4919.870253164557,27787.810126582277,99.02032,14.25678029463691,3577.6098932708637,4919.870253164557
Malta,2015,48.2746,3770.6964099999996,0.0816,3.7571,2220,11,100.003,98.6,2.79,77.619,299000000,100,22.705,36.6768,25847.297,25481.8978,7.0361,46022.6469,38307.3692,29.4,74.7619,97,95,89,5.8,76,81.8976,98.9686,7,95.2865,3.0469999999999997,7.35e-4,6.6,6.1,7.1,59.6506,4.4,9588,0,100,99.9646,99.8959,79.48134999999999,91.13624999999999,13.6815,87.1429,0.1,16.5,2,6,89.0304,12.8571,5.4126,9.62,84.2857,7.8259,6,0.7151,1865.2557,82.8571,1.0148,1.0401,1.062,7,10.538,7.03,100,84.445,5.389,5.389,11.653,11.639,89.1626,26.51,1586068,8915297,5.6210055306582065,445053,20.031989448447714,3.5637733034043135,316,5019.202531645569,28212.96518987342,100,14.27676918590524,3563.7733034043135,5019.202531645569
Malta,2016,48.8335,4116.192,0.064,3.294553,2220,11,100.903,99.55,2.932,73.8095,-66000000,122.198,22.705,37.618,26738.152,25920.9077,1.7228,46815.5391,40923.4411,29.1,77.1429,97,97,93,5.7,78.1,82.4537,100.0491,10,94.9643,6,0.15,6.5,6,7,57.9576,4.4,8624,0,100,99.9646,99.8782,80.3264,92.02785,12.5326,89.0476,0.1,16.7,2,6,88.1765,12.8571,5.6511,4.078,84.7619,15.8996,9.2,0.5569,1989.5946,80.9524,1.0211,1.031,1.0404,7,8.758,6.01,101.8742,86.0706,4.687,4.694,10.696,10.7,88.67,29.85,1619532,8971191,5.539372485384667,455356,19.70148850569664,3.5566282205571027,316,5125.101265822785,28389.84493670886,100.73739,14.297648394045382,3556.628220557103,5125.101265822785
Malta,2017,48.9048,4044.281,0.0647,3.3293,2220,11,102.175,100.88,3.326,74.7619,2680000000,109.6374,22.705,38.7513,30816.538,28492.3073,9.9202,51459.7229,45676.6932,29.2,80,98,88,91,5.6,81,82.3463,100.6389,7,94.9868,4.9,0.29,6.4,5.9,6.8,58.562,4.3,14372,0,100,99.9645,99.8606,82.28684999999999,93.6802,12.9026,93.3333,0.2,16.8,2,6,88.1765,11.9403,5.4915,11.506899999999995,88.0952,10.4216,7.3,0.5523,2027.4015,84.2857,1.0019,1,0.9984,7,8.585,5.18,99.2647,87.0645,4.002,4.008,10.57,10.579,87.1921,26.49,1829467,9580329,5.2366776771595225,467999,20.470832202632913,3.909125874200586,316,5789.452531645569,30317.49683544304,100.42643,14.419535772170635,3909.125874200586,5789.452531645569
Malta,2018,48.2516,3770.6964099999996,0.0607,3.294553,2220,11,103.954,102.13,3.579,70,2156000000,122.4424,22.705,39.5893,34035.11,29492.5864,3.5107,53266.3188,48105.9501,28.7,78.0952,97,98,96,5.5,81.7,82.2488,100.4158,9,95.0117,4.6,0.26,6.3,5.8,6.7,58.494,4.2,16961,0,100,99.9645,99.843,84.40225000000001,95.12190000000001,13.1133,93.8679,0.1,17.1,2,6,88.1764,11.9403,5.4003,7.189,88.5714,10.1427,7.6,0.5721,1904.9221,81.9048,1.0068,1.0041,1.0017,7,7.283,5.01,98.7367,88.6012,3.658,3.665,9.049,9.061,82.5243,24.24,1982579,10114196,5.101534919919962,484630,20.86993376390236,4.090912655015166,316,6273.984177215189,32006.949367088608,100.54579,14.49990958476651,4090.912655015166,6273.984177215189
Malta,2019,47.3547,3770.6964099999996,0.0623,3.3188,2220,11,105.538,103.44,3.831,60,2924000000,121.8795,22.705,40.18,33145.433,29513.8671,0.0722,53304.7536,51377.3699,31,76.6667,98,98,96,5.4,85.8,82.6585,98.5238,8,95.0389,4.1,0.14,6.1,5.7,6.5,57.8215,4.1,20302,0,100,99.9645,99.8253,85.37275,95.38755,12.5909,83.0189,0.3,16.9,2,6,88.1764,14.9254,5.6737,4.086,76.6667,9.8033,7.4,0.5599,1902.7163,79.0476,1.0078,1.005,1.0025,7,8.561,5.95,100.1042,89.2342,3.616,3.627,9.302,9.33,82.6087,19.26,2022912,9911282,4.899512188370033,504062,19.66282322412719,4.013220595879078,316,6401.620253164557,31364.816455696204,100.8387,14.520049109787653,4013.2205958790782,6401.620253164557
Malta,2020,46.6974,3770.6964099999996,0.0625,3.294553,2220,11,106.368,103.61,2.914,62.8571,2625000000,102.8018,22.705,41.1094,31847.185,27865.3293,-5.5856,50327.3431,49929.9668,31.4,80.9524,98,98,95,5.2,86.9,82.0976,99.8818,10,95.0494,4.1,0.068,6,5.5,6.4,58.9696,4,6904,0,100,99.9645,99.8077,86.2114,95.64035,11.7227,82.0755,0.3,16.9,2,6,88.1764,13.4328,7.0703,-3.359,85.7143,11.3308,9.2,0.6457,1964.9153,78.0952,0.9967,1.0048,1.0115,7,9.296,5.69,110.4467,89.2342,4.347,4.357,10.872,10.916,85.0242,18.2,705714,2945184,4.173339341432932,515332,5.715119573401225,1.369435625965397,316,2233.272151898734,9320.20253164557,101.36511,13.466966752254029,1369.435625965397,2233.272151898734
Malta,2021,47.0553,3770.6964099999996,0.058246000000000006,3.294553,2220,11,107.119,106.33,6.251,62.8571,1851000000,119.314,22.705,42.1831,38240.206,31420.734,12.592866999999991,56748.7303,56748.7303,31.4,77.1429,99,99,90,5.1,87.5,82.2585,99.8128,10,95.0494,4.1,0.093,5.8,5.4,6.2,58.9188,3.9,4638,0,100,99.9644,99.79,86.73435,95.83494999999999,11.7227,77.8302,0.3,16.7,2,6,88.1764,13.4328,6.9819,11.506899999999995,74.2857,11.8898,8.6,0.6521,2157.5552,77.1429,0.9967,1.0048,1.0115,7,10.224,6.47,104.1151,89.2342,3.394,3.403,9.406,9.444,82.6087,18.19,981987,4612959,4.697576444494683,518536,8.896121002206211,1.8937682243855778,316,3107.5537974683543,14597.971518987342,99.30608,13.797334367302671,1893.7682243855777,3107.5537974683543
Malta,2022,48.139,3770.6964099999996,0.058246000000000006,3.3104,2220,11,113.686,114.08,8.797,61.7925,-145000000,119.314,22.705,43.445,37015.18,31925.1854,1.6055,57659.8158,60352.4831,31.4,76.8868,98,98,96,5,91.5,82.4488,98.5491,10,95.0494,4.1,0.093,5.7,5.2,6,59.169,3.8,2480,0,100,99.9644,99.7724,87.37540000000001,95.96495,11.7227,79.717,0.3,16.7,2,6,88.1764,27.8481,6.3819,4.269,73.1132,11.8898,8.6,0.6043,2427.5623,76.4151,0.9967,1.0048,1.0115,7,6.211,6.47,104.1151,89.2342,2.921,2.929,8.24,8.271,83.5749,21.02,1814161,8210424,4.525741651374933,531511,15.447326584021779,3.413214401959696,316,5741.015822784811,25982.354430379746,96.76547,14.411134211072154,3413.2144019596963,5741.015822784811
Malta,2023,49.1465,3770.6964099999996,0.058246000000000006,3.294553,2220,11,120.011,118.3,6.027,58.4906,1423000000,119.314,22.705,44.2802,40987.246,33000.5931,3.3685,59602.1009,63419.8237,31.4,65.566,98,98,95,4.8,92.1,83.352766,98.5491,8,95.0494,4.1,0.093,5.5,5.1,5.9,59.169,3.7,6591,0,100,99.9644,99.7724,87.37540000000001,95.96495,11.7227,77.2512,0.3,16.7,2,6,88.1764,27.8481,6.3819,6.797,74.0566,11.8898,8.6,0.6043,2427.5623,75.4717,0.9967,1.0048,1.0115,7,8.157,6.47,104.1151,89.2342,3.11,3.11,9.166,9.138,76.9608,18.21,2252000,9892292,4.392669626998224,552747,17.89660007200401,4.074196693966679,316,7126.5822784810125,31304.721518987342,96.47021,14.627329712291353,4074.1966939666795,7126.5822784810125
Netherland,2000,47.5997,233101.6,0.1983,11.1089,215000,13,74.522,75.75,4.967,96.8085,7257000000,40.7674,21.532,1.6191,26338.584,40665.3381,3.4775,56016.8727,31887.8535,29.8,98.9071,97,20,96,5.1,44,77.9878,93.7834,13,91.4221,7.5,0.11,6.2,5.5,6.8,64.9299,3.8,59308,0,100,98.0565,99.9939,97.4207,97.4469,19.1568,100,0.2,12.7,2,6,97.4408,36,5.3105,4.228,99.4565,3.3147,1.7,1.7898,2637.9321,95.5224,0.9788,0.9679,0.9578,6,4.234,9.52,105.7039,92.7976,2.725,2.725,5.97344,6.02694,98.0099,16.61,25875000,81263000,3.140599033816425,15925513,5.102692767259679,1.6247514287294857,37377,692.2706477245365,2174.14452738315,97.5261,17.06878784819715,1624.7514287294857,692.2706477245365
Netherland,2001,47.7235,244263.5,0.1989,11.3124,217000,13,78.332,79.75,3.979,96.5524,9814000000,40.4695,22.396,2.8809,27055.556,41297.3198,1.5541,56887.4332,33262.9824,29.8,97.83195,97,20,95,5,49.4,78.1902,93.7834,13,91.5117,7,0.11,6.1,5.4,6.7,64.0763,3.8,56096,0,100,98.0317,99.9927,97.4207,97.4469,18.8091,96.56085,0.2,12.7,2,6,97.4411,36,5.6016,2.328,99.1877,3.5256,1.8,1.7961,2828.2983,95.27365,0.9793,0.9734,0.9678,6,4.09985,9.55,107.162,93.18499299999999,2.5518799999999997,2.55241,5.97344,6.02694,97.01490000000001,12.82,25186000,80475000,3.1952275073453507,16046180,5.015212343373937,1.569594757132227,37377,673.8368515397169,2153.062043502689,100.38464,17.041798882252525,1569.594757132227,673.8368515397169
Netherland,2002,47.778,246104.4,0.1988,11.2641,215000,13,81.351,82.38,4.114,96.2963,11032000000,42.7841,21.699,7.1891,29505.471,41135.4191,-0.392,56664.4135,34568.4593,29.8,96.7568,97,20,95,4.9,61.3,78.2927,95.7618,13,91.6127,6.8,0.16,5.9,5.3,6.5,64.243,3.7,28824,0,100,98.0008,99.9915,97.4204,97.4469,18.4176,93.1217,0.2,12.7,2,6,97.4414,34,6.0405,0.246,98.9189,4.1419,1.9,1.7454,2701.1643,95.0249,0.9788,0.9755,0.9723,6,4.09985,9.96,104.7585,93.18499299999999,2.554,2.554,5.97344,6.02694,96.0199,12.98,25164300,82371500,3.2733475598367527,16148929,5.100740736429023,1.5582643282412103,37377,673.2562806003692,2203.8018032479868,102.09251,17.040936921132868,1558.2643282412103,673.2562806003692
Netherland,2003,47.8837,261415.5,0.2013,11.3616,216000,13,83.161,83.69,3.578,95.7672,29892000000,51.8918,21.379,12.1465,35960.302,40981.8477,-0.3733,56452.8675,34290.755,29.8,97.8378,98,20,96,4.8,64.4,78.4927,95.48845,12,91.7575,6.9,0.052,5.7,5.1,6.3,64.0805,3.6,7937,0,100,97.9713,99.9903,97.4201,97.4469,18.0181,87.4372,0.2,12.7,2,6,97.4416,36.6667,6.3433,0.098,97.2973,4.0921,1.9,1.7839,2681.9758,95.0249,0.9765,0.9812,0.9854,6,4.784,9.55,105.1833,90.6425,3.593,3.593,6.531,6.584,96.0199,18.09,24942300,81205900,3.255750271626915,16225302,5.004892975181602,1.5372471957686829,37377,667.3167991010514,2172.6168499344517,102.76772,17.032075755387766,1537.2471957686828,667.3167991010514
Netherland,2004,48.0487,268310.3,0.1999,11.4733,217000,13,84.311,84.73,4.073,95.5665,50443000000,62.6562,22.328,19.5184,40652.199,41663.1478,1.6624,57391.3645,35965.5468,29.8,98.0099,98,20,96,4.6,68.5,79.0951,96.49775,11,91.9781,5.6,0.13,5.5,4.9,6.1,64.1405,3.5,-9230,0,100,97.9431,99.9891,97.423,97.4502,17.6465,81.5534,0.2,12.7,2,6,97.4452,36.6667,6.2378,2.013,98.5075,5.2431,2.2,1.789,2951.2124,95.1923,0.9747,0.9796,0.984,6,4.856,9.65,104.8369,88.1825,4.646,4.646,7.915,8.001,98.0769,19.69,25672800,80912600,3.151685830918326,16281779,4.969518380024689,1.5767810139174596,37377,686.8609037643471,2164.7697782058485,102.08224,17.0609426625939,1576.7810139174596,686.8609037643471
Netherland,2005,48.1687,262649.4,0.1911,11.1643,212000,13,85.568,86.39,3.875,96.0976,45652000000,71.2382,22.313,24.9002,42225.811,42411.3453,1.7958,58422.0135,37778.4864,29,98.0392,96,20,95,4.4,81,79.3463,95.98118333333333,10,93.1891,5.1,0.11,5.3,4.8,5.8,64.5196,3.4,-22496,0,100,97.9163,99.988,97.4259,97.4535,17.3387,79.1262,0.1,12.7,2,6,97.4487,36.6667,6.2128,2.029,98.5294,7.4528,2.7,1.7739,2908.9846,95.6938,0.9772,0.9789,0.9802,6,6.431,9.79,102.0148,83.6319,5.872,5.873,11.542,11.848,99.0385,16.06,26193900,80160700,3.060281210510844,16319868,4.911847326216119,1.6050313642242695,37377,700.802632635043,2144.653128929556,101.10672,17.081037155372858,1605.0313642242695,700.802632635043
Netherland,2006,48.2137,264963.6,0.1801,10.8738,207000,13,86.982,87.86,3.779,96.0976,60042000000,81.2755,24.232,31.4796,45158.785,43841.1223,3.3712,60391.5443,41216.8841,30,94.6341,96,20,96,4.3,83.7,79.6976,97.04565,9,93.4818,5.1,0.044,5.1,4.6,5.6,65.8181,3.3,-25401,0,100,97.8922,99.9868,97.4289,97.4568,17.0874,75.8454,0,12.7,2,6,97.4522,36.6667,5.9929,3.539,97.0588,8.145,3.1,1.7407,3224.9246,94.7368,0.9791,0.9804,0.9814,6,5.122,9.58,101.9881,86.178,5.007,5.007,9.762,10.015,98.5577,18.13,28503200,83943300,2.945048275281372,16346101,5.135371425883151,1.743730813849737,37377,762.5866174385317,2245.854402440003,100.51527,17.165526954721408,1743.730813849737,762.5866174385317
Netherland,2007,48.2541,264577.5,0.1745,10.9216,205000,13,88.363,89.26,5.195,97.0874,45360000000,96.5489,25.764,33.3124,52182.448,45445.5229,3.6596,62601.6206,44205.045,29.6,94.1748,97,20,96,4.1,85.8,80.0976,97.00135,8,93.5851,4.9,0.05,4.9,4.4,5.4,66.4111,3.2,-304,0,100,97.8705,99.9856,97.4318,97.4601,16.8601,73.43,0,12.7,2,6,97.4557,39.3333,5.9635,3.882,97.5728,7.2103,3.7,1.6703,3093.1082,95.6938,0.9825,0.9811,0.9796,6,4.583,8.45,102.1826,87.7889,4.153,4.153,9.102,9.364,99.0385,17.49,30260200,88267000,2.9169337942247573,16381696,5.388147845009454,1.8471957970652122,37377,809.59413543088,2361.5324932445087,99.60147,17.225343908734676,1847.1957970652122,809.59413543088
Netherland,2008,48.3835,267233.9,0.1719,10.9447,205000,13,90.319,90.74,4.581,96.6019,37712000000,111.8288,25.684,34.9757,58383.013,46227.2111,1.7201,63678.4033,46714.3454,29.3,94.1748,97,20,96,4,87.4,80.2512,96.4188,8,93.7326,4.7,0.099,4.7,4.3,5.2,67.2089,3,32406,0,100,97.8497,99.9844,97.4347,97.4634,16.6547,76.4423,0.1,12.7,2,6,97.4592,41.3333,6.2679,2.127,97.0874,8.8615,3.9,1.6227,3063.9617,94.7115,0.9853,0.9832,0.981,6,4.593,8.97,100.0474,89.0412,3.658,3.658,8.32,8.578,97.5962,14.63,29102000,84452200,2.9019380111332556,16445593,5.135248087435947,1.769592619737093,37377,778.6071648339888,2259.4697273724482,98.09253,17.18631749266426,1769.592619737093,778.6071648339888
Netherland,2009,48.6379,258191.6,0.1732,10.5733,199000,13,91.196,91.37,3.16,97.6077,31095000000,87.2817,26.077,36.7355,53257.987,44304.4119,-4.1595,61029.7299,44935.7457,27.9,94.7368,97,20,96,3.9,89.6,80.5488,97.8289,7,93.82,4.5,0.12,4.6,4.1,5,66.723,2.9,39832,0,100,97.8285,99.9832,97.4377,97.4667,16.4692,81.9905,0.1,12.7,2,6,97.4627,42,6.8006,-3.67,97.1292,9.5302,4.4,1.6657,2822.2498,97.1564,0.9899,0.9864,0.983,6,4.865,9.42,100.8746,86.8968,4.352,4.352,9.876,10.194,96.2085,16.35,28959700,84516100,2.918403850868621,16530388,5.112771702636381,1.7519068517931944,37377,774.8000107017684,2261.1793348850897,99.82973,17.181415800842856,1751.9068517931944,774.8000107017684
Netherland,2010,48.9391,263856.3,0.1821,11.2049,211000,13,92.045,93.02,4.151,97.619,56599000000,100.6678,27.219,37.7372,51472.808,44659.2728,0.801,61518.554,45306.3078,27.8,95.2153,97,20,96,3.8,90.7,80.7024,97.4714,6,94.904,4,0.091,4.4,4,4.9,66.9673,2.8,33703,0,100,97.8082,99.9821,97.4406,97.47,16.3015,81.5166,0,12.7,2,6,97.4662,40.6667,6.948,1.317,97.1292,9.3877,3.9,1.704,3210.0203,97.1564,0.9966,0.9912,0.9863,6,4.691,9.83,97.5906,85.3844,4.991,4.991,10.77,11.074,96.2085,19.26,30008300,84873200,2.828324163648057,16615394,5.108106374125104,1.8060540725064962,37377,802.8546967386361,2270.7333386842174,98.50493,17.216984601352046,1806.0540725064961,802.8546967386361
Netherland,2011,49.6322,249148.1,0.1674,10.4313,197000,13,94.319,95.3,4.669,96.6825,66284000000.00001,116.9447,28.313,38.5614,54814.546,45239.7319,1.2998,62318.1416,47004.1371,27.8,96.6825,97,20,96,3.7,91.4,81.2049,97.89745,7,95.0291,4.1,0.12,4.3,3.9,4.7,67.6473,2.7,31224,0,100,97.7903,99.9809,97.4435,97.4733,16.1617,89.5735,0.1,12.7,3,6,97.4697,40.6667,6.9972,1.777,97.1564,10.8107,4.7,1.8813,3648.1338,97.1831,0.9992,0.9933,0.988,6,4.201,10.07,97.6755,86.2223,4.977,4.977,9.78,10.003,96.7136,18.35,30666800,85368400,2.783740070695345,16693074,5.114001171983063,1.8370972296654289,37377,820.4724830778287,2283.98212804666,98.16013,17.238691226770392,1837.0972296654288,820.4724830778287
Netherland,2012,50.646,245055.7,0.1666,10.2443,192000,13,96.977,98.45,3.842,96.2085,66084000000,114.8889,28.749,39.3374,50580.212,44631.8745,-1.3436,61480.8125,47653.3402,27.6,97.1564,97,20,96,3.6,92.9,81.1049,97.9264,6,95.0723,4,0.13,4.2,3.8,4.6,67.4266,2.7,14861,0,100,97.7733,99.9797,97.4465,97.4766,14.3672,91.4692,0.1,12.7,3,6,97.4732,38.6667,7.2152,-0.977,96.2085,12.0899,4.9,1.9163,4336.1465,97.1831,0.9998,0.9902,0.9823,7,5.036,10.72,97.026,83.8102,5.821,5.821,11.457,11.714,97.1831,18.21,31150585,84050408,2.6981967754377645,16754962,5.016448739185442,1.859185654971942,37377,833.4158707226369,2248.7200149824757,98.5437,17.254343615219828,1859.185654971942,833.4158707226369
Netherland,2013,51.429,242090,0.1645,10.0808,192000,13,99.455,99.73,3.191,96.2085,73098000000,117.7301,21.993,40.0305,52680.978,44487.0306,-0.3245,61281.2888,49622.052,28.1,97.6303,97,51,96,3.6,94,81.3049,97.191,6,95.4098,3.5,0.06,4.2,3.8,4.6,67.7684,2.7,19973,0,100,97.7589,99.9785,97.4494,97.4799,13.285,90.9953,0.1,12.7,3,6,97.4766,38.6667,7.3034,-0.032,95.7346,11.9117,5,2.1561,4887.3906,97.1831,0.9997333333333334,0.9962333333333333,0.9930666666666667,7,5.969,11.83,97.362,80.8321,7.241,7.241,12.943,13.174,96.7136,19.93,34050183,96074132,2.821545246908071,16804432,5.717190084139708,2.026262059913718,37377,910.9929368328117,2570.407790887444,99.83761,17.34334599436311,2026.262059913718,910.9929368328117
Netherland,2014,52.015,228909.4,0.1546,9.5931,184000,13,99.774,99.59,2.813,95.6731,79914000000,117.8754,24.789,40.2288,53584.489,45042.067,1.2476,62045.8564,49751.3093,28.6,98.0769,96,94,96,3.5,91.7,81.7073,96.99795,5,95.4544,3.5,0.097,4.1,3.7,4.5,68.7899,2.7,36591,0,100,97.7468,99.9773,97.4524,97.4832,12.6133,86.1905,0.1,12.7,3,6,97.48,38.6667,7.1678,1.612,95.6731,11.2693,5.6,2.1733,4926.0928,97.1154,0.9996666666666667,1.0022666666666666,1.0038333333333334,7,5.829,11.63,98.8833,80.9484,7.419,7.419,12.529,12.725,98.0296,17.67,35856074,99751562,2.7819989996673926,16865008,5.914705880957779,2.126063266616891,37377,959.3085052304893,2668.795301923643,99.98827,17.39502356672079,2126.0632666168913,959.3085052304893
Netherland,2015,52.4273,239341.5,0.1585,10.0011,193000,13,99.992,100.04,2.79,94.2857,37850000000,100,22.936,41.088,45904.668,45793.8135,1.669,63081.3941,50970.3485,28.2,97.1429,95,94,95,3.5,91.7,81.5098,96.31514999999999,5,95.6795,3.8,0.11,4.1,3.7,4.5,68.2483,2.6,55585,0,100,97.7352,99.9762,97.4553,97.4865,13.1341,78.5714,0.1,12.7,3,6,97.4834,37.3333,6.8193,2.121,96.6667,12.4231,5.8,2.1461,4891.7813,97.1429,0.9996,1.0083,1.0146,7,4.22,11.78,100,82.7874,6.872,6.872,11.103,11.252,99.0148,15.89,37318438,103534302,2.7743471471126417,16939923,6.111851984215041,2.2029874634022835,37377,998.4332075875539,2770.000321053054,100,17.434998105630253,2202.9874634022835,998.4332075875539
Netherland,2016,52.6973,283735.5,0.1561,10.0311,193000,13,100.105,100.79,2.932,94.7619,58306000000,100.0289,24.843,41.9814,46936.707,46655.0364,1.8807,64267.7364,53162.2792,28.2,97.619,95,93,94,3.5,90.4,81.561,96.78614999999999,5,95.791,3.8,0.089,4.1,3.7,4.4,67.6747,2.6,88743,0,100,97.7241,99.975,97.4582,97.4898,11.9585,77.619,0,13.2,3,6,97.4868,37.3333,6.6429,2.425,98.5714,12.8331,5.6,2.1508,5109.2051,97.1429,1.0001,1.0092,1.0159,7,4.594,11.83,100.8395,84.248,6.007,6.007,10.639,10.815,98.5222,16.54,38883066,106212858,2.7315967830314616,17030314,6.236694050385683,2.2831678852192625,37377,1040.2939240709527,2841.66353639939,99.93689,17.47606941819021,2283.1678852192626,1040.2939240709527
Netherland,2017,52.9841,286485.4,0.1494,9.812,193000,13,101.4,102.01,3.326,92.381,68929000000,114.3089,25.491,42.0989,49640.48,47670.1057,2.1757,65666.0036,56037.568,28.5,96.1905,94,92,93,3.5,93.2,81.761,98.1677,5,95.8831,3.7,0.12,4,3.6,4.4,67.4837,2.6,86332,0,100,97.7135,99.9738,97.4612,97.4931,12.7177,78.5714,0.2,13.3,3,6,97.4902,36,6.502,2.783,98.5714,14.8804,6.4,2.1786,5273.1763,95.7143,0.9999,1.0076,1.013,7,4.182,11.93,99.9182,87.2654,4.837,4.837,8.715,8.862,96.5517,15.06,42235134,111697814,2.6446657893875747,17131296,6.520102974112408,2.4653788014637072,37377,1129.9765631270568,2988.410359311876,99.53549,17.558763015539714,2465.378801463707,1129.9765631270568
Netherland,2018,53.2596,242034,0.1417,9.4606,193000,13,103.02,103.84,3.579,95.2381,83668000000,127.3921,24.112,42.5152,54138.331,48463.03,1.6634,66758.264,58819.2609,28.1,96.1905,93,92,93,3.5,91.9,81.8122,97.32695000000001,5,95.928,4.1,0.075,4,3.6,4.4,67.1448,2.6,87197,0,100,97.7036,99.9726,97.4644,97.4964,12.0709,75.4717,0.1,13.2,3,6,97.4937,36,6.586,2.26,99.0476,16.5281,7.4,2.1388,5496.7905,95.7143,0.9991,1.0055,1.0101,7,4.09985,11.28,99.7487,89.8812,3.832,3.832,7.044,7.165,96.1165,14.04,43912615,116081577,2.6434676459145052,17231624,6.736543055953403,2.54837356014732,37377,1174.856596302539,3105.6954009150013,99.52889,17.597712217169583,2548.37356014732,1174.856596302539
Netherland,2019,53.5125,237738.6,0.1341,9.1013,193000,13,105.773,106.64,3.831,95.7143,63550000000,124.2188,28.405,42.5293,53755.165,49254.0159,1.6321,67847.8543,62345.2538,29.2,96.6667,94,92,94,3.5,93.3,82.1122,97.94669999999999,5,95.928,4,0.079,4,3.6,4.4,66.8289,2.6,109003,0,100,97.6944,99.9714,97.4677,97.4997,11.3641,75.4717,0.1,13.4,3,6,97.4971,31.3333,6.692,2.3,98.0952,18.7758,8.6,2.1844,5592.1216,95.7143,1.0001,1.0065,1.0111,7,4.256,11.05,99.6507,91.076,3.379,3.379,6.604,6.735,96.6184,13.29,45916002,123442571,2.6884433666502585,17344874,7.116948269557911,2.6472375642509713,37377,1228.4560558632313,3302.6345346068438,101.04458,17.642324263504225,2647.2375642509714,1228.4560558632313
Netherland,2020,53.8224,236729.5,0.1254,8.1352,193000,13,106.943,107.58,2.914,96.1905,52034000000,118.2596,23.21,42.6667,53529.218,47086.5804,-4.4005,64862.1922,62596.6302,26,97.1429,94,93,94,3.5,91.3,81.3585,98.4182,4,95.928,4,0.068,4,3.6,4.4,66.667,2.6,67598,0,100,97.6858,99.9703,97.468,97.5,10.8892,73.5849,0,14.4,3,6,97.4975,33.3333,7.7364,-3.877,96.6667,26.5576,10.7,2.3218,5799.2754,94.7619,0.998,1.0083,1.0158,6,4.673,11.06,99.0925,91.076,3.82,3.82,8.875,9.106,98.0676,12.01,27300782,85414861,3.128659867691702,17441500,4.897219906544735,1.5652771837284638,37377,730.4166198464296,2285.2251652085506,101.8947,17.12242594106257,1565.2771837284638,730.4166198464296
Netherland,2021,54.1991,235921.3,0.1217,8.3451,193000,13,109.966,114.52,6.251,97.1429,105703000000,146.6429,26.329,42.9461,60380.434,49780.844,5.7219,68573.5649,68573.5649,25.7,96.1905,95,93,93,3.5,92.1,81.3098,99.10470000000001,5,95.928,4,0.08,4,3.6,4.4,66.7672,2.6,106416,0,100,97.6778,99.9691,97.468,97.5,10.8892,78.3019,0.1,14.5,3,6,97.4976,39.3333,7.7645,6.278,96.1905,33.1481,12.2,2.2688,6003.8662,94.7619,0.998,1.0083,1.0158,6,4.09985,11.5,96.9359,91.076,4.209,4.209,9.331,9.324,96.6184,11.87,31720384,101094277,3.1870445515413683,17533044,5.765928437754448,1.8091772312896723,37377,848.660513149798,2704.7188645423657,101.79378,17.272470092109973,1809.1772312896724,848.660513149798
Netherland,2022,54.4456,235921.3,0.1053,7.5121,193000,13,122.746,127.28,8.797,96.6981,69280000000,146.6429,29.097,43.5643,59540.881,51777.5432,4.011,71324.0361,77152.2238,25.7,95.283,93,88,89,3.5,92.5,81.6146,97.2736,4,95.928,4,0.08,4,3.6,4.4,66.0351,2.6,224472,0,100,97.6702,99.9679,97.468,97.5,10.8892,70.7547,0.1,14.5,3,6,97.4977,40.6667,6.9225,5.007,96.6981,33.1481,12.2,2.2553,6319.1753,93.3962,0.998,1.0083,1.0158,6,4.09985,11.5,96.9359,91.076,3.526,3.526,7.643,7.633,97.5845,11.43,46000256,132638265,2.883424496594106,17700982,7.493271559736065,2.5987403410726024,37377,1230.7102228643284,3548.6600048157957,104.63277,17.644157541394282,2598.7403410726024,1230.7102228643284
Netherland,2023,54.6265,235921.3,0.0973,6.8731,193000,13,127.8,128.72,6.027,96.2264,113786000000,146.6429,29.097,43.2644,64829.341,51305.6282,-0.9114,70673.9689,78305.2888,25.7,95.7547,92,86,89,3.5,97,81.9146,97.2736,4,95.928,4,0.08,4,3.6,4.3,66.0351,2.6,144558,0,100,97.6702,99.9679,97.468,97.5,10.8892,68.7204,0.1,14.5,3,6,97.4977,40,6.9225,0.073,97.1698,33.1481,12.2,2.2553,6319.1753,94.3396,0.998,1.0083,1.0158,6,4.09985,11.5,96.9359,91.076,3.537,3.537,8.268,8.249,96.5686,10.01,49403791,142272461,2.879788334462025,17877117,7.958355981000739,2.7635211538862783,37377,1321.7698317146908,3806.417342215801,102.78897,17.71553774034577,2763.521153886278,1321.7698317146908
Poland,2000,46.3835,363879.4,0.4407,8.1816,390000,9,118.137,119.134,4.967,73.4043,-10343000000,17.589826,32.853,0.046183999999999996,4499.122,7401.577,5.755,18566.3546,10718.9105,38,69.3989,98,99,97,8.1,7.29,73.7488,94.2675,7,82.8656,18.6,1.12,9.3,8.4,10.2,57.0778,5.8,-15921,0,99.1592,87.5745,91.9585,78.1955,88.99185,25.7908,59.2593,2.2,11.8,4,6,86.0057,13.0435,3.607,4.26,72.8261,2.9907,6.9,0.6408,1441.9775,69.1542,0.9857,0.9856,0.9855,6,19.264,17.03,99.5525,51.9318,14.928,14.928,32.934,33.565,81.0945,32.58,14560133,48793823,3.3511934952791984,38258629,1.2753677869638245,0.3805712170187803,311929,46.67771512106922,156.42605528822264,97.24292,16.493797803987167,380.57121701878026,46.67771512106922
Poland,2001,45.3559,361803.1,0.4308,8.0984,388000,9,124.635,123.423,3.979,71.09370000000001,-5946000000,18.0784,32.234,0.046183999999999996,5003.492,7494.9609,1.2617,18800.6019,11176.4716,38,67.9427,98,95,97,7.6,9.9,74.2,94.2675,6,83.1922,16.6,1.17,8.8,8,9.6,57.2126,5.4,-16648,0,99.1592,88.2568,91.9585,78.2021,89.0575,26.0449,65.34395,2.2,11.8,4,6,86.6799,20.2174,3.9864,1.205,71.00765,3.2126,7.3,0.6216,1467.7906,68.40795,0.9893,0.9837,0.9791,6,16.71,17.24,101.9251,46.5437,18.435,18.435,39.98,41.201,80.84575,30.6,14230486,45946117,3.228710319521062,38248076,1.2012660976724685,0.37205756441186744,311929,45.620913733573985,147.2967149575705,109.14024,16.470897192951963,372.0575644118674,45.620913733573985
Poland,2002,44.4836,355235.1,0.4128,7.9126,378000,9,127.003,124.411,4.114,68.7831,-5544000000,20.657,34.255,0.3183,5221.833,7640.9931,1.9484,19166.9137,11841.2684,38,66.4865,99,98,98,7.3,21.2,74.4976,94.2675,5,83.4257,17.2,1.1,8.4,7.6,9.2,57.5394,5.2,-16462,0,99.1592,88.9354,91.9585,78.2087,89.08335,26.5399,71.4286,2.2,11.8,4,6,87.3504,20.2174,4.2444,1.443,69.1892,3.0487,7.5,0.5567,1483.3439,67.6617,0.9915,0.9807,0.9723,6,16.976,17.38,103.9457,42.7366,20.211,20.211,42.91,44.13,80.597,30.6,14174159,44211584,3.1191680578720753,38230364,1.15645208086431,0.37075657976994414,311929,45.440337384468904,141.73604890856572,103.24891,16.46693114656293,370.75657976994415,45.440337384468904
Poland,2003,43.6609,366458.1,0.4156,8.2528,393000,9,127.936,126.526,3.578,69.8413,-5473000000,26.9992,35.727,0.5124,5718.727,7915.5542,3.5933,19855.6318,12330.4727,38,67.5676,99,97,97,7,24.9,74.5976,96.8453,5,83.5456,16.5,1.2,8.1,7.3,8.8,57.3704,5,-19039,0,99.1592,89.5947,91.9585,78.10495,89.10915,27.039798999999995,65.3266,2.2,11.8,4,6,88.0019,20.2174,4.0827,3.523,71.3513,2.5536,7.3,0.5381,1533.1975,65.1741,0.994,0.9757,0.9618,6,16.264,17.1,102.8279,43.5306,19.899,19.899,42.297,43.257,79.1045,31.16,14644254,45347845,3.0966305965466048,38204570,1.1869743593502033,0.38331157764633916,311929,46.947395080290704,145.37874003378974,89.7623,16.499558666345717,383.3115776463392,46.947395080290704
Poland,2004,42.9286,373754.1,0.3982,8.3147,396000,9,132.463,132.093,4.073,58.1281,-15271000000,37.6884,35.729,2.2948,6715.106,8323.3877,5.1523,20878.6545,13414.8574,38,67.1642,99,98,97,6.7,32.5,74.8463,97.7262,4,83.674,16.9,1.14,7.8,7,8.5,56.9898,4.8,-38216,0,99.1592,90.2563,91.9585,77.98495,89.13505,27.039798999999995,50.9709,2.2,11.8,4,6,88.6737,20.2174,3.959,5.091,73.1343,3.1241,7.3,0.5525,1595.83,61.5385,0.9945,1.0046,1.0129,6,15.769,17.67,105.2233,44.867,18.822,18.822,39.674,40.51,82.2115,34.17,15745691,46657127,2.963167954966219,38182222,1.221959450133625,0.41238278379922466,311929,50.478445415463135,149.5761118716118,88.53606,16.57207736201193,412.3827837992247,50.478445415463135
Poland,2005,42.283,375606.5,0.3852,8.308,395000,10,135.39,133.017,3.875,61.9512,-10153000000,44.9155,34.065,2.4792,8046.3,8598.5768,3.3062,21568.9477,13935.5573,35.8,66.1765,99,98,98,6.5,38.8,74.9951,97.9304,4,85.054,16,1.19,7.6,6.8,8.2,57.2531,4.6,-41942,0,99.1592,90.9202,91.9585,77.86495,89.09764999999999,27.039798999999995,56.7961,0.9,11.8,4,6,89.3497,20.4348,3.9791,3.261,72.549,3.4568,7.2,0.5628,1629.6029,62.6794,0.9944,0.9942,0.9939,6,14.534,17.8,103.2337,49.0427,17.592,17.592,36.574,37.419,78.3654,30.81,16597202,48618414,2.9293138686870233,38165445,1.2738856837644628,0.434875107574404,311929,53.208268548291436,155.86371898733367,99.35397,16.624744745154164,434.875107574404,53.208268548291436
Poland,2006,41.6702,395712.5,0.3783,8.6712,410000,10,137.01,134.88,3.779,63.4146,-16090000000,55.6339,36.064,7.6466,9065.1,9137.6585,6.2694,22921.1976,15208.1266,34.7,64.3902,99,98,99,6.3,44.6,75.1439,97.9304,4,85.1622,15.1,1.17,7.3,6.6,8,57.1426,4.4,-68882,0,99.1574,91.5867,92.3434,77.7449,89.01355,27.039798999999995,55.0725,0.7,11.8,4,6,90.0297,20.4348,4.0026,6.202,71.5686,3.2618,7.2,0.551,1563.4587,62.201,0.9946,0.9902,0.9868,6,14.288,17.16,101.9495,59.5449,13.794,13.794,29.536,29.678,73.5577,30.37,17512115,51234965,2.9256868744866056,38141267,1.3432947835739175,0.459138260928773,311929,56.14134947375845,164.2520092713406,101.55557,16.678403542192136,459.13826092877304,56.14134947375845
Poland,2007,41.1182,404601.3,0.3539,8.6641,411000,10,140.397,140.275,5.195,63.5922,-28745000000,70.3816,37.124,10.9783,11271.071,9760.7043,6.8184,24484.0657,16833.8523,34,66.0194,99,98,98,6,48.6,75.2439,97.9304,3,85.2407,16.4,0.89,7,6.3,7.6,57.7611,4.2,-51235,0,99.1556,92.2555,92.73,77.6248,89.24225000000001,27.039798999999995,70.0483,0.5,11.8,4,6,90.7136,20.4348,4.0929,6.76,73.7864,3.8048,7.3,0.5619,1614.0013,62.6794,0.9935,0.9914,0.9897,6,12.043,15.77,102.363,71.2881,9.551,9.551,21.392,21.509,73.0769,31.44,18947160,54953722,2.9003672318173277,38120560,1.4415769862772216,0.4970325724490931,311929,60.7418995989472,176.17381519512452,104.37136,16.757164662965845,497.0325724490931,60.7418995989472
Poland,2008,40.7089,407249.5,0.3331,8.5128,403000,10,146.492,144.904,4.581,70.8738,-36164000000,85.604,36.131,11.7452,14052.295,10187.2018,4.3695,25553.9058,18372.3765,33.5,67.4757,99,98,98,5.7,53.1,75.5439,97.9304,3,85.5218,16.6,0.92,6.7,6,7.3,58.5445,4,-42288,0,99.1537,92.9267,93.1182,77.5047,89.471,27.039798999999995,77.8846,0.2,11.8,4,6,91.4015,20.2174,4.5399,4.384,74.7573,4.6706,8,0.5994,1626.3818,66.8269,0.9912,0.9932,0.9948,6,11.14,17.12,100.5825,77.8798,7.069,7.069,17.098,17.225,75.9615,31.28,19556102,56645518,2.896564867579439,38125759,1.4857544999956591,0.51293672605967,311929,62.6940810248486,181.59747250175522,112.74305,16.788797969592554,512.93672605967,62.6940810248486
Poland,2009,40.2461,378559.2,0.3114,8.1607,385000,10,152.037,149.976,3.16,70.3349,-17527000000,68.5517,35.512,14.7255,11562.706,10446.5289,2.5456,26204.4104,19290.1205,33.4,68.8995,99,98,98,5.4,59,75.6951,97.9304,3,85.6187,13.3,0.93,6.3,5.7,6.9,58.9623,3.8,-8283,0,99.1519,93.6003,93.5083,77.38465,89.554,27.039798999999995,81.5166,0.4,11.8,4,6,92.0935,20,4.7264,2.615,78.9474,6.1582,8.8,0.6611,1608.4432,67.7725,0.9904,0.9938,0.9965,6,12.094,19.23,104.0373,73.9557,8.131,8.131,20.472,20.596,80.0948,30.13,19353712,55020067,2.8428689545447408,38151603,1.4421429946206978,0.5072843728217659,311929,62.04524747618849,176.38650782710167,95.56533,16.778394845337154,507.2843728217659,62.04524747618849
Poland,2010,40.1427,402892,0.3193,8.6577,403000,10,155.975,154.625,4.151,71.9048,-24633000000,80.2133,35.631,15.3785,12574.314,10808.3976,3.464,27112.1334,20993.2496,33.2,70.8134,99,98,98,5.1,62.3,76.2463,97.9304,3,87.2621,12,0.88,6,5.4,6.5,59.5459,3.6,119623,0,98.4269,94.2763,93.235,77.2645,89.58715000000001,26.9665,84.3602,0.3,11.8,4,6,92.7895,20,4.6149,3.169,81.3397,7.4036,9.5,0.7262,1697.0281,68.7204,0.9918,0.9932,0.9943,6,12.591,18.66,101.6581,69.664,9.578,9.578,23.576,23.6,80.0948,32.18,20461496,55794467,2.7268029180271083,38042794,1.4666237974003697,0.5378547117228035,311929,65.59664539045744,178.8691240634888,103.96306,16.834055482966594,537.8547117228035,65.59664539045744
Poland,2011,40.6039,406456.5,0.3011,8.5887,403000,10,162.567,161.738,4.669,71.564,-27043000000,94.7634,35.916,18.2475,13867.857,11370.3134,5.1989,28521.6613,22808.5055,33.2,70.1422,99,98,98,4.9,62,76.6951,97.9304,2,87.4035,12.8,0.71,5.7,5.2,6.2,60.2633,3.4,45951,0,97.699700000000007,94.9547,92.9518,77.14435,89.94659999999999,26.5458,85.782,0.3,11.8,4,6,93.4895,23.6957,4.4652,5.255,78.673,8.3911,10.4,0.7522,1679.9008,72.77,0.9961,0.9947,0.9936,6,13.267,18.08,99.3051,68.0907,9.576,9.576,25.529,25.619,80.2817,31.63,21476616,57148253,2.6609524051647617,38063255,1.501402152811156,0.5642348769173839,311929,68.85097570280416,183.20916939431729,101.64055,16.882475319856738,564.234876917384,68.85097570280416
Poland,2012,41.1813,397844.5,0.2901,8.3992,396000,10,168.625,165.619,3.842,72.9858,-20375000000,93.0949,34.998,18.008,13087.206,11542.2353,1.512,28952.9157,23728.1457,33,70.6161,99,97,98,4.7,62.3,76.7463,97.9304,2,87.4781,11.1,0.69,5.4,4.9,5.9,60.8362,3.2,4635,0,96.9697,95.635,92.657,77.02414999999999,90.30735,24.1305,86.2559,0.2,11.8,4,6,94.193,23.6957,4.3749,1.512,79.1469,10.7619,10.9,0.89,1752.079,73.2394,1.0017,0.9953,0.99,6,13.531,18.57,97.433,66.9346,10.031,10.031,26.312,26.437,82.6291,31.72,22635388,62014890,2.739731697994309,38063164,1.6292626120098685,0.594679622534795,311929,72.56583389168689,198.81091530444428,101.29097,16.935025124478766,594.679622534795,72.56583389168689
Poland,2013,41.9188,390916.1,0.284,8.2825,391000,10,170.509,166.779,3.191,72.9858,-10222000000,102.967,35.432,18.3774,13613.905,11628.2287,0.745,29168.6242,24433.8914,33.1,70.6161,99,96,98,4.5,62.8,77,96.9469,2,86.8152,10.8,0.63,5.2,4.7,5.7,61.843,3.1,12402,0,96.2372,96.318,92.3521,77.80799999999999,90.6147,23.1892,81.5166,0.4,11.8,4,6,94.9008,23.6957,4.5553,0.684,80.5687,10.7619,11.4,0.8848,1868.313,74.1784,1.0018,0.9806,0.9643,6,14.085,18.25,98.1134,66.0198,10.293,10.293,27.156,27.287,79.3427,29.8,23401138,62959452,2.6904440288331277,38040196,1.6550769612228076,0.6151687020750366,311929,75.02071945859474,201.83904670614146,100.49053,16.968295254357006,615.1687020750365,75.02071945859474
Poland,2014,42.806,372170.3,0.2624,7.9593,378000,10,170.688,165.111,2.813,72.5962,-16106000000,110.5102,36.346,18.9046,14263.456,12093.1623,3.9983,30334.8787,25459.7392,32.8,74.5192,98,96,97,4.3,66.6,77.6024,96.7676,2,86.9823,10.4,0.58,5,4.6,5.5,63.1614,3,5525,0,95.5021,97.0037,92.0369,78.64185,90.84344999999999,23.4338,76.1905,0.4,11.8,4,6,95.6128,24.3478,4.4946,3.92,81.25,12.8767,11.6,0.9508,2054.7476,78.3654,1.0022,0.9799,0.9619,6,13.716,17.37,98.3713,70.3975,8.971,8.971,23.73,23.837,82.266,27.3,25083978,66579589,2.6542675567647205,38011735,1.7515535399791669,0.6599008963942319,311929,80.41566510327671,213.44469093928427,100.92313,17.037739913457646,659.9008963942318,80.41566510327671
Poland,2015,43.8363,380241.2,0.2539,8.0489,381000,10,169.111,164.285,2.79,74.7619,-6350000000,100,37.429,18.9868,12622.572,12637.522,4.5014,31700.3682,26995.3409,31.8,74.2857,98,96,96,4.2,68,77.4512,96.5392,2,88.1634,9.3,0.44,4.9,4.4,5.3,63.5086,2.9,3887,0,94.7646,97.6921,91.7114,79.48134999999999,91.13624999999999,22.414,74.7619,0.4,11.8,4,6,96.3292,27.3913,4.4402,4.432,79.5238,14.1941,11.9,1.0042,2158.3784,76.1905,1.0016666666666667,0.9811666666666666,0.9632,6,11.841,15.85,100,74.7022,7.475,7.475,20.684,20.738,81.7734,26.39,26942056,71234421,2.6439860788649536,37986412,1.8752605800200346,0.7092550883721264,311929,86.37239884717356,228.36742015009827,100,17.109199080894264,709.2550883721264,86.37239884717356
Poland,2016,45.028,417364.7,0.2553,8.3409,381000,10,167.965,165.6,2.932,75.7143,-5070000000,102.3567,38.126,19.1513,12455.033,13026.1859,3.0755,32675.3052,28359.6927,31.2,72.381,98,95,96,4.1,73.3,77.8512,95.8775,2,88.0514,9.7,0.49,4.8,4.3,5.2,62.8334,2.8,-5675,0,94.0267,98.3831,91.3784,80.3264,92.02785,21.2485,63.3333,0.2,11.8,4,6,97.0497,27.3913,4.5251,3.031,79.5238,13.9912,11.3,0.9682,2304.0076,71.4286,1.0011333333333332,0.9824333333333334,0.9669,6,11.544,13.81,100.3633,78.8265,6.141,6.141,17.589,17.636,74.3842,26.06,30108308,79393860,2.6369419364249893,37970087,2.090958074444233,0.7929480909538079,311929,96.52295233851294,254.52542084897524,95.43804,17.220311738136903,792.9480909538079,96.52295233851294
Poland,2017,46.3552,466884.2,0.2531,8.6952,381000,10,171.272,169.077,3.326,73.8095,-6309000000,117.6975,38.187,19.9532,13917.705,13695.6453,5.1393,34354.5988,30170.2819,29.7,71.9048,96,93,94,4,76,77.7537,96.0364,2,88.1113,9.1,0.51,4.6,4.2,5.1,62.5312,2.8,-21535,0,93.2895,98.7966,91.0381,82.28684999999999,93.6802,22.2632,64.2857,0.3,11.8,4,6,97.4989,28.0435,4.5309,5.152,76.1905,14.4485,11.1,1.0379,2994.8567,64.2857,1.0006,0.9837,0.9675,6,10.585,13.25,98.8233,82.6636,4.867,4.867,14.763,14.813,72.4138,26.65,31989344,83880915,2.6221517702895065,37974826,2.2088558088455756,0.8423828986076197,311929,102.55328616447974,268.9102808651969,97.76757,17.280913436567598,842.3828986076197,102.55328616447974
Poland,2018,47.7613,378382.4,0.2378,8.6785,381000,10,172.87630999999993,170.937,3.579,73.3333,-11680000000,132.3647,39.52,20.5314,15658.061,14551.085,6.2461,36500.4114,32345.1066,30.2,71.9048,95,91,93,3.9,77.5,77.6024,98.1449,2,88.1674,9.2,0.79,4.5,4.1,4.9,62.5755,2.8,-223,0,92.5535,98.9554,90.6906,84.40225000000001,95.12190000000001,22.4094,62.7358,0.2,11.8,4,6,97.6994,28.0435,4.4876,6.246,78.5714,12.9783,15.1,1.2061,3079.4924,64.2857,0.9886,0.9802,0.9717,6,9.974,13.47,98.09,86.3752,3.835,3.835,11.682,11.727,70.8738,23.31,33895930,88860463,2.6215673386155802,37974750,2.339988097354163,0.8925912612986261,311929,108.66552965578705,284.87400337897407,97.20146,17.33880553564804,892.5912612986261,108.66552965578705
Poland,2019,49.2108,375311.1,0.2153,8.2202,381000,10,172.87630999999993,171.36364999999998,3.831,71.4286,-1664000000,133.8843,41.151,20.5043,15869.042,15221.3091,4.606,38181.623,35882.3655,28.8,70.4762,95,90,93,3.8,80.4,77.9049,100.9779,2,88.1674,9.4,1.17,4.4,4,4.8,61.9799,2.7,7696,0,91.8197,98.9575,90.336,85.37275,95.38755,18.7702,65.566,0.1,11.8,4,6,97.7478,28.6957,4.6115,4.581,80.4762,15.9761,15.6,1.3233,3159.0659,63.3333,0.987,0.9793,0.9711,6,9.573,13.7,98.6642,87.7429,3.267,3.267,9.832,9.87,69.5652,21.17,35668091,93342738,2.6169816040897733,37965475,2.458621629256581,0.939487547567889,311929,114.3468257199555,299.2435393951829,97.14947,17.389767065576407,939.487547567889,114.3468257199555
Poland,2020,50.5227,374164.1,0.2091,7.8335,381000,9,172.87630999999993,171.36364999999998,2.914,72.381,14648000000,137.5199,41.404,21.9256,15963.102,14937.596,-1.8639,37469.9481,36714.1687,28.5,64.2857,94,90,92,3.8,83.2,76.4,109.43525799999996,3,88.1674,9.4,1.54,4.4,4,4.8,62.0323,2.7,3920,0,91.0888,98.9575,89.6192,86.2114,95.64035,17.9583,62.2642,0.1,11.8,4,4,97.8032,28.6957,4.6708,-2.036,76.1905,18.3995,16.1,1.3861,3260.155,67.619,0.9637,0.9805,0.9864,8,10.136,13.88,100.8456,87.7429,3.155,3.155,10.831,10.871,66.1836,19.4,17878969,51377168,2.873609099048161,37899070,1.3556313650968217,0.47175218283720416,311929,57.317431210307475,164.7078918600066,97.08325,16.699135719786355,471.75218283720415,57.317431210307475
Poland,2021,51.509,372943.7,0.2133,8.7571,381000,9,172.87630999999993,171.36364999999998,6.251,68.0952,-8943000000,169.6977,39.613,22.8166,18591.612,16368.624,9.58,41059.5848,41059.5848,28.5,61.4286,94,89,91,3.8,85.4,75.3512,109.43525799999996,2,88.1674,9.4,1.22,4.4,3.9,4.8,61.6676,2.7,2251,0,91.04459800000001,98.9574,88.9062,86.73435,95.83494999999999,17.9583,61.3208,0.1,12.2,4,4,97.86,28.3224,4.6424,6.927,75.7143,17.46,15.2,1.4318,3558.2046,64.2857,0.9637,0.9805,0.9864,8,12.445,13.67,98.469,87.7429,3.268,3.268,11.808,11.849,63.7681,21.71,22198972,62837520,2.8306499958646736,36981559,1.6991582209933334,0.6002713947240569,311929,71.16674627880063,201.44815005978924,96.4424,16.91555658451116,600.2713947240569,71.16674627880063
Poland,2022,52.3066,372943.7,0.1985,8.617,381000,9,172.87630999999993,171.36364999999998,8.797,68.3962,-15915000000,169.6977,39.766,23.8373,18859.803,17303.6449,5.7123,43405.0216,46077.3856,28.5,61.7925,94,90,91,3.7,86.9,77.1561,109.43525799999996,2,88.1674,9.4,1.22,4.4,3.9,4.8,61.5948,2.5,659112.76,0,91.04459800000001,98.9571,88.9145,87.37540000000001,95.96495,17.9583,61.7925,0.1,11.8,4,4,97.918,28.2609,4.6841,5.255,74.5283,17.46,15.2,1.4538,3721.072,64.1509,0.9637,0.9805,0.9864,8,10.5,13.67,98.469,87.7429,2.811,2.811,10.55,10.584,65.7005,22.04,34249004,89953799,2.626464670330267,36821749,2.4429529135077206,0.9301297447875168,311929,109.79743467263384,288.3790830605683,97.34539,17.349168071155628,930.1297447875168,109.79743467263384
Poland,2023,53.0402,372943.7,0.1793,7.8203,381000,9,172.87630999999993,171.36364999999998,6.027,68.8679,14416000000,169.6977,41.764,26.114,22030.583,17391.1441,0.5057,43624.5074,46570.4703,28.5,66.5094,94,90,91,3.7,86.4,78.5073,109.43525799999996,2,88.1674,9.4,1.22,4.4,3.9,4.8,61.5948,2.4,-7824,0,91.04459800000001,98.9571,88.9145,87.37540000000001,95.96495,17.9583,63.981,0.1,11.8,4,4,97.918,29.3478,4.6841,0.139,76.4151,17.46,15.2,1.4538,3721.072,65.0943,0.9637,0.9805,0.9864,8,10.236,13.67,98.469,87.7429,2.743,2.743,11.152,11.197,67.6471,20.83,36239201,92797861,2.5607038356060885,36687353,2.52942372266541,0.9877845643429222,311929,116.17772313571358,297.49674124560397,105.00568,17.405652019029063,987.7845643429222,116.17772313571358
Portugal,2000,48.1871,110727.6,0.1785,6.2597,82500,9,73.181,74.66,4.967,84.5745,-12810000000,44.1503,21.887,0.2446,11531.467,18822.0933,3.0891,35069.8275,18879.0582,38.8,80.8743,96,58,87,5.5,16.4,76.3146,93.8002,9,90.8837,19.4,0.32,7.2,6.4,7.9,54.9607,3.4,60586,0,99.2297,97.5359,93.6589,51.068,55.842803,13.9603,94.709,0.9,20.4,6,6,53.6184,17.3913,5.9982,3.816,78.8043,30.2989,20.1,0.7216,1633.8157,85.0746,0.957611,1.0109,1.0667,6,8.62,7.5,104.1497,89.086,3.806,3.806,8.245,8.254,92.0398,32.8,11098727,41955769,3.780232543786328,10289898,4.077374625093466,1.0786041805273483,89103,124.56064330045004,470.8681974793217,96.87728,16.222341065121505,1078.6041805273483,124.56064330045004
Portugal,2001,48.3793,107731.3,0.1731,6.1434,81900,9,76.408,77.58,3.979,84.87985,-12707000000,43.7957,22.641,0.9592,11734.855,19053.0899,1.2273,35500.2266,19530.6785,38.8,83.13985,97,70,90,5.1,18.1,76.8146,93.8002,9,91.0948,21.5,0.37,6.6,6,7.2,55.3496,3.2,55565,0,99.2164,97.6666,93.6934,51.2513,55.842803,13.8496,94.97355,0.9,20.4,6,6,53.7503,18.6957,6.0541,1.944,82.10485,34.5783,20.8,0.7648,1717.3018,86.8159,0.9832,1.0196,1.0571,6,8.737,8.71,103.6762,88.5199,3.829,3.829,8.954,8.963,91.5423,31,10907349,41339937,3.790099409123152,10362722,3.9892932571191237,1.0525563650168364,89103,122.41281438335409,463.9567354634524,98.81904,16.20494743187984,1052.5563650168363,122.41281438335409
Portugal,2002,48.7004,110800.4,0.1832,6.5164,86000,9,79.236,80.7,4.114,85.1852,-11292000000,47.0653,28.343,2.5025,12927.547,19095.1102,0.2205,35578.52,20356.6473,38.8,85.4054,98,82,93,4.7,19.4,77.0659,93.8002,9,91.2357,21.2,0.32,6.1,5.5,6.6,55.8576,3,42169,0,99.2047,97.7952,93.7278,51.4346,55.842803,13.69,95.2381,0.9,20.4,6,6,53.8793,19.1304,6.3255,0.771,85.4054,22.1008,18.3,0.7218,1827.5988,88.5572,0.9614,1.0053,1.0497,6,9.758,12.33,104.6136,86.5077,4.497,4.497,10.448,10.456,91.0448,31.21,11378960,41811198,3.674430527921708,10419631,4.012733080470892,1.0920693832631885,89103,127.7056889218096,469.24568196357023,100.04406,16.247276681967072,1092.0693832631885,127.7056889218096
Portugal,2003,49.0173,109473.3,0.1714,6.02,80700,9,81.801,82.54,3.578,83.0688,-10958000000,57.6918,27.079,4.8022,15793.822,18846.5412,-1.3017,35115.3795,20852.2404,38.8,83.7838,99,94,96,4.3,29.7,77.2195,93.8002,8,91.3212,19.4,0.35,5.5,5,6,55.8143,2.8,24740,0,99.1944,97.922,93.7634,51.6179,55.8613,13.4897,95.9799,0.9,20.4,6,6,54.0064,19.1304,6.4421,-0.931,86.4865,38.4914,22.1,0.698,1939.0876,88.5572,0.957611,1.0175,1.0912,6,10.294,11.78,102.3473,82.0412,6.132,6.132,13.492,13.504,93.0348,32.5,11283270,41583232,3.6853883670248075,10458821,3.975900534104179,1.0788281011788996,89103,126.63176324029494,466.6872271416226,101.35588,16.23883174426696,1078.8281011788995,126.63176324029494
Portugal,2004,49.3735,115023.9,0.1731,6.1734,83800,9,83.854,84.66,4.073,84.7291,-15062000000,65.0118,30.054,7.9987,18055.962,19137.8371,1.5456,35658.1298,21478.4297,38.9,81.0945,95,94,95,3.9,31.8,77.6707,93.8002,8,91.5007,19.1,0.26,5,4.6,5.5,55.7653,2.6,13928,0,99.1856,98.0471,93.8003,52.9781,58.3185,13.2565,79.6116,0.5,19.4,6,6,56.0172,19.1304,6.7264,1.789,84.0796,27.9183,19.9,0.7293,1975.6442,87.9808,0.957611,1.0195,1.1061,6,10.248,10.55,101.4887,81.3756,6.319,6.319,14.048,14.05,92.3077,32.34,11711926,41722947,3.5624326007524294,10483861,3.9797310361135083,1.1171386190641024,89103,131.44255524505348,468.25524393118076,101.64561,16.276118282240308,1117.1386190641024,131.44255524505348
Portugal,2005,49.6804,111124.9,0.1804,6.4728,85800,9,85.64,86.81,3.875,81.4634,-18918000000,69.3048,29.124,11.0963,18790.508,19251.7146,0.595,35870.3093,22725.2775,38.5,82.8431,93,94,93,3.7,35,78.0707,93.8002,8,92.0684,17.7,0.23,4.7,4.2,5.1,55.7093,2.4,15537,0,99.1782,98.1704,93.8382,54.4443,60.8,12.9985,80.5825,0.5,18.5,6,6,58.1002,21.3043,6.8442,0.782,87.7451,18.5658,18.1,0.7576,2013.3271,87.5598,0.957611,1.0192,1.0998000000000001,6,11.091,11.31,98.3875,78.0616,7.582,7.582,16.217,16.22,91.8269,31,12257430,43265082,3.5297025559191444,10503330,4.119177632236633,1.1670041786747631,89103,137.5647284603212,485.56257365071883,101.2876,16.321642923285072,1167.0041786747631,137.5647284603212
Portugal,2006,49.8486,113013.2,0.1648,5.9965,81000,9,88.248,89,3.779,80.9756,-21419000000,78.7189,31.43,13.5278,19840.493,19529.3121,1.4419,36387.5365,24682.5646,38.1,78.5366,97,97,97,3.4,38,78.4195,93.8002,8,92.1476,16.1,0.2,4.4,4,4.8,56.1941,2.2,16754,0,99.1723,98.2921,93.8775,56.0162,63.306,12.5977,79.2271,0.1,18.1,6,6,60.2543,21.3043,5.9343,1.625,80.8824,33.0084,22.3,0.9545,2344.866,79.4258,0.957611,1.0133,1.0888,6,10.61,11.39,97.544,77.7558,7.649,7.649,16.502,16.503,90.3846,32.19,13046832,45521904,3.489115518617853,10522288,4.326236271046754,1.239923484322041,89103,146.42416080266656,510.8908117571799,101.88847,16.3840559802886,1239.923484322041,146.42416080266656
Portugal,2007,49.9502,111316.6,0.1567,5.8322,78800,9,90.386,91.44,5.195,81.5534,-23138000000,95.3794,30.814,14.4788,22813.754,19979.5706,2.3056,37226.4702,25738.9369,36.8,78.6408,97,97,95,3.3,42.1,78.322,93.8002,8,92.124,13.1,0.19,4.2,3.8,4.5,57.2905,2.1,21064,0,99.1678,98.4121,93.9178,57.6941,65.8365,12.0295,76.8116,0.3,18.5,6,6,62.4777,28.2609,5.8019,2.507,83.4951,35.0772,23.1,1.1242,2674.3872,82.2967,0.957611,1.005,1.0743,6,11.157,12.61,97.2058,77.1657,7.965,7.966,16.727,16.73,90.3846,33.08,14044161,47964609,3.4152705170497546,10542964,4.549442547655479,1.3320884904852184,89103,157.61715093767887,538.3052085788357,101.86855,16.457717351379095,1332.0884904852185,157.61715093767887
Portugal,2008,50.1335,109653.6,0.1509,5.6268,76100,9,92.783,92.21,4.581,81.5534,-31181000000,103.7969,31.32,15.481,24946.304,20014.4749,0.1747,37291.5048,26665.8373,36.6,82.5243,97,97,97,3.2,44.1,78.5244,93.8002,9,92.2701,12.1,0.12,4,3.6,4.4,58.1622,2.1,9478,0,99.1647,98.5303,93.9594,59.4778,68.3914,11.4411,81.25,0.1,17.9,6,6,64.7688,28.2609,5.9896,0.319,82.5243,32.933,23.2,1.4433,3827.1655,83.6538,0.957611,0.9977,1.0582,6,10.231,13.03,93.8447,77.7538,7.553,7.553,16.663,16.663,89.4231,34.67,14400260,47328837,3.286665449096058,10558177,4.4826712982743135,1.3638964378036094,89103,161.61363814910834,531.169960607387,100.9207,16.482756889381974,1363.8964378036094,161.61363814910834
Portugal,2009,50.4568,100715.4,0.1537,5.5485,72900,12,91.945,92.08,3.16,81.8182,-25310000000,80.315,34.402,18.0766,23126.079,19371.1319,-3.2144,36092.8109,26458.1097,34.9,83.2536,96,96,95,3.1,48.3,78.7268,93.8002,9,92.3392,12,0.17,3.9,3.5,4.3,58.448,2.1,14532,0,99.1631,98.6469,94.0019,61.3673,70.9708,10.98,72.9858,0.2,17.9,6,6,67.126,27.3913,6.4639,-3.122,79.4258,37.8755,24.9,1.58,3768.6157,83.4123,0.9661,1.003,1.0432,6,11.207,13.01,97.9452,72.5056,9.432,9.432,20.308,20.309,86.7299,37.18,14088295,44364742,3.1490497608120784,10568247,4.197928189982691,1.3330777564150422,89103,158.11246534909037,497.9040211889611,100.44973,16.46085493972678,1333.0777564150421,158.11246534909037
Portugal,2010,50.8406,97425.35,0.1376,5.0502,68900,12,93.224,94.33,4.151,81.4286,-24478000000,89.7532,35.712,20.1036,22570.36,19698.6837,1.6909,36703.1141,27295.1036,35.8,78.9474,98,97,96,3,53.3,79.0268,93.8002,10,93.1048,11.2,0.17,3.8,3.4,4.2,58.7608,2.1,-5627,0,99.1628,98.7618,94.1239,63.3627,73.574700000000007,10.7936,71.09,0.1,18,6,6,69.5478,27.3913,6.6732,1.738,74.6412,53.1557,27.8,1.5353,3923.7554,82.9384,0.9701,0.9984,1.028,6,11.438,13.58,96.3036,68.8864,10.771,10.771,22.753,22.754,83.8863,38.2,14502561,45035005,3.105313951101464,10573100,4.259394595719326,1.3716470098646565,89103,162.76175886333795,505.4263605041357,99.72093,16.489835881438196,1371.6470098646564,162.76175886333795
Portugal,2011,51.3182,91807.19,0.1351,4.8823,67700,12,96.538,97.63,4.669,81.5166,-14977000000,108.3021,26.153,21.2468,23224.224,19389.6396,-1.5689,36127.2949,26803.2337,36.3,76.7773,97,97,97,3,55.3,80.4707,93.8002,10,93.4788,10.8,0.15,3.7,3.4,4.1,59.2624,2.1,-31513,0,99.1639,98.875,94.2446,65.464,76.2029,11.5158,69.6682,0.5,17.9,6,6,72.0327,28.6957,6.2769,-1.714,71.09,47.063,27.2,1.4574,4166.1489,80.2817,0.9713,0.9947,1.0185,6,12.552,12.27,94.6793,60.6318,12.682,12.682,30.261,30.257,84.507,39.28,14849806,46857858,3.1554525358782466,10557560,4.438322680619385,1.4065566286149451,89103,166.65887792779142,525.8841789838726,100.42092,16.51349742649553,1406.556628614945,166.65887792779142
Portugal,2012,51.8476,87598.3,0.1364,4.7484,65800,12,99.218,99.67,3.842,79.6208,-3225000000,105.5284,27.902,22.7408,20574.028,18679.7627,-3.6611,34804.6333,26476.2183,36,79.1469,98,98,97,3,60.3,80.3732,93.8002,10,93.4714,8,0.11,3.7,3.3,4,60.4005,2.1,-37083,0,99.1663,98.9866,94.3637,67.6712,78.8557,10.1152,70.6161,0.7,18.7,6,6,74.5791,28.6957,5.9159,-4.051,75.3555,43.7843,25.5,1.3786,4032.3357,82.6291,0.9713,0.9853,0.9988,6,13.909,13.5,94.3463,51.0202,15.531,15.531,37.917,37.917,81.2207,38.38,14645363,46781091,3.1942595755393706,10514844,4.449052311189781,1.3928274161746954,89103,164.3644209510342,525.0226255008249,100.73591,16.499634392834377,1392.8274161746954,164.3644209510342
Portugal,2013,52.452,85439.91,0.1333,4.6182,64000,12,99.654,99.84,3.191,79.1469,3477000000,114.0806,27.605,24.5103,21642.244,18597.7214,-0.4392,34651.7718,27966.0874,36.2,83.8863,98,98,98,2.9,62.1,80.722,93.8002,10,92.9706,7.9,0.24,3.6,3.3,4,60.9749,2.1,-36342,0,99.1701,99.0965,94.4524,69.9842,81.5329,9.7683,68.7204,0.9,19.5,6,6,77.185,31.3043,5.8582,-0.984,75.3555,59.2374,30.2,1.3247,3605.7583,83.0986,0.9649,0.9759,0.9848,6,14.071,12.5,95.8503,50.026,16.188,16.188,38.086,38.098,82.6291,38.36,15901257,49888259,3.137378321726389,10457295,4.7706657409970745,1.5205898848602817,89103,178.4592774654052,559.894268430917,99.80564,16.581908783557534,1520.5898848602817,178.4592774654052
Portugal,2014,53.0685,84069.65,0.131,4.5978,63900,12,99.495,99.57,2.813,79.3269,789000000,115.9608,31.838,27.4622,22086.991,18836.8968,1.286,35097.4097,28764.5255,35.6,79.3269,98,98,98,2.9,64.6,81.122,93.8002,11,93.1288,8.5,0.28,3.6,3.3,4,62.243,2.1,-26447,0,99.1752,99.2049,94.5389,72.403,84.2345,9.5058,74.2857,0.5,19.5,6,6,79.8493,31.3043,5.7683,0.741,74.0385,61.369,30.5,1.2899,3658.3623,84.1346,0.9583,0.9682,0.9762,6,12.282,14.23,97.0977,55.5616,13.897,13.897,34.754,34.774,82.7586,39.52,17902297,54979437,3.071082833672126,10401062,5.28594455066223,1.7211989506456167,89103,200.91688270877523,617.0323894818356,99.51065,16.70043964245926,1721.1989506456166,200.91688270877523
Portugal,2015,53.5462,87596.19,0.1399,5.0083,68200,12,100,99.86,2.79,78.0952,1004999999.9999999,100,30.374,30.3,19173.726,19215.7813,2.0114,35803.3575,29615.9561,35.5,85.2381,98,98,98,2.9,68.6,81.1244,93.8002,11,93.3654,8.3,0.23,3.6,3.3,4,62.7196,2.1,-3209,0,99.1816,99.3116,94.6233,74.9278,86.9606,9.6425,78.0952,0.5,19,6,6,82.5703,34.7826,5.7454,1.59,79.0476,48.6663,27.2,1.2433,3724.6001,82.381,0.9625,0.9669,0.9695,6,11.269,13.25,100,59.6157,12.447,12.447,31.947,31.953,84.7291,37.24,19780195,59419938,3.0040117400258186,10358076,5.7365806159367825,1.909639879066344,89103,221.99246938935838,666.8679842429548,100,16.800191793108734,1909.639879066344,221.99246938935838
Portugal,2016,54.1064,95531.19,0.134,4.9083,68200,12,100.636,100.74,2.932,78.5714,2930000000,100.5919,32.248,32.6259,19914.852,19662.8231,2.3264,36636.2977,31589.2696,35.2,84.7619,98,98,98,2.9,70.4,81.1244,93.8002,12,94.133,7.4,0.19,3.6,3.2,4,62.0861,2.1,-775,0,99.1893,99.4167,94.7057,77.5584,89.7111,8.8377,79.5238,0.4,18.3,6,6,85.3466,34.7826,5.7845,2.004,76.1905,55.5233,29,1.2808,3992.1096,82.8571,0.9649,0.9699,0.9733,6,10.552,11.38,100.8849,64.4927,11.068,11.068,27.95,27.953,86.2069,36.64,21916899,66014226,3.012024009418486,10325452,6.393349753599164,2.122609160354433,89103,245.9726271842699,740.875458738763,100.58133,16.902768586685198,2122.6091603544332,245.9726271842699
Portugal,2017,54.7787,96137.87,0.1415,5.3691,68200,12,102.202,102.37,3.326,79.5238,3276000000,112.8676,30.435,34.6016,21352.268,20364.1964,3.567,37943.1152,32970.8395,33.8,86.6667,98,98,98,2.9,73.8,81.4244,93.8002,13,94.2358,8,0.31,3.6,3.2,3.9,62.7634,2,13979,0,99.1982,99.5203,94.786,80.2948,92.4861,9.2552,88.5714,0.4,17.3,6,6,88.1767,34.7826,5.6894,3.315,79.0476,40.901,24.4,1.3193,4348.1089,83.3333,0.9668,0.9744,0.9803,6,9.337,12.1,99.543,70.5,8.869,8.869,23.869,23.87,88.67,35.26,24557197,72035786,2.9333879595460344,10300300,6.993561935089269,2.384124442977389,89103,275.60460366093173,808.455225974434,100.45834,17.016515566786808,2384.1244429773888,275.60460366093173
Portugal,2018,55.4001,89020.75,0.1274,4.9856,68200,12,103.395,103.02,3.579,79.0476,1822000000,124.188,32.163,36.6543,23436.023,20997.7745,3.1112,39123.6149,34896.7993,33.5,85.2381,99,98,99,2.9,74.7,81.3244,93.8002,14,94.2258,9,0.35,3.5,3.2,3.9,62.7932,2,22495,0,99.2083,99.6101,94.8641,82.932,95.0561,9.026,89.1509,0.3,17.2,6,6,90.8383,34.7826,5.7566,2.946,79.0476,51.3733,27.5,1.3496,4614.4004,84.2857,0.9741,0.9861,0.9958,6,8.373,11.83,98.8356,75.683,6.994,6.994,20.305,20.305,87.8641,30.85,25866422,74407596,2.8766095287550786,10283822,7.235402946492073,2.5152537646023045,89103,290.29799221126115,835.0739705733814,99.95656,17.068456276337876,2515.2537646023047,290.29799221126115
Portugal,2019,56.0598,88618.36,0.1129,4.5379,68200,12,103.705,103.4,3.831,76.6667,1874000000,121.8291,36.967,38.3606,23192.2,21569.1874,2.7213,40188.2868,37865.5604,32.8,84.2857,99,98,99,2.8,75.3,81.6756,93.6993,15,94.2258,8.2,0.32,3.5,3.1,3.8,62.8405,1.9,63031,0,99.2196,99.6451,94.9403,83.7126,95.2734,7.9826,87.2642,0.1,16.2,6,6,91.3155,38.6957,5.782,2.746,77.619,54.2392,28.2,1.3956,4859.2173,83.8095,0.9791,0.9931,1.0046,6,8.02,12.66,99.2048,77.9561,6.464,6.464,18.279,18.269,88.4058,28.59,27895078,77594254,2.781646783708581,10286263,7.543483381671264,2.711876801127873,89103,313.06553090243875,870.8377271247882,99.07703,17.14396085130651,2711.876801127873,313.06553090243875
Portugal,2020,56.7408,88707.31,0.1079,3.9746,68200,12,103.579,103.1,2.914,76.6667,-1580000000,111.7163,35.85,40.1215,22093.25,19778.7138,-8.3011,36852.2285,35966.7128,34.7,80.4762,99,99,99,2.7,78.3,81.3293,96.3383,14,94.2258,8.2,0.34,3.4,3,3.7,62.8429,1.8,54076,0,99.2321,99.6634,95.0144,84.4933,95.4645,8.4524,83.4906,0.5,18.4,6,6,91.7683,40,6.7742000000000004,-8.205,75.2381,59.6287,31.3,1.6139,5131.4399,85.2381,0.9883,0.9973,1.0046,6,9.143,12.08,98.7267,77.9561,6.801,6.801,22.494,22.466,89.372,31.39,10995396,30157800,2.742766154124872,10297081,2.928771755801474,1.067816791962693,89103,123.40096293054106,338.459984512306,98.74719,16.212987288640655,1067.816791962693,123.40096293054106
Portugal,2021,57.3226,88781.27,0.0978,3.7795,68200,12,104.554,105.97,6.251,77.1429,-1699000000,136.5771,33.238,41.5146,24618.869,20747.6991,4.8991,38657.6677,38657.6677,34.6,80,99,99,98,2.7,82.3,81.378,100.6038,19,94.2258,8.2,0.33,3.3,3,3.6,62.9627,1.7,69606,0,99.2457,99.6623,95.0866,85.2739,95.6261,8.4524,81.1321,0.2,16.4,6,6,92.1942,40,6.9791,5.559,73.3333,64.9062,32.3,1.6705,5430.9365,84.2857,0.9883,0.9973,1.0046,6,7.74,11.52,97.6012,77.9561,6.577,6.577,23.474,23.432,89.372,30.46,15132460,42444419,2.804859157070298,10361831,4.0962276840840195,1.4604040540711385,89103,169.83109435148086,476.35230014702086,96.92138,16.53235272951023,1460.4040540711385,169.83109435148086
Portugal,2022,57.9535,88781.27,0.0922,3.7855,68200,12,113.026,116.36,8.797,75.9434,-5203000000,136.5771,38.247,42.937,24558.6,22042.8682,6.2425,41070.8614,44557.2811,34.6,80.1887,99,99,98,2.6,84.5,81.6317,103.0689,16,94.2258,8.2,0.33,3.2,2.9,3.5,63.0171,1.7,68696,0,99.2604,99.6613,95.1567,86.2904,95.8861,8.4524,74.5283,0.2,16.4,6,6,92.7561,36.9565,6.5305,6.986,75,64.9062,32.3,1.7018,5686.6543,83.9623,0.9883,0.9973,1.0046,6,7.832,11.52,97.6012,77.9561,6.011,6.011,19.054,19.035,89.372,29.3,27337455,76947985,2.814745739864958,10434332,7.374500351340172,2.6199525757853976,89103,306.80734655398805,863.5846716721098,96.47581,17.12376833445512,2619.9525757853976,306.80734655398805
Portugal,2023,58.7432,88781.27,0.0823,3.4194,68200,12,118.976,118.56,6.027,74.0566,1603000000,136.5771,37.751,44.1116,27394.2,22292.4218,1.1321,41535.8364,47331.0983,34.6,80.1887,99,99,98,2.6,85.8,82.2805,103.0689,15,94.2258,8.2,0.33,3.2,2.9,3.5,63.0171,1.6,29102,0,99.2604,99.6613,95.1567,86.2904,95.8861,8.4524,70.6161,0.2,16.4,6,6,92.7561,36.087,6.5305,2.613,75.4717,64.9062,32.3,1.7018,5686.6543,83.4906,0.9883,0.9973,1.0046,6,7.855,11.52,97.6012,77.9561,6.509,6.509,20.3,20.268,88.2353,27.18,30813122,84886830,2.7548922176727175,10578174,8.02471485154243,2.9128961198785346,89103,345.8146414823294,952.6820645769503,96.42437,17.243451228629716,2912.8961198785346,345.8146414823294
Romania,2000,47.3029,124929.1,0.2922,4.3407,137000,8,57.771249999999995,58.80199999999999,4.967,45.020534999999995,-972000000,17.589826,26.797,0.046183999999999996,2690.16352,5044.8712510000005,2.5939,15731.428205999999,7812.012241,39.6,46.9945,99,98,98,14.252999999999997,6.8092,71.1634,86.6301,36.58999999999992,73.5603,12.4,4.27,17.17099999999998,15.217999999999984,18.976999999999975,48.657189,7.805999999999995,-92451,0,100,75.869202,81.652,78.1955,88.99185,20.4022,38.678611000000004,7.211999999999989,24.6,6,4,46.925307000000004,10.7246,3.3359,2.921,59.376455,28.4553,16.4,0.3663,926.2375,48.2587,0.9876,1.0113,1.0242,8,17.469,12.81,91.3413,77.7232,6.969,6.969,17.993,17.806,63.6816,44.61,4920128,17646675,3.5866292502959274,22442971,0.7862896137948937,0.21922801575602446,238398,20.638293945419004,74.02190874084513,83.41911,15.40884530763696,219.22801575602446,20.638293945419004
Romania,2001,46.8137,135254.4,0.2977,4.7173,145000,8,57.771249999999995,58.80199999999999,3.979,45.020534999999995,-1285000000,18.8033,28.456,0.046183999999999996,2690.16352,5044.8712510000005,6.6967,15847.5196,7812.012241,39.6,48.3621,99,98,98,14.252999999999997,6.8092,71.161,86.6301,36.58999999999992,74.1024,13,4.44,17.17099999999998,15.217999999999984,18.976999999999975,48.657189,7.805999999999995,-91154,0,100,75.869202,81.609,78.2021,89.0575,20.5727,48.14815,7.211999999999989,24.6,6,4,46.925307000000004,10.7246,3.4899,5.218,59.376455,27.7039,13.4,0.3913,897.2122,48.2587,0.9838,1.01,1.0231,8,16.6,12.15,91.2739,78.3793,6.561,6.562,17.802,17.635,62.18905,45.29,4874777,18121688,3.7174393823553364,22131970,0.8188013990620808,0.22025951598524668,238398,20.448061644812455,76.01442965125547,83.73953,15.399585122915639,220.25951598524668,20.448061644812455
Romania,2002,46.2024,135901.1,0.2789,4.7583,144000,8,57.771249999999995,58.80199999999999,4.114,45.020534999999995,-1231000000,22.9005,33.246,0.0726,2690.16352,5248.5499,7.6559,17060.785,7812.012241,39.6,49.7297,98,99,98,14.252999999999997,6.8092,71.0098,89.8249,36.58999999999992,74.3601,11.6,4.2,17.17099999999998,15.217999999999984,18.976999999999975,48.657189,7.805999999999995,-106585,0,100,75.869202,81.5886,78.2087,89.08335,20.8398,63.4921,7.211999999999989,24.6,6,4,46.925307000000004,10.7246,3.6798,5.703,59.376455,29.3213,14.4,0.3772,928.2531,48.2587,0.9818,1.0109,1.0246,8,21.274,14.1,93.1984,72.821,8.112,8.112,22.704,22.223,60.6965,41.39,4847476,17276804,3.564082421449843,21730496,0.7950487646485381,0.22307249682657956,238398,20.333543066636466,72.47042340959236,83.21606,15.393968921373919,223.07249682657957,20.333543066636466
Romania,2003,45.5991,142988.7,0.284,4.9948,147000,10,60.75,64.84,3.578,45.020534999999995,-2703000000,29.1481,33.217,0.9082,2690.16352,5410.3084,3.082,17586.5922,7812.012241,39.6,47.027,97,98,97,14.252999999999997,8.9,71.3098,88.7652,35,74.8478,11.8,4.08,17.17099999999998,15.217999999999984,18.976999999999975,48.657189,7.805999999999995,-107139,0,100,75.869202,81.626,78.10495,89.10915,21.126,57.7889,7.211999999999989,24.6,6,4,46.9349,10.7246,4.4619,2.341,59.376455,24.0515,15.7,0.3971,966.7492,48.2587,0.9815,1.011,1.0246,8,19.332,13.44,94.3491,76.3946,6.95,6.95,19.686,19.524,58.086149999999996,41.5,5056693,17844583,3.5289037716942673,21574326,0.8271212273328956,0.2343847497252058,238398,21.21113851626272,74.85206671196906,78.42563,15.436223468047402,234.38474972520578,21.21113851626272
Romania,2004,45.0713,147526.7,0.252,4.9214,147000,10,67.951,70.778,4.073,45.020534999999995,-5690000000,38.8699,28.882,0.4871,3487.699,6008.6405,11.0591,19531.5134,8990.5474,39.6,51.2438,97,99,97,14.252999999999997,15,71.561,86.5223,32,75.3885,12.3,3.82,17.17099999999998,15.217999999999984,18.976999999999975,48.657189,7.805999999999995,-117432,0,100,75.869202,81.6631,77.98495,89.13505,21.3544,47.5728,7.211999999999989,24.6,6,4,48.0652,11.4458,4.0428,10.428,60.199,29.2342,17.3,0.3894,988.6599,48.2587,0.9855,1.0091,1.0205,8,21.365,12.66,97.5067,73.212,7.719,7.719,23.161,22.325,60.0962,41.65,5638517,18500550,3.281102105394025,21451748,0.862426222795457,0.26284650556215744,238398,23.651695903489124,77.6036292250774,79.56222,15.545131822987772,262.84650556215746,23.651695903489124
Romania,2005,44.7235,149071.6,0.2382,4.9008,144000,10,74.064,76.948,3.875,48.7805,-8624000000,45.6928,31.687,1.7776,4608.801,6328.0902,5.3165,20569.9075,9602.1663,39.6,46.0784,97,98,97,14.252999999999997,21.5,71.9122,79.6935,30,77.0631,13.3,3.51,17.17099999999998,15.217999999999984,18.976999999999975,48.657189,7.805999999999995,-131176,0,100,75.869202,81.7001,77.86495,89.09764999999999,21.4477,48.5437,7.211999999999989,24.6,6,4,49.2439,11.1782,4.4098,4.668,59.376455,34.0213,18.5,0.4126,1077.5564,48.2587,0.9866,1.0085,1.019,8,20.809,12.19,97.4434,75.5063,7.174,7.174,20.554,20.246,61.0577,39.76,5805096,18372988,3.164975738557984,21319685,0.8617851530170356,0.27228807555083484,238398,24.350439181536757,77.06854923279558,94.69657,15.574246882707511,272.28807555083483,24.350439181536757
Romania,2006,44.6925,157252.3,0.2339,5.2296,147000,10,78.945,80.702,3.779,49.2683,-12825000000,53.5653,33.687,5.1817,5744.634,6876.7784,8.6707,22353.4575,11556.5345,39.6,49.756100000000004,97,99,95,14.2,24.7,72.1634,79.0171,27,77.7304,13.2,3.1,16.6,14.8,18.4,48.657189,7.7,-132777,0,100,75.869202,81.7372,77.7449,89.01355,21.2993,49.7585,7.211999999999989,24.6,6,4,51.1681,11.1782,4.0209,8.029,64.7059,29.2835,17.4,0.4568,900.566,50.7177,0.9892,1.004,1.0112,8,19.894,12.82,98.6562,74.4576,7.27,7.27,21.747,21.436,62.9808,37.63,6216028,18991695,3.055278225902457,21193760,0.8960984270841984,0.2932951963219363,238398,26.07416169598738,79.66381848841014,101.40398,15.642641836398402,293.2951963219363,26.07416169598738
Romania,2007,44.866,166600.6,0.2108,5.1277,150000,10,82.762,85.997,5.195,51.4563,-23707000000,66.8178,32.547,9.3538,8273.885,7483.9738,8.8296,24327.1892,13703.2036,37.5,44.674551,96,99,97,12.9,28.3,72.5659,75.9194,25,78.3438,14.4,2.64,15.1,13.4,16.7,49.8822,6.9,-133089,0,100,76.3391,81.7743,77.6248,89.24225000000001,20.9454,50.2415,5.3,23.6,6,4,53.1384,9.3939,4.0907,7.234,66.9903,25.9489,18.2,0.5115,897.7436,52.1531,0.9909,0.9971,1,8,19.327,11.49,98.0974,76.5357,6.413,6.413,20.649,20.142,61.0577,35.88,6971925,20593349,2.9537536620086993,20882982,0.986130668503186,0.3338567739032673,238398,29.244897188734804,86.38222216629335,109.48302,15.757402071681613,333.8567739032673,29.244897188734804
Romania,2008,45.1708,165115.8,0.1897,5.1301,145000,10,89.255,91.415,4.581,52.9126,-24694000000,81.7477,34.34,12.1504,10446.423,8318.0034,11.1442,27038.2619,16782.1173,36.4,44.674551,96,97,96,11.9,32.4,72.5659,83.6334,25,78.7527,15.5,2.73,14,12.4,15.5,51.0961,6.3,-135666.92,0,100,77.2228,81.8114,77.5047,89.471,20.523,50.4808,4.1,22.1,6,4,55.1794,11.3772,4.0732,9.307,67.4757,26.5176,20.4,0.5522,932.8017,53.8462,0.9834,0.9924,0.9964,8,18.559,11.7,97.3801,78.5283,5.787,5.788,19.24,18.596,62.0192,35.52,7125307,20725981,2.908784281154482,20537875,1.0091589806637737,0.3469349677120929,238398,29.888283458753847,86.93856911551272,102.80867,15.779163511254858,346.93496771209294,29.888283458753847
Romania,2009,45.6558,139004.8,0.1633,4.2069,124000,10,94.239,95.758,3.16,48.8038,-8107000000,66.948,36.398,13.6687,8540.592,7924.8706,-4.7263,25760.3557,16632.0803,35.6,44.674551,95,95,96,11.1,36.6,73.3098,96.0352,25,79.1627,14,2.59,13.1,11.6,14.5,51.7328,5.8,-135666.92,0,100,78.1034,81.8484,77.38465,89.554,20.1691,56.872,3.1,21.6,6,4,57.2922,11.3772,4.1521,-5.517,70.3349,27.279,22.1,0.4439,933.3851,56.872,0.985,0.9937,0.9977,8,19.59,12.21,98.283,75.4607,6.859,6.859,21.46,20.755,60.1896,34.69,6141135,17325410,2.8212065033580926,20367487,0.8506405331202617,0.3015165788494182,238398,25.760010570558478,72.67430934823278,94.81992,15.630520299296569,301.5165788494182,25.760010570558478
Romania,2010,46.1712,135985.7,0.1653,4.116,119000,10,100,103.398,4.151,45.2381,-8738000000,81.8205,36.279,14.6854,8392.775,7660.7067,-3.3334,24901.6721,17356.7037,35.5,51.1962,94,98,95,10.5,39.9,73.4585,94.3809,23,82.0892,12,2.53,12.4,11,13.7,50.5584,5.5,-122364,0,100,78.9812,81.8855,77.2645,89.58715000000001,20.0207,54.0284,4.2,22.3,6,4,59.4782,11.3772,4.5059,-3.906,73.2057,33.881100000000004,24.1,0.4467,964.5253,58.2938,0.9837,0.9889,0.9914,8,16.605,13.2,98.965,74.4826,6.959,6.959,22.193,22.108,59.2417,36.6,6072757,16051135,2.643138034339263,20246871,0.7927711397973544,0.29993558016940003,238398,25.47318769452764,67.32915125126888,98.95221,15.619323425575942,299.93558016940005,25.47318769452764
Romania,2011,46.685,142980.9,0.1705,4.4577,125000,10,105.795,106.637,4.669,45.9716,-9098000000,104.0274,31.845,16.1875,9547.264,8044.5719,5.0108,26149.4535,18803.8802,35.9,48.8152,89,96,93,10,40,74.4098,109.43525799999996,20,82.6055,10.4,2.48,11.8,10.5,13,49.9609,5.3,-102769,0,100,79.8559,81.9226,77.14435,89.94659999999999,21.3632,53.5545,5.4,22.9,6,4,61.7385,11.2121,3.3554,4.496,73.9336,26.572,21.1,0.4746,789.8751,57.7465,0.9823,0.9857,0.9872,8,17.47,12.12,99.72,72.81,7.177,7.177,24.075,23.908,58.6854,32.74,7031606,17979439,2.5569463078562706,20147528,0.8923893293509755,0.34900589293138096,238398,29.49523905401891,75.41774259851174,101.23327,15.765925829413378,349.00589293138097,29.49523905401891
Romania,2012,47.0859,136231,0.1632,4.3687,121000,10,109.328,111.93,3.842,45.020534999999995,-8318000000,95.455,30.828,17.5675,8918.587,8234.2855,2.3583,26766.131,19807.4163,36.5,49.2891,91,96,94,9.5,45.9,74.4122,87.7817,19,82.6937,10.4,2.22,11.2,10,12.4,48.7307,5.1,-37589,0,100,80.6924,81.9266,77.02414999999999,90.30735,19.425,48.8152,6.2,23,6,4,64.0429,13.3495,3.4658,1.904,68.7204,25.7383,21.5,0.4624,891.5999,57.7465,0.9811,0.9872,0.99,8,16.807,12.6,99.1941,74.292,6.794,6.794,22.818,22.556,58.086149999999996,33.57,7653373,19091379,2.494505233182807,20058035,0.9518070439103332,0.38156145405070835,238398,32.10334398778513,80.08195958019782,97.04129,15.850657154322263,381.56145405070833,32.10334398778513
Romania,2013,47.3962,129654.5,0.1477,3.9792,112000,10,113.703,113.686,3.191,47.8673,-2128000000,108.6802,30.582,18.8919,9482.448,8287.9584,0.6518,26940.5986,19678.1444,36.9,59.2417,92,96,92,8.9,49.8,75.0634,86.0835,18,82.9895,9.7,2.16,10.5,9.4,11.6,49.387,4.9,-34910,0,100,81.5138,81.9161,77.80799999999999,90.6147,17.8711,54.0284,6.6,24.6,6,5,66.4124,13.3495,4.1247,0.279,71.564,34.8117,23.1,0.3902,923.6951,58.6854,0.9824333333333333,0.9896333333333334,0.9877,8,16.959,12.23,98.56,72.9862,7.096,7.096,24.029,23.727,58.086149999999996,32.81,7918535,19301768,2.4375428030563735,19983693,0.9658759269370281,0.39624983230076644,238398,33.21561003028549,80.96447117844949,99.8421,15.884716898219173,396.24983230076646,33.21561003028549
Romania,2014,48.046,127005.9,0.1409,3.967,112000,10,114.926,114.627,2.813,51.9231,-643000000,115.0665,30.729,20.114,10025.886,8661.474,4.5067,28154.7374,20632.9794,36,62.0192,94,94,89,8.3,54.1,74.9098,87.4238,18,83.1085,10,1.93,9.9,8.8,10.9,50.4647,4.7,-35448,0,100,82.3359,81.9056,78.64185,90.84344999999999,17.9898,48.5714,7,24.6,6,5,68.8624,13.5135,3.9661,4.116,70.6731,42.0262,24.3,0.3821,904.7574,64.9038,0.9837666666666667,0.9920666666666667,0.9957,8,17.013,11.33,98.1202,73.132,6.802,6.802,24.374,24.021,60.5911,33.55,8444030,20230245,2.395804491457278,19908979,1.0161367391065106,0.42413174477706767,238398,35.41988607286974,84.85912214028642,100.61493,15.948970359189465,424.13174477706764,35.41988607286974
Romania,2015,48.9573,129030,0.1389,4.0519,113000,10,114.241,113.542,2.79,51.9048,-1156000000,100,31.535,21.449,8951.798,8977.0175,3.6431,29180.434,21630.4644,35.9,56.6667,89,90,86,7.7,55.8,74.9122,85.9244,18,85.0607,10,1.95,9.2,8.2,10.1,51.1969,4.3,-35751,0,100,83.1654,81.9019,79.48134999999999,91.13624999999999,17.4955,54.2857,5.3,24.6,6,5,71.4004,13.7157,3.8527,3.157,70,40.0863,23.7,0.488,876.41010000000006,61.4286,0.9851,0.9945,1.0004,8,18.084,11.52,100,74.9257,6.812,6.812,22.038,21.661,63.5468,31.5,9898557,23445286,2.3685559420428652,19815616,1.1831722011569057,0.4995331459794134,238398,41.52114111695568,98.34514551296571,100,16.107899647930214,499.5331459794134,41.52114111695568
Romania,2016,49.8907,135884.6,0.1323,3.9942,113000,10,112.465,112.936,2.932,51.4286,-3864000000,104.8504,32.417,22.4983,9379.115,9286.8768,3.4517,30187.6537,23905.2501,34.4,49.5238,89,90,86,7.1,59.5,75.2098,87.0945,17,83.5344,10.3,1.91,8.5,7.6,9.4,50.8458,3.9,-33073,0,100,84.0018,81.9056,80.3264,92.02785,16.5983,55.2381,3.2,23.6,6,5,74.0277,13.7157,3.9719,2.86,69.0476,42.2055,24.4,0.4886,910.4485,67.1429,0.9875,0.9937,0.9976,8,17.382,10.31,100.21,76.8855,5.901,5.901,21.03,20.603,65.5172,31.44,10917232,25274649,2.3151151317476812,19702267,1.2828294835310068,0.5541104483052636,238398,45.794142568310136,106.01871240530541,97.86578,16.20585310789441,554.1104483052636,45.794142568310136
Romania,2017,50.9129,136504.5,0.1271,4.1751,113000,10,113.977,116.686,3.326,51.4286,-6706000000,116.7772,30.088,24.1489,10717.275,10106.227,8.8227,32851.0097,26943.4324,36,49.0476,82.47,92,86,6.5,63.7,75.2098,84.3236,17,83.7532,10.6,1.95,7.9,7.1,8.6,51.1174,3.6,-33081,0,100,84.8436,81.9158,82.28684999999999,93.6802,17.0446,48.5714,3.3,23.5,6,5,76.7443,20.6687,4.0777,8.195,68.5714,38.324,23.4,0.5069,887.7469,67.1429,0.9867,0.9972,1.0037,8,15.154,10.1,98.0504,79.8945,4.927,4.927,18.732,18.32,67.4877,31.7,12056173,26915573,2.232513833369843,19588715,1.3740346418843707,0.6154652308740006,238398,50.571619728353426,112.90184061946829,95.55146,16.305087451831962,615.4652308740007,50.571619728353426
Romania,2018,51.9746,121700,0.1215,4.2616,113000,10,119.254,120.491,3.579,48.0952,-11221000000,131.4629,30.063,25.9702,12473.519,10788.0151,6.7462,35067.2106,29586.4998,35.8,46.6667,86,93,90,6,70.7,75.3585,84.0922,15,84.1076,10.2,1.75,7.3,6.6,7.9,51.4648,3.3,-33018,0,100,85.6906,81.9334,84.40225000000001,95.12190000000001,17.172,49.0566,2.7,23.8,6,5,79.5517,20.6687,4.3973,6.121,67.1429,41.044,23,0.4973,876.1713,63.3333,0.9915,0.9981,1.0025,8,14.517,10.22,98.0409,82.4514,4.187,4.187,16.612,16.239,65.534,29.34,12815999,28461153,2.220751811856415,19473970,1.461497219108379,0.6581092093702516,238398,53.75883606406094,119.3850325925553,96.03734,16.366204948290278,658.1092093702516,53.75883606406094
Romania,2019,53.0183,120368.5,0.1143,4.1892,113000,10,123.816,125.367,3.831,47.1429,-12206000000,126.8608,34.193,27.0606,12962.103,11270.4758,4.4722,36635.4835,33638.686,34.8,44.674551,88,90,90,5.6,73.7,75.6073,86.3091,14,84.1076,10.3,1.76,6.8,6.2,7.4,50.5834,3.2,-27909,0,100,86.5416,81.9577,85.37275,95.38755,15.0073,63.6792,2.2,23.4,6,5,82.11,21.8845,4.5794,3.923,66.1905,42.0319,23.5,0.4762,887.4661,63.8095,0.9903,0.9982,1.0033,8,14.657,9.17,98.5447,82.8946,3.912,3.912,17.147,16.765,64.2512,31.56,13277449,29889894,2.2511774663943354,19371648,1.5429711504152874,0.6854062700292717,238398,55.694464718663745,125.37812397755015,96.63067,16.401577665502444,685.4062700292717,55.694464718663745
Romania,2020,54.1194,120197.5,0.1107,3.9296,113000,10,127.092,127.959,2.914,51.4286,-12793000000,116.7062,35.134,29.3141,13056.738,10916.3126,-3.1424,35484.2508,34386.0117,34.6,44.674551,87,87,87,5.4,78.5,74.2537,84.2831,16,84.1076,10.3,1.88,6.6,6,7.1,51.2333,3.1,-13202,0,100,87.3957,81.9888,86.2114,95.64035,14.8502,62.7358,1.4,22.5,6,5,84.5194,21.8845,4.9857,-3.674,62.8571,44.5646,24.1,0.4654,942.3205,62.8571,0.9906,0.9994,1.005,8,14.754,9.74,100.1222,82.8946,5.035,5.035,17.586,17.337,65.7005,31.78,10042590,14454464,1.4393163516582874,19265250,0.7502868636534693,0.5212800249153268,238398,42.12531145395515,60.631649594375794,96.7429,16.122345706663193,521.2800249153267,42.12531145395515
Romania,2021,54.8586,119829.6,0.1114,4.205,113000,10,133.506,138.436,6.251,51.4286,-20624000000,144.2105,35.791,31.695,14935.34,11607.9771,6.3361,37732.5555,37732.5555,33.9,46.1905,86,86,86,5.3,83.6,72.8098,68.5338,20,84.1076,10.3,1.92,6.5,6,7.1,51.2225,3.1,-17731,0,100,88.2523,82.027,86.73435,95.83494999999999,14.8502,64.1509,1.8,21.2,6,5,86.9744,18.541,4.8942,5.546,61.9048,44.8574,23.6,0.4723,988.6769,62.381,0.9906,0.9994,1.005,8,18.015,9.62,99.2667,82.8946,5.59,5.59,21.149,21.038,64.2512,32.37,10042590,22422471,2.232737869414165,19122059,1.1725971036905596,0.5251835066506175,238398,42.12531145395515,94.05477814411195,96.24131,16.122345706663193,525.1835066506176,42.12531145395515
Romania,2022,55.1136,119829.6,0.1013,3.9889,113000,10,151.93,161.099,8.797,55.6604,-28273000000,144.2105,32.487,33.2116,15592.939,12114.8715,4.3668,39380.2518,42217.9936,33.9,52.3585,85,85,83,5.4,85.5,75.1537,78.7717,13,84.1076,10.3,1.92,6.6,6,7.2,51.2589,3.2,89076,0,100,88.2842,82.0723,87.37540000000001,95.96495,14.8502,58.9623,1.8,21.2,6,5,87.5769,19.0909,4.465,3.965,63.6792,44.8574,23.6,0.4588,998.7255,62.2642,0.9906,0.9994,1.005,8,17.518,9.62,99.2667,82.8946,5.614,5.614,22.871,22.793,63.285,32.49,12374615,26614221,2.1507110322220124,19048502,1.397181836135986,0.6496371735688192,238398,51.90737757867096,111.63776961216118,98.57351,16.33115783563455,649.6371735688192,51.90737757867096
Romania,2023,55.3509,119829.6,0.0921,3.7133,113000,10,167.726,171.36364999999998,6.027,56.1321,-23244000000,144.2105,33.991,34.6617,18412.783,12399.0008,2.3453,40303.8343,45777.0387,33.9,46.6981,82.47,78,78,5.4,89.2,76.6073,78.7717,12,84.1076,10.3,1.92,6.6,6,7.2,51.2589,3.3,-27780,0,100,88.2842,82.0723,87.37540000000001,95.96495,14.8502,56.3981,1.8,21.2,6,5,87.5769,19.0909,4.465,2.404,63.2075,44.8574,23.6,0.4588,998.7255,64.1509,0.9906,0.9994,1.005,8,16.639,9.62,99.2667,82.8946,5.589,5.592,21.693,21.801,62.2549,32.69,13665729,29205568,2.13713940910141,19059479,1.5323382134422456,0.717004331545474,238398,57.323169657463566,122.50760492957156,101.24273,16.430401797066366,717.0043315454741,57.323169657463566
Slovakia,2000,44.9705,55023.13,0.4219,7.735,49000,10,61.524,63.34,4.967,62.234,-639000000,17.589826,30.747,0.0759,3836.286,8997.2121,0.9258,18335.6561,11367.5696,27.1,74.8634,99,98,98,8.1,9.43,73.0512,85.7391,8,82.7703,15.1,1.07,9.6,8.6,10.6,53.7023,5,-831,0,97.9809,99.8249,92.1796,78.365,89.6948,21.3868,70.8995,0.1,13.3,3,4,84.7361,14,4.6391,0.789,69.0217,15.967,3.7,0.6381,1850.5131,60.6965,0.9867,1.0084,1.0187,9,23.524,14.28,105.876,47.2849,18.546,18.546,36.611,36.617,72.6368,38.74,2780030,10464075,3.764015136527304,5388720,1.941847971317864,0.5158980240205466,49035,56.69480982971347,213.40012236157847,75.6491001,14.837972636683784,515.8980240205466,56.69480982971347
Slovakia,2001,43.7474,59656.63,0.4127,7.8026,51600,10,65.919,67.5,3.979,59.15935,-1709000000,17.589826,30.573,0.0759,3975.697,9277.358,3.1137,18906.5729,12368.6582,27.1,72.29655,99,99,99,7.8,12.5,73.4024,85.7391,8,82.9491,15.1,0.94,9.3,8.4,10.3,54.1006,4.8,-860,0,97.9794,99.8324,92.178,78.3782,89.6978,21.6279,76.1905,0.1,13.3,3,4,84.7356,14,4.6989,2.925,72.07839999999999,16.4482,6,0.6247,1781.4631,60.44775,0.9935,1.0067,1.013,9,23.524,13.95,103.6585,45.3554,19.148,19.149,38.879,38.888,73.63185,40.31,3148253,11267729,3.5790417733263498,5378867,2.0948145771219107,0.5853003987642751,49035,64.20420108086061,229.7895176914449,75.6491001,14.962358571414414,585.3003987642751,64.20420108086061
Slovakia,2002,42.6108,59056.39,0.3946,7.7939,49600,10,68.219,69.59,4.114,56.0847,-1892000000,19.1699,31.366,0.0759,4619.742,9690.6846,4.4552,19748.9022,13291.7865,27.1,69.7297,99,99,99,7.5,40.1,73.6049,85.7391,7,83.1415,14.3,0.9,9.1,8.1,9.9,54.6839,4.5,-580,0,97.9763,99.8349,92.8133,78.3914,89.6929,22.125,81.4815,0.1,13.3,3,4,84.7217,17.3333,4.845,4.417,75.1351,17.3775,5.5,0.5631,1706.9926,60.199,0.9962,1.0055,1.0097,9,23.524,14.72,104.4381,47.0891,18.541,18.541,37.428,37.288,74.6269,39.73,3422895,12215224,3.5686820659120424,5376912,2.2717916901001916,0.6365912255956578,49035,69.8051391862955,249.1123483226267,75.6491001,15.04599753434553,636.5912255956579,69.8051391862955
Slovakia,2003,41.6007,60889.29,0.3805,7.8854,50000,10,73.961,76.02,3.578,65.6085,-1668000000,29.0599,34.619,0.4178,6300.499,10168.0225,4.9257,20721.6816,14090.0728,27.1,72.973,99,99,99,7.3,43,73.6049,85.7391,7,83.1844,15.3,0.79,8.8,7.9,9.7,55.0294,4.3,-646,0,97.9731,99.6609,93.449700000000007,78.1839,89.6037,22.7003,79.8995,0.1,13.3,3,4,84.5633,19.3333,4.7402,4.857,74.5946,12.1015,5.3,0.5615,1790.4336,62.1891,0.9884,1.0017,1.0074,9,19.967,15.17,107.4297,52.765,17.549,17.55,33.408,33.193,74.6269,32.96,3344369,11938658,3.569778932886891,5373374,2.221817800138237,0.622396468215315,49035,68.20371163454675,243.47217293769756,75.6491001,15.022788892998934,622.396468215315,68.20371163454675
Slovakia,2004,40.7505,62829.39,0.3563,7.7816,50700,10,79.472,80.41,4.073,65.5172,-2526000000,36.9212,32.374,1.4651,8008.986,10718.2101,5.411,21842.9236,15167.9255,27.1,78.1095,99,99,99,7.1,52.9,73.9585,85.7391,7,83.4016,14.5,0.94,8.6,7.7,9.4,55.2664,4.1,-522,0,97.97,99.4697,94.087,77.9403,89.5064,23.176,65.0485,0.1,13.3,3,4,84.3841,16.6667,5.0157,5.39,80.597,13.8483,6.2,0.5007,1993.8306,63.9423,0.9889,1.006,1.0127,9,19.445,14,109.2852,50.9224,18.206,18.206,32.996,32.883,79.3269,33.75,3215713,10631959,3.3062524547433183,5372280,1.979040370196639,0.5985750928842131,49035,65.57995309472825,216.82388090139696,75.6491001,14.983559974978197,598.5750928842131,65.57995309472825
Slovakia,2005,40.0609,64229.7,0.3379,7.8581,50600,10,81.68,83.35,3.875,68.2927,-3579000000,42.4365,30.764,3.3764,9103.865,11412.1593,6.4745,23257.1409,16570.2574,29.3,75.9804,99,99,98,6.9,55.2,73.9049,83.442,7,84.3984,13.7,0.68,8.3,7.4,9.1,56.0176,3.9,-561,0,97.9668,99.2779,94.7254,77.6968,89.4091,23.374,76.699,0.2,11.6,3,4,84.2045,16.6667,4.9504,6.485,83.3333,15.1931,6.3,0.4933,2031.1368,63.1579,0.9886,1.0038,1.0095,9,16.861,13.82,109.2284,56.0993,16.276,16.276,30.275,30.178,74.0385,32.02,3398278,10621296,3.1254935587965433,5372807,1.9768616293122012,0.6324958257387618,49035,69.30311002345263,216.6064239828694,76.08234,15.038779684965245,632.4958257387618,69.30311002345263
Slovakia,2006,39.4504,67308.75,0.3102,7.8574,50500,10,85.164,86.25,3.779,69.2683,-4039000000,55.707,27.392,5.6653,10698.006,12430.2015,8.9207,25331.8359,18909.7762,25.8,76.5854,99,99,98,6.6,56.1,74.2049,86.437,6,84.618,13.9,0.81,8,7.2,8.8,57.2967,3.7,-549,0,97.9637,99.0854,95.3647,77.4532,89.3119,23.1758,71.4976,0.2,10.6,3,4,84.0243,20,4.7729,8.926,81.3726,15.819,6.6,0.4749,2190.1338,64.1148,0.989,1.0037,1.0093,9,13.92,14.75,106.2467,62.4724,13.395,13.395,26.846,26.804,76.4423,31.58,3549965,11011440,3.1018446660741725,5373054,2.049381971593809,0.660697807987785,49035,72.39655348220658,224.56286326093607,80.2169,15.082448583940945,660.697807987785,72.39655348220658
Slovakia,2007,39.281438,68072.7,0.274,7.6897,48600,10,86.783,88.26,5.195,64.5631,-3707000000,77.8693,31.83,10.1667,14378.805,13770.9604,10.7863,28064.2039,21233.0373,24.7,73.301,99,99,99,6.4,61.8,74.2073,84.5551,6,84.5954,12.5,0.76,7.7,6.9,8.4,57.8948,3.5,-571,0,97.9605,98.8922,96.0051,77.2095,89.2146,22.703,84.058,0.4,10.9,3,4,83.8437,19.3333,4.9323,10.819,79.6116,18.1708,8.2,0.4475,2297.645,63.1579,0.994,1.0046,1.0087,9,11.634,14.22,104.6331,70.2211,11.16,11.16,20.479,20.427,75.4808,28.87,3739323,11422643,3.054735576466649,5374622,2.1252923461408075,0.6957369281039671,49035,76.25824411134904,232.94877128581626,87.40349,15.134415404390605,695.7369281039671,76.25824411134904
Slovakia,2008,39.281438,68681.02,0.2589,7.6485,49100,10,90.21,91.32,4.581,65.0485,-6178000000,94.6721,29.152,11.2414,18065.683,14497.1115,5.2731,29544.0465,23714.1354,26,77.1845,99,99,99,6.1,66.1,74.7049,83.8448,5,84.8137,14.4,0.69,7.4,6.6,8.1,57.9729,3.4,-495,0,97.9573,98.6983,96.6465,76.9658,89.1174,22.1387,87.0192,0.4,11,3,4,83.6627,19.3333,5.198,5.363,82.0388,16.4537,7.6,0.4614,2340.9082,65.8654,0.9932,1.0057,1.0106,9,11.432,12.84,100.9267,73.362,9.514,9.514,19.069,19.012,74.0385,27.84,4027036,12259115,3.044202982044362,5379233,2.2789708123816164,0.7486264305710498,49035,82.12574691546854,250.00744366268992,93.74694,15.20854142777251,748.6264305710498,82.12574691546854
Slovakia,2009,39.281438,62022.98,0.2478,6.9094,44700,10,91.055,91.36,3.16,65.5502,-3075000000,74.6305,31.676,14.3927,16581.061,13680.7537,-5.6312,27880.3694,23065.3755,27.2,75.5981,99,99,99,5.9,70,74.9098,85.9919,6,84.9145,9.6,0.81,7.1,6.4,7.8,58.1307,3.3,-542,0,98.2517,98.5038,97.2889,76.7221,89.0201,21.6659,80.0948,0.4,12,3,4,83.4811,18,5.6937,-5.505,80.8612,19.6772,10,0.4727,2469.7368,65.4028,0.9935,1.0075,1.013,9,12.96,13.19,104.1129,63.7361,12.023,12.023,27.423,27.34,72.9858,26.13,3341188,10252657,3.0685663302992827,5386406,1.9034318987465855,0.6203000665007428,49035,68.13883960436424,209.08854899561538,100.02745,15.021837289628133,620.3000665007428,68.13883960436424
Slovakia,2010,39.281438,65201.94,0.2488,7.4,45700,10,91.691,92.54,4.151,63.8095,-4224000000,86.0508,34.88,16.2644,16916.44,14596.1478,6.6911,29745.8753,25384.4911,27.3,75.1196,99,99,98,5.7,75.7,75.1122,90.676,5,85.9687,9,0.61,6.9,6.2,7.6,58.0167,3.3,-1814,0,98.6223,98.3065,97.9331,76.4783,88.9229,21.4677,86.7299,0.5,13,3,4,83.2836,15.3333,5.4429,6.791,79.9043,22.7365,10.3,0.6055,2817.3662,66.3507,0.9913,1.0057,1.0114,9,14.569,13.74,100.2697,55.8508,14.387,14.387,33.749,33.633,74.8815,26.45,3355128,10240479,3.0521872786969677,5391428,1.8994001218230123,0.6223078561004617,49035,68.42312633832977,208.84019577852555,97.70541,15.02600077772325,622.3078561004617,68.42312633832977
Slovakia,2011,39.281438,65278.83,0.2303,7.0177,44700,10,95.425,96.79,4.669,63.981,-4867000000,106.234,28.634,17.6561,18486.537,14950.8736,2.4303,30468.7802,26201.6503,26.5,74.8815,99,99,98,5.5,74.4,75.9585,88.7616,5,86.1584,8.7,0.62,6.7,6,7.4,57.9904,3.3,-2392,0,98.9975,98.1083,98.579,76.2345,88.8257,22.5559,81.0427,0.4,13.2,3,4,83.0866,16,5.2629,2.562,79.6208,18.7297,10.4,0.6525,2840.9194,67.1361,0.9913,1.003,1.0076,9,14.31,12.28,98.9176,56.9693,13.634,13.634,33.487,33.411,76.0563,26.7,3536676,10415637,2.9450356775684288,5398384,1.9293990571993396,0.6551360555306921,49035,72.12554297950443,212.41229733863568,98.84996,15.078698143689701,655.1360555306921,72.12554297950443
Slovakia,2012,39.4612,63404.53,0.2161,6.6754,42500,10,98.987,100.04,3.842,59.7156,879000000,107.2735,30.404,19.3435,17538.6,15159.6571,1.3965,30894.2657,27022.7747,26.1,73.9336,99,99,99,5.4,76.7,76.1098,86.937,5,86.2803,7.9,0.56,6.6,5.9,7.2,57.7131,3.2,871,0,99.3758,97.9115,98.8287,75.9906,88.7285,20.3422,88.1517,0.4,12.8,3,4,82.9047,18.6667,5.3597,1.569,80.0948,20.2693,10.5,0.7946,2827.1487,64.7887,0.9902,1.0011,1.0056,9,14.372,12.66,97.8448,56.0535,13.966,13.966,34.102,34.031,77.4648,25.07,3730362,10770328,2.887207193296522,5407579,1.9917097836203594,0.6898395751592349,49035,76.07549709391252,219.64572244315286,100.26076,15.13201610591966,689.8395751592349,76.07549709391252
Slovakia,2013,40.1144,61548.78,0.2162,6.7187,42100,10,100.43,100.4,3.191,59.2417,2910000000,114.1323,29.881,20.4986,18321.733,15249.8825,0.5952,31078.1384,28075.4326,28.1,72.0379,98,98,98,5.3,77.9,76.4122,79.6441,5,86.4804,5.2,0.56,6.4,5.8,7,58.0189,3.2,-1181,0,99.5202,97.7141,98.8643,75.7467,88.6313,19.5809,89.0995,0.3,12.6,3,4,82.7224,18.6667,5.495,0.703,78.673,23.1375,10.7,0.8201,2723.1501,64.3193,0.9856,1.0074,1.0171,9,14.256,12.34,97.7948,55.9944,14.226,14.227,33.711,33.647,76.5258,21.41,4003100,11345641,2.834213734355874,5413393,2.0958465420855275,0.7394807655753055,49035,81.63760579178138,231.37842357499744,100.56356,15.202579868733105,739.4807655753056,81.63760579178138
Slovakia,2014,40.8909,58170.49,0.1967,6.2716,40000,10,100.336,100.26,2.813,60.0962,1769000000,114.7467,27.881,21.9975,18785.127,15647.6491,2.6083,31888.7575,29108.0722,26.1,75,97,97,97,5.2,80,76.8122,85.7709,5,86.6629,6.6,0.56,6.3,5.7,6.9,58.3368,3.1,-1158,0,99.7868,97.5161,98.8999,75.5027,88.5341,19.2661,85.7143,0.7,12.3,3,4,82.5397,18.6667,5.4615,2.708,78.8462,23.6561,12.2,0.877,2723.6711,69.2308,0.9905,1.0048,1.0115,9,14.071,12.97,100.6847,60.3979,11.536,11.537,26.745,26.773,75.8621,22.57,3689636,10781015,2.921972519782439,5418649,1.9896130935958392,0.6809143755205402,49035,75.24494748648924,219.8636688079943,100.561,15.121038637193932,680.9143755205403,75.24494748648924
Slovakia,2015,41.8081,59183.02,0.1899,6.363,40400,10,100.003,99.81,2.79,59.5238,-1840000000,100,27.816,23.5009,16451.197,16442.0761,5.077,33507.7412,30156.0271,26.5,73.8095,96,96,95,5.1,77.6,76.5634,85.3077,5,88.0644,6.4,0.49,6.2,5.6,6.8,57.7808,3.1,2549,0,99.7872,97.5208,98.9355,75.5094,88.5291,19.1867,75.2381,0.7,12.7,3,4,82.5256,18.6667,5.3246,5.177,75.2381,23.4584,13.4,1.1573,2658.9009,67.619,0.992,1.0045,1.0105,9,13.973,11.21,100,65.1004,11.492,11.492,26.571,26.522,76.3547,25.93,4274035,12176275,2.848894545786359,5423801,2.24497082396644,0.7880147151416507,49035,87.16294483532171,248.31803813602528,100,15.268069137848686,788.0147151416506,87.16294483532171
Slovakia,2016,42.9975,69553.96,0.1913,6.527,40400,10,99.532,100.11,2.932,60.4762,-1314000000,102.5471,34.316,24.6264,16645.425,16740.7415,1.8165,34116.3993,29867.9803,25.2,74.7619,96,96,95,5.1,80.5,77.1659,79.7167,5,88.2212,6.3,0.45,6.1,5.5,6.7,57.8812,3,3487,0,99.7875,97.5263,98.9711,75.516,88.5241,17.8788,70.4762,1.4,12.4,3,4,82.5151,20,5.671,1.948,79.0476,25.4064,13.1,0.7886,2609.1499,71.9048,0.9887,1.0035,1.0108,9,12.688,9.49,101.1503,70.729,9.679,9.679,22.274,22.232,76.3547,26.19,4944310,13894782,2.810257042944314,5430798,2.5585157098459566,0.9104205312000189,49035,100.83226266952177,283.36457632303456,99.60199,15.413748180672002,910.4205312000189,100.83226266952177
Slovakia,2017,44.3936,98259.34,0.1979,6.9346,40400,10,100.918,102.21,3.326,59.0476,-1664000000,111.0033,30.585,25.8591,17651.93,17195.2888,2.7152,35042.7333,30245.7826,24.1,73.3333,96,96,96,5,81.6,77.1659,83.2251,5,88.2589,6.2,0.32,6,5.4,6.6,57.6365,3,3279,0,99.7877,97.5324,99.0067,75.5226,88.519,18.1847,78.0952,0.2,12.2,3,4,82.5083,20,5.3411,2.875,76.6667,24.6269,12.4,0.8846,2803.0513,68.5714,0.9942,1.0061,1.0121,9,12.326,9.14,102.8273,75.2561,8.142,8.142,18.962,18.929,76.3547,25.64,5287773,14667937,2.77393469802883,5439232,2.696692658081141,0.9721543409069515,49035,107.8367084735393,299.13198735597024,99.06606,15.480907921325013,972.1543409069516,107.8367084735393
Slovakia,2018,45.802,62218.85,0.1876,6.8316,40400,10,103.473,104.27,3.579,61.4286,-1742000000,124.3251,30.367,27.6954,19595.393,17869.0149,3.9181,36415.7376,31509.8187,25,72.381,96,96,96,5,80.4,77.2659,81.7518,5,88.3593,6.1,0.5,6,5.3,6.5,57.9635,3,3446,0,99.7878,97.5318,99.0423,75.5165,88.5111,18.6788,70.283,0.2,11.9,3,4,82.498,20,5.2808,4.062,75.7143,22.5983,12.4,0.8356,3003.3884,68.5714,0.9968,1.0067,1.0118,9,10.405,10.23,102.8184,80.3897,6.544,6.544,14.971,14.947,75.2427,25.12,5487207,15188140,2.7679181776812865,5446771,2.788466781511468,1.0074238480009532,49035,111.90388498011625,309.7407973896197,99.88249,15.51793012310466,1007.4238480009532,111.90388498011625
Slovakia,2019,47.1744,62070.9,0.1714,6.3769,40400,10,106.34,107.71,3.831,59.5238,-3734000000,119.1137,33.35,29.1811,19421.472,18250.9803,2.1376,37194.1549,33985.6758,24.1,71.4286,97,97,96,4.9,82.9,77.6659,80.8386,5,88.3593,6.1,0.36,5.9,5.3,6.5,57.8364,3,3128,0,99.7878,97.5318,99.0779,75.5105,88.5031,15.8371,68.8679,0.1,11.4,3,4,82.4913,20,5.4538,2.276,79.5238,24.1225,17.6,0.8224,3116.8247,69.0476,0.9953,1.0072,1.0134,9,10.479,9.02,101.7633,80.6091,5.761,5.761,16.12,16.108,74.3961,26.24,6267801,17225333,2.748225892940762,5454147,3.1582084237920247,1.1491807976572688,49035,127.8230039767513,351.2864892423779,101.29752,15.650936292935492,1149.1807976572688,127.8230039767513
Slovakia,2020,48.4094,62294.16,0.1651,5.9751,40400,10,108.481,109.58,2.914,64.2857,-501000000,115.2956,34.532,31.1925,19723.118,17763.8564,-2.669,36201.4322,35327.9439,24.2,69.0476,97,97,96,4.9,89.9,76.8659,75.7676,4,88.3593,6.1,0.68,5.9,5.3,6.5,58.2592,3,4350,0,99.7877,97.5326,99.1135,75.5044,88.4951,15.3916,67.4528,0.2,12.3,3,4,82.4882,22.6667,5.7205,-2.586,74.2857,24.7555,17.6,0.8977,3167.4324,73.8095,0.9965,1.0065,1.0117,9,10.748,9.36,104.1139,80.6091,6.719,6.719,19.438,19.433,74.8792,24.09,3095812,9437786,3.048565610573252,5458827,1.7289036637358173,0.5671203721971771,49035,63.13474049148567,192.47039869480983,103.09057,14.945561111350774,567.1203721971772,63.13474049148567
Slovakia,2021,49.4568,62240.01,0.1753,6.7224,40400,11,111.545,115.16,6.251,60,-5829000000,137.8078,35.242,32.6061,22102.032,18821.1163,5.9517,38356.0501,38356.0501,24.1,68.5714,97,97,95,5,88.9,74.6146,83.1942,12,88.3593,6.1,0.58,6,5.3,6.5,58.2227,3,-8172,0,99.7875,97.5341,99.1491,75.4983,88.4872,15.3916,65.566,0.1,13.7,3,4,82.4889,22.6667,6.1844,5.727,77.619,23.5608,17.9,0.9161,3211.1311,72.8571,0.9965,1.0065,1.0117,9,11.075,9.91,102.1187,80.6091,6.894,6.894,21.211,21.202,75.8454,26.29,2639819,7915947,2.9986703633847624,5447247,1.4532014061414875,0.4846152561101048,49035,53.835403283369025,161.43462832670542,102.87538,14.786221290979832,484.6152561101048,53.835403283369025
Slovakia,2022,50.4641,62240.01,0.1694,6.5455,40400,11,125.073,132.47,8.797,60.3774,-11159000000,137.8078,35.588,33.9988,21347.911,18959.6818,0.7362,38638.4365,41111.7475,24.1,63.6792,97,97,95,5,89.1,76.9659,81.8728,5,88.3593,6.1,0.58,6,5.4,6.6,57.8634,3,92314,0,99.7871,97.5364,99.1847,75.4923,88.4792,15.3916,59.434,0.1,13.7,3,4,82.4934,21.3333,6.1752,0.45,76.8868,23.5608,17.9,0.9794,3387.4741,69.8113,0.9965,1.0065,1.0117,9,9.995,9.91,102.1187,80.6091,6.143,6.143,19.924,19.941,75.8454,29.14,4701247,12348809,2.6267092539490053,5431752,2.273448603691774,0.8655120852351138,49035,95.87533394514122,251.83662689915366,105.44041,15.36333856334782,865.5120852351138,95.87533394514122
Slovakia,2023,51.4188,62240.01,0.1638,6.424,40400,11,138.784,141.16,6.027,61.3208,-2240000000,137.8078,34.109,33.1726,24489.184,19238.7622,1.472,39207.1818,43625.3642,24.1,58.9623,96,96,94,5.1,87.2,78.0171,81.8728,4,88.3593,6.1,0.58,6.1,5.4,6.7,57.8634,3,4933,0,99.7871,97.5364,99.1847,75.4923,88.4792,15.3916,64.455,0.1,13.7,3,4,82.4934,22,6.1752,1.378,71.2264,23.5608,17.9,0.9794,3387.4741,68.8679,0.9965,1.0065,1.0117,9,9.166,9.91,102.1187,80.6091,5.84,5.843,19.748,19.898,76.4706,26.33,5549292,14359854,2.5876911865513654,5426740,2.6461289835149646,1.0225829872077896,49035,113.17002141327623,292.8490669929642,109.24065,15.529181090220767,1022.5829872077896,113.17002141327623
Slovenia,2000,42.5646,19856.2,0.2515,7.5606,19400,9,62.801,65.14,4.967,77.1277,-564000000,27.4661,34.612,0.2764,10193.539,16146.1216,3.1919,30063.1185,17887.7797,24.8,75.4098,91,86,95,4.5,15.1,75.4122,94.692,7,83.7948,16.4,0.48,5.4,4.9,5.9,60.1788,3.2,3124,0,99.5,99.1117,91.1052,78.1955,88.99185,20.7629,77.2487,0,12.2,6,4,46.925307000000004,12.2222,5.5714,3.498,70.1087,28.6606,18,1.3598,2183.7261,81.592,1.0228,1.0302,1.0331,8,9.833,31.93,102.4346,78.8154,6.92,6.92,16.377,16.365,83.0846,25.08,1884327,6508940,3.4542518363320167,1988925,3.2725919780786104,0.9474097816659753,20273,92.94761505450599,321.06446998470875,96.05474,14.44908181662975,947.4097816659753,92.94761505450599
Slovenia,2001,42.4245,20510.07,0.2748,8.4816,20300,9,68.063,69.73,3.979,76.92365000000001,8000000,29.022,36.432,0.2764,10397.982,16576.7161,2.6669,30864.8598,18765.4481,24.8,75.54275000000001,92,86,94,4.3,30.2,75.7585,102.6592,6,84.1749,15,0.88,5.2,4.7,5.6,60.6271,3.1,4527,0,99.5,99.1117,91.1052,78.2021,89.0575,20.9342,85.44975,0,12.2,6,4,46.925307000000004,12.2222,5.5574,2.829,71.54085,26.7368,18.7,1.4677,2262.5356,80.59700000000001,0.9938,1.0118,1.0187,8,9.833,30.65,104.0756,80.9122,5.682,5.682,15.73,15.725,84.0796,20.56,2020158,6858092,3.3948295133350954,1992060,3.442713572884351,1.0141049968374447,20273,99.64770877521828,338.28698268633156,96.05622,14.518686779150979,1014.1049968374447,99.64770877521828
Slovenia,2002,42.2557,20804.91,0.2709,8.6265,20500,9,73.155,74.79,4.114,76.7196,206000000,32.4643,35.766,2.8488,11666.411,17099.6584,3.1547,31838.5473,20004.2991,24.8,75.6757,93,86,93,4.1,27.8,76.0073,100.4146,6,84.2354,14.1,0.36,4.9,4.5,5.3,60.8953,2.9,1975,0,99.5,99.1117,91.1052,78.2087,89.08335,21.2682,93.6508,0,12.2,6,4,46.925307000000004,12.2222,5.8097,3.283,72.973,23.3906,16.3,1.4432,2331.1135,79.602,0.9911,0.9988,1.0017,8,8.065,29.1,105.8712,81.2536,5.922,5.922,14.904,14.846,85.0746,20.12,2089519,7027990,3.3634487171449505,1994530,3.5236321338861787,1.0476247537013732,20273,103.06905736694125,346.66748877817787,97.31356,14.552444932492163,1047.6247537013733,103.06905736694125
Slovenia,2003,42.0162,21543.59,0.2602,8.5452,20200,9,77.211,78.24,3.578,79.8942,-240000000,39.9805,41.916,2.9105,14736.002,17635.361,3.1328,32835.9937,20918.2433,24.8,80.5405,95,86,94,3.9,31.9,76.8585,94.5626,6,84.6432,13,0.59,4.7,4.2,5.1,61.0316,2.8,3218,0,99.5,99.1117,91.1052,78.10495,89.10915,21.6497,92.9648,0,12.2,6,4,46.925307000000004,12.2222,5.8286,3.195,73.5135,22.2814,16.9,1.2479,1895.2516,79.1045,0.9927,0.9921,0.9919,8,7.263,29.65,106.2637,80.1757,6.479,6.479,15.346,15.287,85.5721,20.62,2168735,7198373,3.319157481204481,1995733,3.6068817822824997,1.0866859444625108,20273,106.97652049523998,355.07191831500023,98.16638,14.589655067325058,1086.6859444625109,106.97652049523998
Slovenia,2004,41.9314,22385.61,0.254,8.7124,20500,9,79.985,80.74,4.073,83.2512,-927000000,51.2422,40.199,5.7721,17125.36,18425.2598,4.4791,34306.7384,22590.7921,24.8,79.602,94,86,94,3.7,40.8,77.2073,94.99993333333333,6,84.6416,14.4,0.65,4.4,4,4.8,61.8394,2.6,1759,0,99.5,99.1117,91.1052,77.98495,89.13505,21.9631,83.4951,0,12.2,5,5,48.7832,12.2222,5.7156,4.546,77.1144,27.6022,17.8,1.3703,2021.9149,79.8077,0.9966,0.9966,0.9967,8,6.886,28.57,104.9456,81.7473,6.012,6.012,14.1,14.045,84.6154,20.82,2267272,7301691,3.220474208652513,1997012,3.656308024188137,1.1353321862863117,20273,111.83702461401865,360.1682533418833,97.36387,14.634088345706479,1135.3321862863118,111.83702461401865
Slovenia,2005,42.0451,22621.14,0.2479,8.816,20800,9,81.946,82.57,3.875,80,-653000000,60.282,42.022,9.8477,18022.5,19102.2772,3.6744,35567.3044,23682.3711,24.6,76.4706,95,86,94,3.5,46.8,77.6122,95.43726666666667,6,87.5506,13.5,0.55,4.2,3.8,4.5,62.1994,2.4,6317,0,99.5,99.1117,91.1052,77.86495,89.09764999999999,22.0932,85.9223,0.1,11.6,5,5,51.1898,12.2222,5.7748,3.854,75.9804,23.6489,18.6,1.4178,2634.4956,79.9043,0.9897,0.9932,0.9951,8,8.935,26.95,101.7253,79.667,6.506,6.506,15.968,15.945,83.1731,21.91,2327394,7307667,3.1398495484649356,2000474,3.6529677466440456,1.1634212691592092,20273,114.80264391062003,360.46302964534107,96.64668,14.660260174333793,1163.4212691592093,114.80264391062003
Slovenia,2006,42.2209,23317.3,0.2381,8.9416,21000,9,83.96,84.87,3.779,81.9512,-725000000,72.7537,41.973,13.969,19613.552,20166.5324,5.5714,37548.8844,25576.5193,24.4,80,97,86,96,3.3,54,78.0866,95.8746,6,87.8967,13.7,0.83,4,3.6,4.3,62.0918,2.3,6081,0,99.5,99.1117,91.1052,77.7449,89.01355,21.7655,86.9565,0.1,11.5,5,5,53.6681,12.2222,5.6126,5.909,73.0392,24.4992,17.4,1.5371,2928.6509,77.512,0.9936,0.9962,0.9977,8,8.518,28.21,101.6203,81.9946,5.95,5.95,13.887,13.854,85.0962,22.64,2410575,7448076,3.0897507856009456,2006868,3.71129341840121,1.201162707263258,20273,118.90568736743452,367.3889409559513,96.73468,14.695376281059273,1201.162707263258,118.90568736743452
Slovenia,2007,42.4652,24383.47,0.222,8.8806,21200,9,87.031,89.69,5.195,80.5825,-1989000000,94.2758,37.549,17.1127,23819.362,21485.7812,6.5418,40005.2471,27469.0413,24.4,78.1553,97,86,96,3.1,56.7,78.561,96.8866,6,87.9339,15.6,0.32,3.8,3.4,4.1,62.6153,2.2,14191,0,99.5,99.0583,91.1052,77.6248,89.24225000000001,20.9839,89.8551,0,12.3,5,6,56.1669,12.2222,5.2759,7.139,74.2718,22.465,18.4,1.427,3115.1389,80.8612,0.9926,0.9938,0.9947,7,6.697,23.03,100.6755,86.3505,4.818,4.818,10.127,10.098,83.1731,22.19,2604752,7992710,3.0685109369337273,2018122,3.9604691886813583,1.290681138206709,20273,128.48379618211413,394.2539338035811,97.64447,14.772848411015776,1290.681138206709,128.48379618211413
Slovenia,2008,43.0052,25028.01,0.2263,9.3445,21900,9,91.946,91.55,4.581,79.6116,-2967000000,106.8854,43.291,21.0013,27609.896,22175.237,3.2089,41288.9729,29460.9414,24.1,83.0097,97,86,96,2.9,58,78.7659,97.8986,7,88.1081,11.1,0.46,3.6,3.3,3.8,62.237,2,2971,0,99.5,99.0049,91.1052,77.5047,89.471,20.0511,91.3462,0,11.3,5,6,58.7301,13.3333,5.668,3.372,75.2427,26.2675,17.6,1.6267,3477.7722,83.1731,0.9962,0.9962,0.9962,7,6.498,20.47,98.9681,86.6534,4.371,4.371,10.506,10.437,80.7692,23.56,2941948,8870148,3.0150594096156698,2021316,4.388303461705147,1.4554616893152779,20273,145.1165589700587,437.53504661372267,98.83387,14.894582844847106,1455.461689315278,145.1165589700587
Slovenia,2009,43.5714,22006.88,0.219,8.2809,20000,9,92.718,93.17,3.16,80.8612,-515000000,81.9842,44.693,22.0588,24563.148,20307.6186,-8.4221,37811.5784,27214.4653,24.8,82.7751,96,86,95,2.8,64,78.9707,98.9106,7,88.164,8.9,0.4,3.4,3.1,3.6,63.4681,1.9,11594,0,99.5,98.9516,91.1052,77.38465,89.554,19.2695,81.0427,0,12.7,5,6,61.477,14.4444,6.1507,-7.59,77.0335,29.9126,19.6,1.8118,3671.259,83.8863,0.998,0.9991,0.9999,7,7.457,22.23,102.9284,82.2845,5.858,5.858,13.661,13.601,81.9905,21.52,2835169,8556122,3.0178525512941206,2039669,4.194858087268082,1.39001426211802,20273,139.84950426675874,422.04518324865586,100.71535,14.857612458072808,1390.01426211802,139.84950426675874
Slovenia,2010,43.8964,22341.98,0.2201,8.3778,20000,9,94.388,94.9,4.151,79.0476,-333000000,91.452,43.254,23.013,23367.241,20444.1199,0.6722,38065.7358,27582.4977,24.9,80.8612,96,86,95,2.6,70,79.422,98.0441,7,91.5298,7.2,0.45,3.2,2.9,3.5,64.6577,1.9,-410,0,99.5,98.8982,91.7853,77.2645,89.58715000000001,18.9418,77.2512,0,13.6,5,6,64.2843,14.4444,6.1981,1.112,75.1196,30.0111,20.1,2.0513,3770.3821,81.5166,0.9995,0.9958,0.993,7,7.11,20.58,99.6693,79.6815,7.236,7.236,14.7,14.652,81.5166,20.99,2851020,8424741,2.9549918976366354,2048583,4.1124723772480785,1.3917034359847757,20273,140.63138164060572,415.5645933014354,100.34763,14.86318773370423,1391.7034359847758,140.63138164060572
Slovenia,2011,44.4503,22376.1,0.2049,7.8342,20000,9,96.089,96.8,4.669,79.1469,-395000000,108.6202,38.916,24.1298,24968.511,20535.4157,0.4466,38235.7232,28715.634,24.9,79.1469,96,86,96,2.5,67.3,79.9707,95.5172,6,91.7192,7.1,0.55,3.1,2.8,3.3,65.1908,1.8,2190,0,99.5,98.8448,92.4653,77.14435,89.94659999999999,20.6974,80.5687,0,13.5,5,6,67.1525,32.2222,6.1689,0.655,74.4076,25.0618,19.1,2.413,4287.959,82.6291,1.004,0.9966,0.9908,7,7.076,21.67,98.2363,77.6486,8.166,8.166,15.764,15.719,81.6901,19.96,3045139,8860328,2.909662908655401,2052843,4.316125490356544,1.4833764686339872,20273,150.20662950722635,437.0506585113205,99.71812,14.929057435080718,1483.376468633987,150.20662950722635
Slovenia,2012,45.374,21377.64,0.2037,7.544,19400,9,98.585,99.39,3.842,76.7773,651000000,100.7304,40.26,24.8055,22474.535,19894.8698,-3.1192,37043.0647,28786.7106,25.6,80.5687,96,86,95,2.4,68.4,80.1244,96.6704,6,91.8819,6.6,0.29,2.9,2.7,3.2,65.2997,1.7,1117,0,99.5,98.7915,93.1454,77.02414999999999,90.30735,18.343,77.2512,0,14.5,5,6,70.0821,32.2222,6.1748,-2.916,71.564,28.701,20.2,2.5606,4330.6733,80.7512,1.0061,1.0016,0.998,7,9.277,21.76,97.5543,73.0341,8.841,8.841,20.649,20.583,78.4038,19.08,3255882,9406009,2.888928099974139,2057159,4.57232960602462,1.5827079968053028,20273,160.6018842795837,463.96729640408427,100.08475,14.995974071798004,1582.7079968053029,160.6018842795837
Slovenia,2013,46.4465,20632.17,0.2053,7.5312,18700,9,100.329,100.06,3.191,74.4076,1688000000,106.5112,38.545,25.5111,23250.102,19704.2184,-0.9583,36688.0832,29634.0658,26.2,79.1469,95,86,94,2.3,72.7,80.322,95.5657,6,91.7454,6.3,0.49,2.8,2.6,3,65.304,1.7,639,0,99.5,98.7381,93.8254,77.80799999999999,90.6147,18.1632,74.4076,0,14.5,5,6,73.0735,32.2222,6.1447,-0.824,70.6161,33.5634,22.5,2.5649,4236.5107,81.2207,1.0067,1.0058,1.0052,7,9.239,22.17,98.3421,70.6056,10.103,10.103,21.665,21.602,79.8122,18.24,3340320,9471571,2.835528033242324,2059953,4.597954904796372,1.621551559671507,20273,164.76693138657328,467.20125289794305,100.69449,15.021577468119258,1621.551559671507,164.76693138657328
Slovenia,2014,47.6055,19131.1,0.1819,6.8527,17000,9,100.529,100.2,2.813,74.5192,2639000000,112.6095,36.467,27.0023,24029.664,20228.7077,2.6618,37664.6511,30571.9753,25.7,79.8077,95,86,94,2.2,71.6,81.078,95.8568,6,91.8957,5.5,0.44,2.7,2.5,2.9,65.9247,1.6,-70,0,99.5,98.6847,94.5054,78.64185,90.84344999999999,17.797,79.5238,0,14.3,5,6,76.1272,35.5556,5.996,2.763,72.1154,39.4852,22.9,2.3655,4166.8813,80.7692,1.0046,1.0057,1.0068,7,9.417,19.54,98.8709,72.2614,9.668,9.668,20.236,20.205,75.3695,20.17,3474852,9470452,2.72542600375498,2061980,4.592892268596204,1.6852016023433787,20273,171.40294973610222,467.14605633108073,100.98464,15.061062733927995,1685.2016023433787,171.40294973610222
Slovenia,2015,48.9026,19463.45,0.1798,6.9294,17200,9,100.001,99.75,2.79,75.7143,1758000000,100,36.984,27.6233,20705.968,20697.2749,2.3163,38537.0953,31344.629,25.4,77.1429,95,86,94,2.1,73.1,80.7756,94.9818,5,91.9073,6,0.39,2.6,2.4,2.8,65.4148,1.6,712,0,99.5,98.6314,95.1855,79.48134999999999,91.13624999999999,17.7209,80,0,13.9,5,6,79.2437,36.6667,6.0639,2.393,71.4286,30.7115,21.4,2.1957,3836.54,80,1.0074,1.0097,1.0119,7,9.506,21,100,76.1913,8.962,8.962,16.299,16.287,78.3251,21.57,3878223,10224207,2.6363123007624885,2063531,4.954714516040709,1.8794110677280835,20273,191.2999062792877,504.3262960587974,100,15.170887874849441,1879.4110677280835,191.2999062792877
Slovenia,2016,50.2163,20176.1,0.1834,7.276,17200,9,99.946,100.26,2.932,76.1905,2339000000,103.0917,41.771,28.5889,21450.814,21309.712,2.959,39677.4169,33575.1775,24.8,82.8571,94,86,92,2.1,75.5,81.1756,95.1158,5,92.6078,6.5,0.4,2.6,2.3,2.8,65.2434,1.5,1195,0,99.5,98.578,95.8655,80.3264,92.02785,16.4518,83.8095,0,13.3,5,6,80.9741,36.6667,6.1327,3.035,71.4286,32.3426,21,2.0076,3939.8335,84.2857,1.0074,1.0176,1.0266,7,8.032,18.81,100.2291,78.2566,8,8,15.243,15.225,80.2956,22.32,4263811,11057731,2.5933914519194214,2065042,5.354724504392647,2.0647575206702817,20273,210.31968628224732,545.4412765747546,99.79257,15.265674153799537,2064.757520670282,210.31968628224732
Slovenia,2017,51.5486,20687.08,0.1781,7.4275,17200,9,101.374,102.01,3.326,78.0952,3270000000,120.3993,41.893,29.1804,23300.425,22397.7638,5.1059,41703.3046,36180.0385,24.2,83.8095,94,86,93,2,78.9,81.0293,95.474,5,92.5582,5.2,0.35,2.5,2.3,2.7,64.7596,1.5,1359,0,99.5,98.5246,96.5456,82.28684999999999,93.6802,16.5027,76.6667,0,13.3,5,6,82.0133,36.6667,5.8765,5.174,71.4286,28.9136,19.7,1.8653,4510.813,81.4286,1.0033,1.0146,1.0247,7,6.518,20.43,99.0396,83.1973,6.564,6.565,11.24,11.23,80.7882,20.59,4891986,12460084,2.5470399956173218,2066388,6.029885965268865,2.367409218404288,20273,241.3054801953337,614.6147092191585,99.52829,15.403109118385833,2367.409218404288,241.3054801953337
Slovenia,2018,52.7825,19564.07,0.1706,7.3983,17200,9,103.137,103.46,3.579,79.5238,3497000000,138.4304,38.224,29.6086,25987.659,23293.9666,4.0013,43371.9809,38620.2045,24.6,82.381,93,86,93,2,79.8,81.378,95.5025,4,92.6644,4.5,0.25,2.4,2.2,2.6,64.5157,1.4,14640,0,99.5,98.4713,97.2256,84.40225000000001,95.12190000000001,18.1802,78.3019,0,12,5,6,83.0565,24.4444,5.9932,4.379,73.8095,33.2074,20.6,1.9459,4880.4902,82.381,1.0014,1.0134,1.0243,7,6.619,17.4,98.0581,86.9539,5.108,5.108,8.817,8.814,78.6408,18.4,6221841,15758691,2.5328019472050154,2073894,7.5986000248807315,3.0000766673706565,20273,306.9028264193755,777.3240763577172,99.7775,15.64357656235323,3000.0766673706567,306.9028264193755
Slovenia,2019,53.7495,19358.5,0.158,7.0454,17200,9,104.818,105.35,3.831,80,3477000000,140.7574,40.507,30.1395,25909.807,23943.1796,2.787,44580.777,42373.2506,24.4,81.9048,95,86,94,2,83.1,81.5293,94.5462,4,92.7019,5.1,0.19,2.4,2.2,2.6,64.5047,1.4,16352,0,99.5,98.4179,97.9057,85.37275,95.38755,13.9082,74.5283,0,12.4,5,6,83.4595,27.7778,6.1447,3.505,79.0476,32.5658,20.9,2.0392,5060.5698,82.8571,0.9984,1.0093,1.0194,7,7.029,19.34,99.0384,88.135,4.446,4.446,8.136,8.133,78.744,18.3,6221841,15758691,2.5328019472050154,2088385,7.54587444364904,2.9792595713912906,20273,306.9028264193755,777.3240763577172,100.18588,15.64357656235323,2979.2595713912906,306.9028264193755
Slovenia,2020,54.4631,19326.08,0.1503,6.3837,17200,9,104.761,104.21,2.914,78.0952,4093000000,140.4109,40.616,30.993,25451.13,22811.8053,-4.7252,42474.2252,41767.258,24.1,84.7619,95,86,94,1.9,86.6,80.5317,94.8044,12,92.7108,5.1,0.19,2.4,2.1,2.6,64.1808,1.4,28514,0,99.5,98.3645,98.2743,86.2114,95.64035,14.2912,69.8113,0,11.7,5,6,83.6457,27.7778,6.8424,-4.085,77.1429,34.1666,22.7,2.1416,5187.1611,83.3333,0.998,1.0072,1.0157,7,7.683,17.74,103.669,88.135,4.971,4.971,14.179,14.189,77.2947,18.48,3058619,9188303,3.0040691567011124,2102419,4.370348156100188,1.4548094361780406,20273,150.87155329748927,453.22857988457554,99.73608,14.933474391814165,1454.8094361780406,150.87155329748927
Slovenia,2021,55.2631,19303.06,0.1422,6.5276,17200,9,106.769,109.3,6.251,75.2381,2309000000,169.6977,33.524,31.5503,29194.311,24659.2499,8.0986,45914.0572,45914.0572,24.3,83.8095,86,86,95,1.9,89,80.6756,95.6669,8,92.7108,5.1,0.22,2.3,2.1,2.5,64.101,1.3,2477,0,99.5,98.3112,98.2743,86.73435,95.83494999999999,14.2912,71.2264,0,12.1,5,6,83.8301,26.6667,6.944,8.39,74.7619,36.1127,23.4,2.128,5235.1802,82.381,0.998,1.0072,1.0157,7,6.597,18.85,100.9597,88.135,4.744,4.744,12.846,12.781,76.3285,15.25,3997054,11231780,2.8100145757350288,2108079,5.32796920798509,1.8960646161742516,20273,197.16144625857052,554.0265377595817,98.91568,15.201068397919029,1896.0646161742516,197.16144625857052
Slovenia,2022,56.195,19303.06,0.1321,6.2175,17200,9,116.201,120.51,8.797,78.3019,-671000000,169.6977,33.17,32.0105,28462.153,25276.9356,2.5049,47064.1512,51079.1781,24.3,80.6604,89,89,96,1.9,88.9,81.2829,94.3938,15,92.7108,5.1,0.22,2.3,2.1,2.5,63.9208,1.3,9014,0,99.5,98.3112,98.2743,87.37540000000001,95.96495,14.2912,70.283,0,12.7,5,6,84.0414,40,7.0551,2.699,73.5849,36.1127,23.4,2.0952,5370.3745,82.5472,0.998,1.0072,1.0157,7,8.234,18.85,100.9597,88.135,4.011,4.011,10.14,10.08,78.2609,20.12,5860114,15558665,2.6550106363118533,2112076,7.366527056791517,2.7745753467204777,20273,289.0600305825482,767.4574557292951,98.98281,15.583679785934015,2774.5753467204777,289.0600305825482
Slovenia,2023,56.8927,19303.06,0.119,5.6952,17200,9,124.854,125.53,6.027,77.3585,3092000000,169.6977,33.17,32.2361,32673.257,25708.8691,1.7088,47868.3859,53952.2047,24.3,81.1321,89,89,95,1.8,90.4,81.978,94.3938,3,92.7108,5.1,0.22,2.3,2.1,2.5,63.9208,1.3,5339,0,99.5,98.3112,98.2743,87.37540000000001,95.96495,14.2912,75.8294,0,12.7,5,6,84.0414,37.7778,7.0551,2.113,75,36.1127,23.4,2.0952,5370.3745,82.5472,0.998,1.0072,1.0157,7,7.27,18.85,100.9597,88.135,3.652,3.652,9.981,9.878,82.8431,17.42,6185779,16102802,2.6031971074298,2120461,7.594009981791696,2.91718593268162,20273,305.12400730035023,794.2979332116608,99.39586,15.637763667417557,2917.1859326816198,305.12400730035023
Spain,2000,45.6955,518033.7,0.1933,7.7214,385000,10,71.215,72.46,4.967,89.3617,-25347000000,40.7287,15.647,0.1861,14714.351,24106.8818,4.7313,39945.8971,21577.5973,34.1,91.2568,95,77,94,4.4,13.6,78.9659,80.8061,5,93.9942,15.4,0.44,5.4,4.9,5.9,60.7541,2.8,176269,0,100,99.8134,99.352,78.1955,88.99185,16.0218,65.6085,0.7,20.1,6,6,90.8541,28.2857,4.8702,5.053,88.0435,16.9472,7.9,0.8828,1874.0966,90.5473,0.993,1.0341,1.0675,6,11.114,8.55,108.5459,63.0328,13.785,13.785,25.258,25.251,88.5572,27.23,74408937,344663935,4.632023368375764,40567864,8.495984284506575,1.834184244948169,498502,149.2650721561799,691.3993023097199,93.56876,18.125086626996364,1834.184244948169,149.2650721561799
Spain,2001,45.9226,519628.2,0.1864,7.6845,382000,10,73.227,74.28,3.979,88.86075,-27093000000,41.3285,17.502,1.1313,15299.106,24878.3784,3.2003,41224.2924,22954.8205,33.333333333333336,92.1149,96,83,96,4.2,18.1,79.3683,80.8061,5,94.1001,14.4,0.48,5.3,4.8,5.7,60.7727,2.8,181307,0,100,99.8132,99.3528,78.2021,89.0575,15.8476,64.28575000000001,0.7333333333333333,20.1,6,6,90.854,28.2857,4.8262,3.919,88.3461,22.1454,8.9,0.8883,1947.0436,88.55725000000001,0.9925,1.0316,1.0634,6,10.866,8.02,108.0827,71.0085,10.348,10.348,20.72,20.699,89.3035,24.68,74941665,344928554,4.602627310188531,40850412,8.443698291219192,1.834538780171911,498502,150.3337298546445,691.9301306714918,93.86467,18.132220582200937,1834.5387801719112,150.3337298546445
Spain,2002,45.9697,535552.7,0.1915,7.9969,401000,10,75.856,77.26,4.114,88.3598,-25936000000,44.5267,18.131,2.9876,16936.981,25205.3155,1.3141,41766.0378,24377.8417,32.56666666666667,92.973,98,82,97,4.1,20.4,79.5683,80.8061,5,94.2738,13.6,0.33,5.1,4.7,5.6,60.8658,2.7,659112.76,0,100,99.8204,99.3871,78.2087,89.08335,15.5645,62.963,0.7666666666666667,20.1,6,6,90.8574,28.2857,4.8495,2.761,88.6487,15.6015,7.4,0.9597,2014.3625,86.5672,0.9912,1.0345,1.0707,6,11.482,8.33,108.7845,69.3377,11.146,11.146,21.544,21.5,90.0498,22.51,76128824,338869378,4.451262481080754,41431558,8.179016053415129,1.8374598416019017,498502,152.71518268733124,679.7753629875106,94.9715,18.14793752903745,1837.4598416019016,152.71518268733124
Spain,2003,45.6859,566576,0.1907,8.0529,409000,10,78.21,79.34,3.578,88.8889,-34689000000,55.3174,15.837,4.992,21334.669,25481.1654,1.0944,42223.1302,25060.5154,31.8,94.0541,98,81,98,4.1,39.9,79.6195,80.8061,4,94.3511,13.4,0.38,5,4.5,5.5,60.9393,2.6,658428,0,100,99.8274,99.4221,78.10495,89.10915,15.2122,41.206,0.8,20.1,6,6,90.8608,28.2857,5.3778,2.937,87.5676,22.6984,8.9,1.0237,2195.1057,87.0647,0.9896,1.0286,1.0617,6,11.687,8.47,108.3524,68.5497,11.283,11.283,22.328,22.281,89.5522,24,79897616,342540544,4.28724361437768,42187645,8.119451654625424,1.8938629070193418,498502,160.27541714978074,687.1397587171165,96.17901,18.19625658551076,1893.8629070193417,160.27541714978074
Spain,2004,45.2207,594987.6,0.1935,8.2811,424000,10,80.598,81.94,4.073,89.1626,-57932000000,64.6971,18.986,7.8673,24698.252,25825.310700000002,1.3506,42793.3903,26163.3046,33.3,88.5572,97,97,97,3.9,44,79.8707,80.8061,5,94.4408,11.7,0.38,4.9,4.4,5.3,60.9178,2.5,659112.76,0,100,99.8345,99.4574,77.98495,89.13505,14.8305,41.7476,0.8,20.1,6,6,90.8641,36,5.4563,3.11,87.5622,19.1063,8,1.0409,2356.1841,85.0962,0.99,1.0321,1.068,6,11.767,8.46,107.0723,68.662,11.09,11.09,22.48,22.456,89.4231,25.25,83734765,344269394,4.1114272429139795,42921895,8.020833982283401,1.9508636559499528,498502,167.97277643820888,690.6078491159514,97.08661,18.24316481361645,1950.8636559499528,167.97277643820888
Spain,2005,45.036,613331.7,0.1948,8.4857,438000,10,83.326,84.99,3.875,88.7805,-64614980000,68.2474,21.483,11.4543,26251.002,26294.4474,1.8166,43570.7652,27629.7077,32.4,89.7059,96,96,97,3.8,47.9,80.1707,80.8061,5,95.2218,10.6,0.61,4.7,4.3,5.1,61.2409,2.4,629803,0,100,99.8416,99.4928,77.86495,89.09764999999999,14.459,53.3981,0.7,20.3,6,6,90.7063,36,5.5404,3.552,88.2353,15.9486,7.3,1.0996,2516.1982,85.6459,0.9867,1.0297,1.0655,6,12.96,8.01,104.8513,73.3601,9.146,9.146,19.642,19.63,84.1346,24.18,87559070,353392408,4.036045700348348,43653155,8.09546086645971,2.0057901885900344,498502,175.6443705341202,708.9087064846279,98.09465,18.287824220695132,2005.7901885900344,175.6443705341202
Spain,2006,45.0938,617000.7,0.1827,8.1429,430000,10,86.293,87.3,3.779,84.8781,-64614980000,75.7126,22.984,15.0778,28177.362,26899.0922,2.2995,44572.6816,30755.2988,33.5,77.0732,98,97,97,3.7,50.4,80.822,80.8061,4,95.3393,9.6,0.53,4.5,4.1,4.9,61.7046,2.3,659112.76,0,100,99.8487,99.5283,77.7449,89.01355,14.022,41.0628,0.8,19.7,6,6,90.5474,36,5.6447,4.046,84.8039,18.7094,8.5,1.177,2613.2407,87.0813,0.9858,1.0281,1.0637,6,11.118,7.52,103.8186,75.6179,8.452,8.452,17.886,17.892,85.5769,24.43,99890611,379275542,3.796908820589755,44397319,8.542757773279058,2.2499243929571513,498502,200.38156516924707,760.830532274695,99.40167,18.41958626522898,2249.924392957151,200.38156516924707
Spain,2007,44.9846,633531.7,0.1829,8.2846,442000,10,88.747,91.04,5.195,83.0097,-64614980000,89.7347,23.228,17.6986,32339.713,27338.7954,1.6346,45301.2843,32537.3435,34.1,80.0971,96,96,97,3.6,55.1,80.8732,80.8061,4,95.4316,8.7,0.42,4.4,4,4.7,61.8762,2.2,659112.76,0,100,99.8559,99.5641,77.6248,89.24225000000001,13.4906,38.678611000000004,0.4,19.8,6,6,90.4727,36.5714,5.7254,3.533,86.4078,20.1611,9,1.2405,2720.2219,86.1244,0.9887,1.0307,1.067,6,10.85,7.38,104.1122,75.758,8.232,8.232,18.087,18.089,87.0192,26.6,101781393,381912458,3.752281696517948,45226803,8.44438325653927,2.250466233485484,498502,204.17449278037,766.1202121556182,99.89399,18.438337875238673,2250.4662334854843,204.17449278037
Spain,2008,45.1988,602875.7,0.1662,7.466,407000,10,92.413,92.36,4.581,83.4951,-64614980000,99.7235,24.467,19.7598,35379.801,27112.5263,-0.8276,44926.349,33349.9426,34.2,78.6408,97,97,98,3.4,59.6,81.1756,80.8061,4,95.676,6.9,0.63,4.2,3.8,4.5,61.8795,2.2,434135,0,100,99.863,99.6001,77.5047,89.471,12.9747,38.678611000000004,0.5,20.4,6,6,90.4369,36.2857,6.1429,0.766,86.8932,20.6921,9.7,1.325,2850.3599,86.0577,0.9907,1.0286,1.0625,6,13.243,7.78,100.7473,66.9321,11.254,11.255,24.443,24.452,87.5,23.86,100147418,375693309,3.751402846951082,45954106,8.17540241126658,2.179292052814606,498502,200.89672258085224,753.6445370329507,100.52251,18.422153848401027,2179.292052814606,200.89672258085224
Spain,2009,45.8498,524843.6,0.1529,6.5521,367000,10,92.192,93.19,3.16,81.3397,-59448000000,80.5383,25.062,21.0155,32158.985,25860.8143,-4.6167,42852.2209,32201.4774,34.9,77.9904,96,96,98,3.3,62.4,81.4756,80.8061,4,95.7367,6,0.52,4,3.7,4.3,61.426,2.1,129557,0,100,99.8702,99.6036,77.38465,89.554,12.5844,38.678611000000004,0.8,20.7,6,6,90.4011,36.5714,6.8373,-3.768,84.689,26.078,12.2,1.3636,2876.5146,86.2559,0.9916,1.0221,1.0498,6,17.399,7.64,105.6034,48.1354,17.857,17.857,37.71,37.729,88.1517,23.47,93674522,348554453,3.7209098649043546,46362946,7.5179530869328275,2.0204609517264065,498502,187.91202843719785,699.2037203461571,100.83645,18.3553368105574,2020.4609517264064,187.91202843719785
Spain,2010,46.6577,520557.7,0.1465,6.253,353000,10,94.075,95.86,4.151,83.8095,-50852000000,90.1315,24.046,22.7418,30624.424,25766.2516,-0.3657,42695.5274,31808.218,35.2,78.4689,97,97,95,3.2,65.8,81.6268,81.5258,4,96.5794,5.4,0.49,3.8,3.5,4.1,61.2355,2.1,69406,0,100,99.8774,99.6065,77.2645,89.58715000000001,12.4299,38.678611000000004,0.7,20.6,6,6,90.365,36.5714,6.7886,0.094,84.2105,33.4906,14.4,1.36,2879.9976,85.782,0.9925,1.0106,1.0267,6,17.132,7.01,102.1106,42.6488,19.86,19.86,41.453,41.481,85.3081,23.78,98800631,364863944,3.6929313133637782,46576897,7.833582043904729,2.1212368655644878,498502,198.19505438293126,731.9207224845637,100.78205,18.40861455945877,2121.2368655644877,198.19505438293126
Spain,2011,47.444,502843,0.1484,6.2718,353000,10,96.944,98.11,4.669,83.4123,-38872000000,108.6006,28.093,23.7623,31767.697,25510.558,-0.9924,42271.8347,32015.5752,35.7,78.1991,97,97,97,3,67.1,82.4756,83.3159,4,96.8135,4.7,0.43,3.7,3.4,4,61.6169,2.1,60761,0,100,99.8847,99.6093,77.14435,89.94659999999999,13.42,48.3412,1.1,20.8,6,6,90.3288,36,6.737,-0.638,81.0427,30.5731,14.7,1.3334,2775.302,85.446,0.9924,1.0039,1.0141,6,17.582,7.1,97.8722,37.0328,21.39,21.391,46.158,46.191,83.0986,26.22,103083343,389858477,3.7819735531859884,46742697,8.340521664806804,2.205335798231754,498502,206.78621750765294,782.0600057773088,101.02091,18.45104838404491,2205.335798231754,206.78621750765294
Spain,2012,48.1844,481380.7,0.1497,6.1445,346000,10,99.306,101.06,3.842,83.4123,2075000000.0000002,104.5972,27.971,24.5107,28511.285,24763.5683,-2.9282,41034.0482,31869.784,35.4,81.5166,96,96,97,2.9,69.8,82.4268,85.106,4,96.8989,4.3,0.44,3.6,3.3,3.8,61.81,2.1,-135666.92,0,99.9862,99.8919,99.5983,77.02414999999999,90.30735,12.0395,42.654,0.9,20.4,6,6,90.2924,36,6.6027,-2.866,78.1991,30.4411,15.8,1.2988,2693.3997,83.0986,0.9937,1.0014,1.0079,6,16.836,7.74,96.5835,31.462007,24.005309999999973,24.005309999999973,49.91967999999999,49.932689999999994,82.1596,27.19,100409178,382670976,3.8111155137630943,46773055,8.181440703413536,2.146731232330238,498502,201.421815760017,767.6418068533326,100.95386,18.424764185345744,2146.731232330238,201.421815760017
Spain,2013,49.0823,451546.5,0.1377,5.5898,319000,10,100.825,101.37,3.191,79.6208,28348000000,112.5493,30.202,26.1459,29297.451,24490.2279,-1.1038,40581.1142,32602.6025,36.2,82.9384,96,95,95,2.9,71.6,83.078,86.8961,4,97.0577,4,0.51,3.5,3.2,3.7,61.8849,2,-135666.92,0,99.9566,99.8992,99.5717,77.80799999999999,90.6147,11.2506,46.9194,1.1,22.2,6,6,90.2559,36,6.4379,-1.428,79.1469,40.4695,16.9,1.2748,2623.647,82.1596,1.0112,1.0069,1.0027,6,17.903,8.5,96.8468,31.462007,24.005309999999973,24.005309999999973,49.91967999999999,49.932689999999994,78.4038,28.56,101673090,389211987,3.828072767336962,46620045,8.34859741126376,2.180887856285853,498502,203.95723587869256,780.7631403685442,101.24805,18.437273234071096,2180.887856285853,203.95723587869256
Spain,2014,49.9406,447320.8,0.1343,5.551,321000,10,100.633,100.22,2.813,73.0769,24574000000,114.9709,27.521,27.8359,29737.831,24937.0366,1.8244,41321.4909,33746.3205,36.1,85.0962,97,96,96,2.8,76.2,83.2293,88.6862,4,97.106,4.2,0.43,3.4,3.1,3.6,62.2259,2,-97870,0,99.9269,99.9061,99.5449,78.64185,90.84344999999999,10.5799,55.2381,0.8,22.1,6,6,90.2189,39.7143,6.3853,1.521,74.5192,40.9223,17.3,1.2416,2614.4465,80.2885,1.0132,1.0071,1.0009,6,15.749,8.6,96.5481,31.462007,24.005309999999973,24.005309999999973,49.91967999999999,49.932689999999994,76.8473,28.6,107545009,403963022,3.7562228666511155,46480882,8.690950012523428,2.3137471659853617,498502,215.73636414698436,810.3538641770746,100.84964,18.493420015576998,2313.747165985362,215.73636414698436
Spain,2015,50.4632,459316.1,0.1376,5.9227,333000,10,100,100.09,2.79,71.9048,24681000000,100,31.374,29.0099,25986.986,25969.8383,4.1416,43032.8773,35220.9762,36.2,84.7619,97,97,96,2.7,78.7,82.8317,88.9792,4,97.1297,4.2,0.34,3.3,3,3.6,62.398,1.9,-1979,0,99.9267,99.9125,99.5476,79.48134999999999,91.13624999999999,11.2555,55.7143,0.9,22.3,6,6,90.1812,41.1429,6.5072,4.062,75.7143,35.7116,16.3,1.2218,2622.533,78.0952,1.0155,1.0045,0.9938,6,14.603,7.97,100,34.5399,22.057,22.057,48.353,48.332,82.7586,30.16,114448411,422226376,3.6892288176897448,46444832,9.090922667133341,2.4641796745007065,498502,229.58465763427228,846.9903350437912,100,18.55563472921198,2464.1796745007064,229.58465763427228
Spain,2016,50.7969,487663.5,0.1296,5.7338,333000,10,99.663,101.5,2.932,68.0952,39103000000,102.7306,30.665,30.1986,26725.642,26704.3436,2.8283,44249.9768,37591.7432,35.8,83.3333,97,97,97,2.7,80.6,83.3293,89.0028,3,97.2715,4.1,0.39,3.3,3,3.6,62.371,1.9,106474,0,99.9265,99.9189,99.5504,80.3264,92.02785,10.3388,60,1.1,21.6,6,6,90.1435,39.1429,6.4037,2.915,81.4286,39.3498,16.7,1.1899,2712.7495,80.4762,1.0166,1.0102,1.0035,6,13.793,7.9,101.1469,40.6891,19.635,19.635,44.445,44.436,82.266,29.36,123541778,454957250,3.6826186037244826,46484062,9.787381533051049,2.657723371937676,498502,247.8260428243016,912.6487957921934,99.49184,18.632089948322616,2657.723371937676,247.8260428243016
Spain,2017,51.088,500277,0.1331,6.0458,333000,10,101.693,102.74,3.326,67.1429,36909000000,113.1991,26.362,31.2965,28326.416,27413.3288,2.6549,45424.7886,39806.442,34.7,80.4762,95,94,98,2.7,84.6,83.2829,90.7269,3,97.314059,4.2,0.37,3.2,2.9,3.5,62.6484,1.9,201135,0,99.9263,99.9198,99.5531,82.28684999999999,93.6802,10.4367,57.1429,0.7,21.5,6,6,90.1002,39.1429,6.3085,2.894,79.5238,32.8921,15.2,1.2098,2847.3655,81.9048,1.0166,1.0156,1.0136,6,12.151,8.12,99.6417,48.331,17.224,17.224,38.594,38.566,82.266,29.06,129392382,471199729,3.6416342424239474,46593236,10.11305007877109,2.77706364932455,498502,259.562412989316,945.2313711880795,99.9517,18.678360074310888,2777.06364932455,259.562412989316
Spain,2018,51.2128,463923.2,0.127,5.8791,333000,10,103.458,104,3.579,72.8571,26888000000,122.8432,34.644,32.2277,30526.94,27947.3178,1.9479,46309.6259,41001.3589,34.7,79.0476,96,96,98,2.7,86.1,83.352766,89.832,3,97.314059,4.1,0.35,3.2,2.9,3.5,62.4165,1.9,337467,0,99.9261,99.9196,99.5559,84.40225000000001,95.12190000000001,10.1846,56.6038,0.8,20.7,6,6,90.0555,39.1429,6.3197,2.394,80.4762,38.7587,16.9,1.2415,2984.2964,80.4762,1.0137,1.0169,1.0187,6,11.841,7.79,97.6647,54.1292,15.255,15.255,34.362,34.34,81.5534,28.76,130803657,466940717,3.5697833509349053,46797754,9.977844599123284,2.7950840760434783,498502,262.39344476050246,936.6877505004995,100.07309,18.689207962957177,2795.0840760434785,262.39344476050246
Spain,2019,51.1273,462101.2,0.1166,5.4678,333000,10,104.264,104.88,3.831,73.8095,29880000000,118.3312,30.497,32.922,29664.183,28291.6307,1.232,46880.1638,44027.4932,34.3,79.5238,95,95,98,2.6,90.7,83.352766,90.2218,3,97.314059,3.9,0.39,3.2,2.9,3.5,62.293,1.8,464783,0,99.9258,99.9194,99.5587,85.37275,95.38755,9.3535,58.0189,0.8,21,6,6,90.0108,44,6.4413,1.961,81.9048,37.7725,16.7,1.2502,3048.1526,80.9524,1.013,1.0218,1.0289,6,11.584,8.1,98.1871,56.9842,14.104,14.105,32.555,32.532,80.6763,26.83,135008823,469813551,3.4798729487479494,47134837,9.967437693695642,2.8643108068879077,498502,270.8290498333006,942.4506842500131,99.61966,18.7208506972296,2864.310806887908,270.8290498333006
Spain,2020,50.9642,462886.6,0.1112,4.6182,333000,10,103.913,104.28,2.914,75.7143,10167000000,109.2261,37.495,33.9528,27188.392,25073.721,-8.471642,41547.9814,39322.6743,34.9,77.619,94,94,96,2.6,93.2,82.2317,90.4282,4,97.314059,3.9,0.36,3.2,2.9,3.4,62.1538,1.8,236854,0,99.9256,99.9191,99.5615,86.2114,95.64035,9.5811,58.9623,0.9,21.7,6,6,89.9659,44,7.8527,-8.61561,73.8095,44.5277,19.3,1.4091,3051.6465,76.6667,1.0103,1.0207,1.0294,6,13.682,8.62,101.5483,56.9842,15.532,15.532,38.312,38.263,80.1932,28.5,45616973,144677028,3.1715613396794216,47365655,3.054471177480814,0.9630812241485945,498502,91.50810428042415,290.22356580314624,98.96127,17.635790442063772,963.0812241485945,91.50810428042415
Spain,2021,50.8789,462819.8,0.1132,5.0107,333000,10,107.038,111.13,6.251,75.7143,11303000000,135.6813,33.21,34.9302,30792.106,26721.1482,6.5703,44277.8225,44277.8225,33.9,78.0952,92,92,95,2.6,93.9,83.178,94.7044,4,97.314059,3.9,0.34,3.1,2.8,3.4,62.3266,1.8,144385,0,99.9254,99.9189,99.5643,86.73435,95.83494999999999,9.5811,61.7925,0.6,20.4,6,6,89.9656,43.4286,7.5984,6.685,73.8095,47.0149,19,1.4112,3229.6489,78.0952,1.0103,1.0207,1.0294,6,11.484,8.72,98.3911,56.9842,14.781,14.781,34.844,34.796,79.2271,29.19,80754714,259579759,3.214422367962321,47415794,5.4745420692522835,1.7031184587987707,498502,161.9947643138844,520.7195939033344,99.33662,18.206926908455284,1703.1184587987707,161.9947643138844
Spain,2022,51.0207,462819.8,0.1056,4.9304,333000,10,115.947,117.22,8.797,75,5072000000,135.6813,35.905,35.7846,30105.547,28168.367,5.416,46675.9119,50496.6018,33.9,77.8302,93,93,96,2.6,94.5,83.1341,90.9283,4,97.314059,3.9,0.34,3.1,2.8,3.4,61.9447,1.7,299779,0,99.9252,99.9186,99.5671,87.37540000000001,95.96495,9.5811,55.1887,0.6,20.2,6,6,89.9654,42.9799,7.2088,6.182,75.9434,47.0149,19,1.4353,3387.4966,77.8302,1.0103,1.0207,1.0294,6,9.052,8.72,98.3911,56.9842,12.917,12.917,29.852,29.761,80.1932,29.16,133044709,451624940,3.3945351408149573,47759127,9.456306435417046,2.7857441573419046,498502,266.8890174964193,905.9641485891732,99.01455,18.70619579510863,2785.7441573419046,266.8890174964193
Spain,2023,51.3142,462819.8,0.0949,4.4937,333000,10,119.889,121.06,6.027,71.6981,43022000000,135.6813,35.905,38.0836,33325.44,28569.8436,1.4253,47341.1718,53229.922,33.9,76.8868,93,93,96,2.6,95.4,83.352766,90.9283,3,97.314059,3.9,0.34,3.1,2.8,3.4,61.9447,1.7,119099,0,99.9252,99.9186,99.5671,87.37540000000001,95.96495,9.5811,54.9763,0.6,20.2,6,6,89.9654,44.2857,7.2088,2.673,74.5283,47.0149,19,1.4353,3387.4966,78.3019,1.0103,1.0207,1.0294,6,9.903,8.72,98.3911,56.9842,12.179,12.179,28.753,28.666,87.7451,27.35,144831332,484987485,3.348636502217628,48347910,10.031198556462938,2.995606883524024,498502,290.5331011711086,972.8897476840615,96.71218,18.791080402628904,2995.606883524024,290.5331011711086
Sweden,2000,55.5104,112236.8,0.1365,6.5353,70500,9,79.785,80.052,4.967,98.9362,10030000000,62.0734,27.409,2.8066,29596.993,41561.0967,4.4632,47875.0845,29629.8986,27,95.6284,99,29,91,3.4,45.7,79.6439,99.6764,5,91.9963,6.7,0.18,4.1,3.7,4.5,65.88,2.3,24900,0,99.4808,99.2071,99.3919,91.0347,95.7792,9.6953,94.1799,0,13.5,6,6,95.0213,42.6934,6.1894,4.631,89.6739,57.2573,39.8,3.559524999999999,5177.9893,97.0149,1.0256,1.090395,1.1405,6,19.078,14.87,108.3194,86.0513,5.466,5.466,9.29,9.476,98.5075,12.46,18013505,39809191,2.209963635616722,8872109,4.4870042737301805,2.030352084267675,447424,40.260479992132744,88.97419673508797,114.92898309999993,16.70663236783445,2030.3520842676753,40.260479992132744
Sweden,2001,55.0112,105791.6,0.1348,6.5262,71200,9,81.924,82.484,3.979,98.4099,11153000000,54.023,31.22,6.5985,27219.096,42013.7004,1.089,48396.448,29949.2154,26.5,97.0034,99,29,94,3.3,51.8,79.7951,99.6764,5,92.152,7,0.18,4,3.6,4.4,66.2656,2.3,28856,0,99.4932,99.1932,99.4043,91.0714,95.7938,9.4961,94.97355,0.2,13.5,6,6,95.0416,42.6934,6.4904,1.361,92.13425000000001,51.5679,37.4,3.559524999999999,5177.9893,96.76615,1.0255,1.090395,1.1405,6,10.417,15.95,108.3858,85.2654,4.73,4.73,11.668,11.671,98.5075,10.67,18652461,41194210,2.2085133967040598,8895960,4.6306649310473516,2.096733910674059,447424,41.68855716278072,92.06973698326419,106.576,16.74148870606531,2096.7339106740587,41.68855716278072
Sweden,2002,54.5213,106296.5,0.1349,6.654,71900,9,83.51,83.799,4.114,97.8836,11636000000,58.2039,32.138,9.4117,29904.825,42831.0189,1.9454,49337.934,30987.2675,26.2,98.3784,99,29,95,3.3,70.6,79.8463,99.6764,5,92.3123,6.3,0.13,4,3.6,4.4,66.8146,2.2,31364,0,99.5058,99.1774,99.4169,91.108,95.8063,9.2216,95.7672,0,13.5,6,6,95.0609,44.9857,6.7792,2.278,94.5946,48.509,35.9,3.559524999999999,5283.68555,96.5174,1.0273,1.090395,1.1405,6,10.215,15.57,108.2205,83.9943,4.965,4.965,12.924,12.929,98.5075,8.97,19222349,42895324,2.2315339295941405,8924958,4.806221385019403,2.1537747292480254,447424,42.96226621727936,95.87175475611501,107.27271,16.771584222502582,2153.7747292480253,42.96226621727936
Sweden,2003,54.0507,111574.1,0.133,6.6593,71900,9,85.446,85.401,3.578,97.3545,19378000000,72.9194,30.515,12.2231,37219.938,43474.5792,1.5026,50079.2644,31791.5778,25.3,98.3784,99,29,95,3.2,79.1,80.0951,99.6764,5,92.4405,6,0.23,3.9,3.5,4.2,66.9786,2.1,29161,0,99.5184,99.1616,99.4295,91.1447,95.8188,8.9195,96.4824,0.3,13.5,6,6,95.0801,45.2722,6.9141,1.881,94.0541,43.4068,34.6,3.559524999999999,5389.3818,98.0099,1.0256,1.090395,1.1405,6,9.852,14.49,107.3545,82.156,5.555,5.555,14.312,14.326,98.0099,10.67,19661566,44053559,2.2405925855549857,8958229,4.9176638596758355,2.1948050222873294,447424,43.943923437276496,98.46042903375769,108.57029,16.794176374491762,2194.8050222873294,43.943923437276496
Sweden,2004,53.6234,112232.1,0.1242,6.4562,70800,9,86.317,86.365,4.073,97.5369,22820000000,88.0329,31.589,15.6775,42673.53,45113.8309,3.7706,51967.5522,33809.3855,26.1,98.5075,99,29,96,3.1,83.9,80.4976,99.6764,5,92.4639,5.6,0.21,3.7,3.4,4.1,67.2973,2,25842,0,99.5309,99.1458,99.442,91.1814,95.8313,8.6377,96.6019,0.4,13.5,6,6,95.0993,45.2722,6.7225,4.18,95.5224,44.9731,35.5,3.3613,5434.9692,97.5962,0.9953,1.0136,1.0318,6,10.273,14.77,106.2046,77.4378,6.693,6.693,18.522,18.538,99.0385,11.67,20806061,42665991,2.0506520191399997,8993531,4.744075602786047,2.3134474101440246,447424,46.501888588900016,95.35919172865113,107.62582,16.85075494451818,2313.4474101440246,46.501888588900016
Sweden,2005,53.1107,111384.5,0.1135,6.0392,68300,9,87.038,87.318,3.875,97.561,23310000000,93.5286,29.131,27.9298,43291.52,46188.8411,2.3829,53205.8787,34198.3865,26.8,97.549,98,29,96,3,84.8,80.5463,99.6764,5,92.8957,5.3,0.18,3.6,3.3,3.9,67.7015,1.9,27030,0,99.5433,99.13,99.4544,91.218,95.8438,8.4243,94.6602,1.1,13.5,6,6,95.1185,45.2722,6.7076,2.793,92.6471,51.3158,39.3,3.3596,6103.3091,96.1722,0.997,0.9962,0.9955,6,14.543,15.73,104.0942,73.8172,7.81,7.81,22.829,22.84,96.6346,12.4,22565030,44940256,1.9915885775467614,9029572,4.977008434065313,2.499014349738836,447424,50.43321323844943,100.44221141467601,104.06899,16.93191196505129,2499.014349738836,50.43321323844943
Sweden,2006,52.566,114103.3,0.1096,6.0675,70000,9,88.343,88.544,3.779,98.5366,34141000000,105.5486,31.735,27.41,46364.062,48077.4409,4.0889,55381.3957,37679.7205,26.4,95.6098,98,29,97,2.8,87.8,80.7488,99.6764,5,92.9946,5.3,0.26,3.5,3.1,3.8,69.8046,1.8,51675,0,99.5561,99.1141,99.4672,91.2547,95.8563,8.2572,95.6522,0.4,13.5,6,6,95.1399,46.722042999999985,6.6316,4.676,92.1569,49.6464,40.1,3.475,6159.3486,97.6077,0.9976,0.9963,0.9954,6,9.355,15.19,102.127,74.7061,7.066,7.066,21.475,21.499,96.6346,10.97,21613354,47696546,2.206809086641527,9080505,5.252631434044693,2.3801929518237146,447424,48.30620172364468,106.6025649048777,103.65367,16.88882196863075,2380.192951823715,48.30620172364468
Sweden,2007,52.2802,115580.4,0.1018,5.7762,67800,9,89.827,90.574,5.195,98.5437,39549000000,120.5634,31.025,30.3915,53365.592,49261.2399,2.4623,56745.0383,40814.2916,27.1,98.5437,98,29,96,2.7,82,80.9,99.6764,5,93.0743,5.3,0.29,3.3,3,3.6,70.0169,1.8,54907,0,99.5692,99.0983,99.4803,91.2914,95.8688,8.0948,95.6522,0.4,13.5,6,6,95.1634,46.722042999999985,6.598,3.225,93.6893,52.0588,41.8,3.2338,5026.8979,98.0861,0.9972,0.9947,0.9928,6,7.54,14.64,103.4264,77.6103,6.161,6.161,19.26,19.267,98.5577,8.97,23089281,48605233,2.1050994615206946,9148092,5.313155245924506,2.5239449931198767,447424,51.60492284723215,108.63349529752539,102.87822,16.954879085134767,2523.944993119877,51.60492284723215
Sweden,2008,52.3738,113144.4,0.1005,5.6087,65500,9,92.834,92.988,4.581,97.5728,39902000000,130.9262,30.818,31.4844,55596.078,48427.7564,-1.692,55784.9313,41906.699,28.1,98.0583,98,29,96,2.6,90,81.1,99.6764,5,93.2721,4.8,0.24,3.2,2.9,3.5,69.874,1.7,56452,0,99.5821,99.0823,99.4932,91.328,95.8813,7.9559,90.3846,0.6,14.4,6,6,95.1868,46.722042999999985,6.7719,-0.923,95.1456,54.3532,43.2,3.47,5468.6968,99.0385,0.9948,0.9941,0.9936,6,7.872,15.06,101.5854,76.8066,6.235,6.235,20.206,20.211,98.5577,10.36,22456293,46540868,2.072508939921651,9219637,5.048015230968421,2.435702511931869,447424,50.19018425475611,104.01960556429695,98.42217,16.927081489207477,2435.702511931869,50.19018425475611
Sweden,2009,52.822,98961.87,0.0953,5.0458,60800,9,94.633,95.152,3.16,99.0431,25739000000,93.3992,31.13,31.672,46496.896,45973.5538,-5.0678,52957.8847,40073.1482,27.3,98.5646,98,29,97,2.6,91,81.3512,99.6764,5,93.3236,4.1,0.27,3.1,2.9,3.4,69.7606,1.6,63638,0,99.5949,99.0662,99.506,91.3647,95.8938,7.8589,87.2038,0.5,14.8,6,6,95.21,46.4183,7.2368,-4.256,95.6938,58.4596,45.7,3.3953,5110.7178,99.5261,0.9951,0.9934,0.9921,6,9.639,15.69,103.2075,70.3489,8.351,8.351,25.024,25.031,98.5782,11.4,22804713,47390976,2.078122009253087,9298515,5.096617685727237,2.452511288092776,447424,50.96890868616793,105.91961092833644,91.17013,16.942477826939893,2452.5112880927763,50.96890868616793
Sweden,2010,53.5668,110802.7,0.1015,5.6388,67100,9,96.431,96.842,4.151,99.0476,28956000000,113.2306,31.338,31.984,52333.874,48204.6581,4.853,55527.9398,41956.129,27.7,98.5646,98,29,97,2.5,90,81.4512,99.4105,5,94.34,3.0469999999999997,0.26,3.1,2.8,3.3,70.6506,1.6,51175,0,99.6075,99.0501,99.5267,91.4014,95.9063,7.8225,87.6777,0.5,15.4,6,6,95.2331,44.9857,6.8627,5.751,95.2153,55.3279,44.7,3.1679,5279.1743,99.5261,0.9948,0.9919,0.9897,6,7.786,14.61,102.7612,70.1921,8.61,8.61,24.761,24.783,98.1043,12.4,23431900,47900298,2.0442344837593196,9378126,5.107662021175659,2.498569543638036,447424,52.370681948219136,107.05795397654127,101.46844,16.969608942489316,2498.569543638036,52.370681948219136
Sweden,2011,54.5597,110687.5,0.0902,5.1285,62300,9,97.743,97.651,4.669,98.5782,31185000000,133.5228,33.523,32.0391,60165.568,49355.6899,2.3878,56853.8372,44332.5217,27.6,98.5782,98,29,97,2.5,92.8,81.8024,98.9516,5,94.525,3.4,0.17,3,2.7,3.3,71.0202,1.6,46049,0,99.6206,99.0338,99.5478,91.438,95.9188,7.9124,92.4171,0.6,15.2,6,6,95.26,44.6991,8.8,3.164,99.0521,55.9889,45.4,3.187,5172.4746,99.061,0.996,0.9926,0.9898,6,7.644,14.07,100.3477,72.7662,7.804,7.804,22.784,22.799,99.525189,10.4,23824238,48422673,2.0324961914836477,9449213,5.124519153076558,2.521293360621673,447424,53.2475638320698,108.2254706944643,105.78619,16.98621406575621,2521.293360621673,53.2475638320698
Sweden,2012,55.6782,108706.4,0.0855,4.8035,58900,9,98.659,98.601,3.842,99.0521,30214000000,123.0828,34.495,32.283,57529.127,48788.8671,-1.1484,56200.9023,45206.9864,27.6,98.5782,98,30,98,2.4,93.2,81.7049,101.2125,5,94.6568,3.5,0.17,3,2.7,3.2,71.0255,1.6,52879,0,99.6339,99.0173,99.5693,91.4747,95.9313,6.6091,90.0474,0.5,16,6,6,95.2905,44.6991,9.0408,-0.414,99.0521,59.0985,48.3,3.2302,5196.7178,99.061,0.9984,0.9923,0.9869,6,7.898,14.86,99.4818,71.914,7.976,7.976,23.609,23.636,99.525189,11.03,23874536,48585972,2.035054084401892,9519374,5.103904101257078,2.507994328198472,447424,53.35998068945788,108.59044664568731,108.11776,16.98832305147287,2507.994328198472,53.35998068945788
Sweden,2013,56.8429,107221.6,0.0813,4.5796,57900,9,99.095,98.85,3.191,98.5782,25315000000,119.6299,35.511,32.7855,60563.645,48927.5973,0.2843,56360.7084,46098.2321,28.8,97.1564,98,35,97,2.4,94.8,81.9561,99.6949,5,95.0503,3.1,0.14,2.9,2.7,3.2,70.9749,1.6,66760,0,99.6468,99.0007,99.5903,91.5113,95.9438,6.5622,90.0474,0.7,15.6,6,6,95.3205,44.9857,9.1623,1.138,99.0521,54.074,47.3,3.2604,6717.6191,99.061,1.040766,1.090395,1.1338,6,7.517,15.78,99.1417,71.8959,8.052,8.052,23.519,23.545,99.061,10.64,24607973,49710427,2.020094340968271,9600379,5.17796505742117,2.5632293266755406,447424,54.999224449291944,111.10362206765842,107.78768,17.01858109471998,2563.2293266755405,54.999224449291944
Sweden,2014,57.9349,102357.5,0.0773,4.4117,56400,9,99.302,99.156,2.813,97.5962,18992000000,117.5842,37.452,33.8414,59270.463,49556.7005,1.2858,57085.3854,46841.402,28.4,94.2308,97,42,97,2.4,92.5,82.2537,99.6703,5,95.1604,3.2,0.12,2.9,2.6,3.2,71.2977,1.6,77654,0,99.6594,98.9839,99.611,91.548,95.9563,6.7723,88.0952,0.5,16.3,6,6,95.3501,44.6991,9.1994,2.296,96.6346,55.8687,48.6,3.1018,6909.4644,97.5962,1.040766,1.090395,1.1352,6,7.254,14.84,99.3978,72.5534,7.954,7.954,22.822,22.879,99.5074,8.6,25852368,52280371,2.022266238821914,9696110,5.391891284236668,2.6662618307754347,447424,57.7804677442426,116.84748918252038,102.31093,17.067912798820227,2666.2618307754346,57.7804677442426
Sweden,2015,58.8361,102416.8,0.0742,4.3777,55600,9,100,100,2.79,98.0952,13041000000,100,39.795,35.6778,50928.576,51197.9529,3.3119,58975.9779,48785.1552,29.2,93.3333,98,53,98,2.3,90.6,82.2049,100.0645,5,95.4575,3.2,0.18,2.9,2.6,3.1,71.4661,1.6,80534,0,99.6717,98.9669,99.6314,91.5847,95.9688,6.3026,79.5238,0.6,16.2,6,6,95.3793,43.553,9.0713,4.41,97.1429,63.3043,51.705999999999996,3.219,6846.1343,99.0476,1.040766,1.090395,1.1405,6,6.809,15.15,100,75.1152,7.432,7.432,20.365,20.401,99.5074,9.64,28056573,55611847,1.9821325648004124,9799186,5.675149650185229,2.8631534292746355,447424,62.70690217780003,124.29339284437134,100,17.149733529674702,2863.1534292746355,62.70690217780003
Sweden,2016,59.4873,117967.6,0.0721,4.296,55600,9,101.14,101.416,2.932,98.0952,9647000000,99.4764,39.514,37.0822,51446.757,51746.697,1.0718,59608.0875,50289.7687,29.6,94.2857,98,67,97,2.3,89.7,82.3073,101.8434,5,96.3365,3.1,0.16,2.8,2.6,3.1,70.7109,1.5,119234,0,99.6836,98.949700000000007,99.6514,91.6213,95.9813,5.6978,87.1429,0.3,15.8,6,6,95.4081,43.553,9.1445,2.35,97.1429,57.2051,50.9,3.2474,7143.4429,99.0476,1.026,1.0713,1.1182,6,6.589,14.02,99.512,76.8067,6.99,6.99,18.896,18.935,99.5074,11.72,29074804,57234148,1.9685136312526819,9923085,5.7677776618864,2.9300166228546867,447424,64.98266521241597,127.91926226577027,99.7844,17.185382549553733,2930.016622854687,64.98266521241597
Sweden,2017,59.9438,120883.8,0.0695,4.1639,55600,9,103.029,103.213,3.326,98.0952,11066000000,109.2106,39.448,38.3266,52971.455,51985.9325,0.4623,59883.6678,51474.1199,28.8,94.2857,97,76,97,2.3,93,82.4098,104.8869,5,96.4571,3.0469999999999997,0.23,2.8,2.5,3,70.5993,1.5,102671,0,99.6952,98.9324,99.6711,91.658,95.9938,6.0618,80.4762,0.2,16.4,6,6,95.4365,43.553,9.1357,1.825,95.7143,57.8893,51.705999999999996,3.3628,7316.6475,98.0952,1.0135,1.0399,1.0661,6,6.273,14.47,97.7589,77.9156,6.718,6.718,17.875,17.916,99.5074,9.64,29873967,58683201,1.9643591693061722,10057698,5.8346553058165,2.97025890019764,447424,66.7688076634244,131.15791955728795,98.23947,17.21249802368624,2970.25890019764,66.7688076634244
Sweden,2018,60.3159,103818.1,0.0642,3.8749,55600,9,105.125,105.506,3.579,98.0952,12263000000,118.5289,39.03,38.7413,53890.765,52363.3829,0.7261,60318.4607,53122.4387,30,94.2857,97,92,97,2.2,89.2,82.5585,101.9055,5,96.5899,3.6,0.13,2.7,2.5,2.9,70.1426,1.5,87517,0,99.7065,98.9149,99.6905,91.6947,96.0063,6.2909,79.2453,0.7,17.1,6,6,95.4644,46.1318,9.2763,1.903,97.619,55.8097,51.6,3.3211,7425.6689,97.1429,1.0176,1.042,1.0658,6,6.174,14.63,97.1587,78.9679,6.365,6.365,17.4,17.435,98.0583,8.32,30736850,60856874,1.9799320359763606,10175214,5.980893767934512,3.0207571064353043,447424,68.69736536260906,136.0161144686025,92.5774,17.24097285100958,3020.757106435304,68.69736536260906
Sweden,2019,60.5841,102400,0.0622,3.8078,55600,10,106.935,107.32,3.831,98.0952,28335000000,114.678,41.902,39.2906,51528.899,53156.8613,1.5153,61232.4849,57046.4463,29.3,94.7619,98,97,97,2.2,94.5,83.1098,100.3148,4,96.6796,3.1,0.19,2.6,2.4,2.9,69.9454,1.5,72619,0,99.7174,98.8973,99.7096,91.7313,96.0188,6.0687,82.5472,0.3,16.1,6,6,95.4918,46.722042999999985,9.2209,2.55,96.6667,58.7483,51.705999999999996,3.3876,7685.8384,96.6667,1.0396,1.0541,1.0678,6,5.527,14.6,99.0893,77.1666,6.833,6.833,20.094,20.131,99.0338,7.49,31897702,63175281,1.9805590070406953,10278887,6.146120781364753,3.1032252811029055,447424,71.29188867830067,141.19779225075098,90.01722,17.278044558892905,3103.2252811029057,71.29188867830067
Sweden,2020,60.7611,102231.8,0.0613,3.6504,55600,10,107.642,107.762,2.914,98.0952,31834000000,111.0497,43.094,40.368,52522.605,51715.781,-2.711,59572.4748,57489.2657,28.9,94.7619,97,97,97,2.1,94.5,82.3561,100.0083,5,96.7229,3.1,0.1,2.6,2.4,2.8,69.7961,1.4,37302,0,99.7281,98.8795,99.7281,91.768,96.0313,5.6367,81.6038,0.4,15.7,6,6,95.5188,46.722042999999985,9.411266999999995,-2.005,95.2381,68.4807,51.705999999999996,3.4896,7754.644,96.6667,1.040766,1.0696,1.0849,6,6.517,13.36,99.0623,77.1666,8.291,8.291,23.895,23.946,97.1014,7.49,18686082,39804561,2.130171589742569,10353442,3.8445727517476795,1.8048183396400925,447424,41.76370065083679,88.96384860892576,91.21976,16.74328958015328,1804.8183396400925,41.76370065083679
Sweden,2021,60.893,102130.9,0.061,3.8289,55600,10,110.496,111.984,6.251,97.619,42616000000,135.5017,44.14,40.8351,60961.254,54458.3536,5.3032,62731.7006,62731.7006,29.8,95.2381,98,98,97,2.1,94.7,83.0561,100.318,5,96.7229,3.1,0.15,2.5,2.3,2.8,70.1403,1.4,51947,0,99.7384,98.8617,99.7384,91.8047,96.0438,5.6367,84.434,0.6,16,6,6,95.5452,46.722042999999985,9.411266999999995,5.938,96.6667,67.3919,51.705999999999996,3.4022,7977.868603999994,95.2381,1.040766,1.0696,1.0849,6,5.073,13.84,99.9299,77.1666,8.722,8.722,24.599,24.747,97.1014,8.11,23934830,50044620,2.090870083472496,10415811,4.80467819548569,2.2979324413624633,447424,53.494738771277355,111.85054892004005,94.17641,16.99084531999418,2297.932441362463,53.494738771277355
Sweden,2022,60.8511,102130.9,0.058246000000000006,3.4527,55600,10,119.399,123.451,8.797,97.6415,27259000000,135.5017,42.193,40.6093,55115.015,54878.292,0.7711,63215.4363,66375.6165,29.8,94.8113,94,94,92,2,95,83.0585,100.076,5,96.7229,3.1,0.15,2.5,2.3,2.7,69.8566,1.4,58955,0,99.7389,98.8608,99.7389,91.8047,96.0438,5.6367,79.2453,0.6,16.1,6,6,95.556,46.4183,9.0239,1.459,96.2264,67.3919,51.705999999999996,3.4082,7977.868603999994,93.8679,1.040766,1.0696,1.0849,6,4.958,13.84,99.9299,77.1666,7.392,7.392,21.607,21.737,96.6184,7.321,31873930,62925559,1.9742014555468999,10486941,6.000373130734692,3.0393925168454747,447424,71.2387578672579,140.63965947289373,88.98679,17.277299023625577,3039.392516845475,71.2387578672579
Sweden,2023,60.7361,102130.9,0.058246000000000006,3.359,55600,10,126.454,127.189,6.027,97.6415,40829000000,135.5017,42.193,40.734,55487.701,54449.7982,-0.7808,62721.8455,67198.02,29.8,94.8113,94,94,93,2,95.7,83.3098,100.076,4,96.7229,3.1,0.15,2.5,2.2,2.7,69.8566,1.4,55209,0,99.7389,98.8608,99.7389,91.8047,96.0438,5.6367,73.4597,0.6,16.1,6,6,95.556,46.4183,9.0239,-0.114,95.283,67.3919,51.705999999999996,3.4082,7977.868603999994,93.3962,1.040766,1.0696,1.0849,6,5.118,13.84,99.9299,77.1666,7.611,7.611,21.95,22.073,97.0588,7.321,32853276,63896119,1.944893379886986,10536632,6.064188158037597,3.118005449938842,447424,73.42761228722644,142.808877038335,82.33857,17.307562054388345,3118.005449938842,73.42761228722644
